<?xml version="1.0" encoding="UTF-8"?>
<teamworks>
    <process id="1.010558eb-dc27-472e-9499-fe83bcbca6c0" name="Mail pogodba uspesno podpisana SF">
        <lastModified>1746784633445</lastModified>
        <lastModifiedBy>bmihajlovic</lastModifiedBy>
        <tenantId isNull="true" />
        <processId>1.010558eb-dc27-472e-9499-fe83bcbca6c0</processId>
        <image isNull="true" />
        <tabGroup isNull="true" />
        <startingProcessItemId>2025.98651c50-b3f0-4f83-a78c-fae6d74a757e</startingProcessItemId>
        <isRootProcess>false</isRootProcess>
        <processType>12</processType>
        <isErrorHandlerEnabled>false</isErrorHandlerEnabled>
        <errorHandlerItemId isNull="true" />
        <isLoggingVariables>false</isLoggingVariables>
        <isTransactional>false</isTransactional>
        <processTimingLevel isNull="true" />
        <participantRef isNull="true" />
        <exposedType>0</exposedType>
        <isTrackingEnabled>true</isTrackingEnabled>
        <xmlData isNull="true" />
        <cachingType>false</cachingType>
        <itemLabel isNull="true" />
        <cacheLength>0</cacheLength>
        <mobileReady>false</mobileReady>
        <sboSyncEnabled>true</sboSyncEnabled>
        <externalId isNull="true" />
        <isSecured>true</isSecured>
        <isAjaxExposed>true</isAjaxExposed>
        <isInvokedAsynchronously>false</isInvokedAsynchronously>
        <isTransactionalFlow>false</isTransactionalFlow>
        <description>Servis za pripremu i slanje mejla o uspesno potpisanoj pogodbi.</description>
        <guid>e796d0e2-9732-463e-98ea-a93010981178</guid>
        <versionId>56e60c87-7f0a-41fd-a25a-057d6e21d1be</versionId>
        <dependencySummary>&lt;dependencySummary id="bpdid:f33f2642b8aa3fb6:703bad0b:196afcf4793:4ddc" /&gt;</dependencySummary>
        <jsonData>{"rootElement":[{"flowElement":[{"parallelMultiple":false,"outgoing":["2027.9442cfe0-557d-4575-a5ec-9df2799592d3"],"isInterrupting":false,"extensionElements":{"nodeVisualInfo":[{"color":"#F8F8F8","width":24,"x":25,"y":80,"declaredType":"TNodeVisualInfo","height":24}]},"name":"Start","declaredType":"startEvent","id":"c711c052-2327-4efe-80c5-bd63fbf98a35"},{"incoming":["2a54cf42-b30d-49c2-888e-614994e58780"],"extensionElements":{"nodeVisualInfo":[{"color":"#F8F8F8","width":24,"x":650,"y":80,"declaredType":"TNodeVisualInfo","height":24}],"endStateId":["guid:047fb0b9b0ebd8ea:7879ab60:181fb196e42:-302a"],"saveExecutionContext":[true]},"name":"End","declaredType":"endEvent","id":"2a0147b1-9718-48a8-8390-a1e85065803a"},{"targetRef":"98651c50-b3f0-4f83-a78c-fae6d74a757e","extensionElements":{"linkVisualInfo":[{"sourcePortLocation":"rightCenter","showCoachControlLabel":false,"labelPosition":0.0,"targetPortLocation":"leftCenter","declaredType":"TLinkVisualInfo","saveExecutionContext":false,"showLabel":false}]},"name":"To Priprava teksta mejla","declaredType":"sequenceFlow","id":"2027.9442cfe0-557d-4575-a5ec-9df2799592d3","sourceRef":"c711c052-2327-4efe-80c5-bd63fbf98a35"},{"startQuantity":1,"outgoing":["c5303c23-2f56-4ba9-a23b-a5ccab12bdb7"],"incoming":["2027.9442cfe0-557d-4575-a5ec-9df2799592d3"],"extensionElements":{"nodeVisualInfo":[{"width":95,"x":147,"y":57,"declaredType":"TNodeVisualInfo","height":70}]},"name":"Priprava teksta mejla","isForCompensation":false,"completionQuantity":1,"declaredType":"scriptTask","id":"98651c50-b3f0-4f83-a78c-fae6d74a757e","scriptFormat":"text\/x-javascript","script":{"content":["tw.local.naslovMejla =\r\n      \"Pogodbena dokumentacija za pogodbo \u0161tevilka \" + tw.local.vloga.pogodbaPodrobno.stevilkaPogodbe + \" je bila podpisana\";\r\ntw.local.tekstMejla =\r\n      \"Spo\u0161tovani!&lt;br&gt;&lt;br&gt; \\\r\nObve\u0161\u010damo vas, da je bila pogodbena dokumentacija za pogodbo \u0161tevilka \" +\r\n      tw.local.vloga.pogodbaPodrobno.stevilkaPogodbe +\r\n      \" za stranko \" +\r\n      tw.local.podatkiOStranki.stranka.nazivStranke +\r\n      \" z mati\u010dno \u0161tevilko \" +\r\n      tw.local.podatkiOStranki.stranka.maticnaStevilka +\r\n      \" podpisana z dnem \" +\r\n      tw.local.vloga.pomembniDatumi.datumPodpisaPogodbe.format(\"dd.MM.yyyy\") +\r\n      \". &lt;br&gt; \\\r\nNa\u010din podpisa: \" +\r\n      tw.local.vloga.podpisovanjePodatki.pogodbenaDokumentacijaPodatki.dejanskiNacinPodpisaDokumentacije.naziv +\r\n      \"&lt;br&gt; \\\r\nLep pozdrav!\";\r\n\r\ntw.local.za = \"\";\r\n\r\nvar ospfSkrbniki = tw.system.org.findTeamByName(\"OPPF skrbnik\").allUsers;\r\nfor (var i = 0; i &lt; ospfSkrbniki.length; i++) {\r\n      if (tw.local.za == \"\") {\r\n            tw.local.za = sidt.pridobiPodatkeZaposlenega(ospfSkrbniki[i].name, \"\").email.trim();\r\n      } else {\r\n            var email = sidt.pridobiPodatkeZaposlenega(ospfSkrbniki[i].name, \"\").email.trim();\r\n            if (tw.local.za.indexOf(email) == -1) {\r\n                  tw.local.za = tw.local.za + \",\" + email;\r\n            }\r\n      }\r\n}\r\n\r\nvar psoSkrbniki = tw.system.org.findTeamByName(\"P\u0160O skrbnik\").allUsers;\r\nfor (var i = 0; i &lt; psoSkrbniki.length; i++) {\r\n      if (tw.local.za == \"\") {\r\n            tw.local.za = sidt.pridobiPodatkeZaposlenega(psoSkrbniki[i].name, \"\").email.trim();\r\n      } else {\r\n            var email = sidt.pridobiPodatkeZaposlenega(psoSkrbniki[i].name, \"\").email.trim();\r\n            if (tw.local.za.indexOf(email) == -1) {\r\n                  tw.local.za = tw.local.za + \",\" + email;\r\n            }\r\n      }\r\n}\r\n"]}},{"targetRef":"c185a94d-ef5d-492c-ae62-d4d9be1d49e1","extensionElements":{"sequenceFlowImplementation":[{"fireValidation":"Never","sboSyncEnabled":true,"declaredType":"com.ibm.bpmsdk.model.bpmn20.ibmext.TSequenceFlowImplementation"}],"linkVisualInfo":[{"sourcePortLocation":"rightCenter","showCoachControlLabel":false,"labelPosition":0.0,"targetPortLocation":"leftCenter","declaredType":"TLinkVisualInfo","saveExecutionContext":true,"showLabel":false}]},"name":"To Poslji Email","declaredType":"sequenceFlow","id":"c5303c23-2f56-4ba9-a23b-a5ccab12bdb7","sourceRef":"98651c50-b3f0-4f83-a78c-fae6d74a757e"},{"itemSubjectRef":"itm.12.db884a3c-c533-44b7-bb2d-47bec8ad4022","name":"naslovMejla","isCollection":false,"declaredType":"dataObject","id":"2056.d7f3f92e-3fd9-45eb-87eb-f0508f0b3079"},{"itemSubjectRef":"itm.12.db884a3c-c533-44b7-bb2d-47bec8ad4022","name":"tekstMejla","isCollection":false,"declaredType":"dataObject","id":"2056.187344de-a814-4eba-ae63-cd1328bd09d4"},{"startQuantity":1,"outgoing":["2a54cf42-b30d-49c2-888e-614994e58780"],"incoming":["c5303c23-2f56-4ba9-a23b-a5ccab12bdb7"],"extensionElements":{"nodeVisualInfo":[{"width":95,"x":370,"y":57,"declaredType":"TNodeVisualInfo","height":70}],"activityType":["CalledProcess"]},"name":"Poslji Email","dataInputAssociation":[{"targetRef":"2055.51fca2c0-8a77-45f5-9e68-542b26e07ea3","assignment":[{"from":{"evaluatesToTypeRef":"itm.12.c09c9b6e-aabd-4897-bef2-ed61db106297","declaredType":"TFormalExpression","content":["tw.env.MAIL_NOTIFIKACIJA_FROM"]}}]},{"targetRef":"2055.bb90bf7b-d066-47c7-96fd-1b8984a5246d","assignment":[{"from":{"evaluatesToTypeRef":"itm.12.db884a3c-c533-44b7-bb2d-47bec8ad4022","declaredType":"TFormalExpression","content":["tw.local.naslovMejla"]}}]},{"targetRef":"2055.e8912baa-d516-4758-be53-20c3d6c61326","assignment":[{"from":{"evaluatesToTypeRef":"itm.12.db884a3c-c533-44b7-bb2d-47bec8ad4022","declaredType":"TFormalExpression","content":["tw.local.tekstMejla"]}}]},{"targetRef":"2055.941ed838-3fbe-42f5-b8b4-57064fc0f743","assignment":[{"from":{"evaluatesToTypeRef":"itm.12.c09c9b6e-aabd-4897-bef2-ed61db106297","declaredType":"TFormalExpression","content":["tw.env.MAIL_SMTP_HOST"]}}]},{"targetRef":"2055.50e8c0fd-6bc1-4da9-9cb2-d084644dd6de","assignment":[{"from":{"evaluatesToTypeRef":"itm.12.c09c9b6e-aabd-4897-bef2-ed61db106297","declaredType":"TFormalExpression","content":["null"]}}]},{"targetRef":"2055.7190c535-7820-4319-9b19-3bd1bfb74112","assignment":[{"from":{"evaluatesToTypeRef":"itm.12.c09c9b6e-aabd-4897-bef2-ed61db106297","declaredType":"TFormalExpression","content":["null"]}}]},{"targetRef":"2055.406ae771-5c04-4a03-9860-7a5d51f80757","assignment":[{"from":{"evaluatesToTypeRef":"itm.12.c09c9b6e-aabd-4897-bef2-ed61db106297","declaredType":"TFormalExpression","content":["null"]}}]},{"targetRef":"2055.39892d28-b0cb-4907-a4cc-ceae9d67bd8f","assignment":[{"from":{"evaluatesToTypeRef":"itm.12.c09c9b6e-aabd-4897-bef2-ed61db106297","declaredType":"TFormalExpression","content":["null"]}}]},{"targetRef":"2055.5309394e-b0d6-44c1-83be-be3b5b9ba8b1","assignment":[{"from":{"evaluatesToTypeRef":"itm.12.c09c9b6e-aabd-4897-bef2-ed61db106297","declaredType":"TFormalExpression","content":["null"]}}]},{"targetRef":"2055.3e811662-d427-4537-b2f6-fa9907d9677c","assignment":[{"from":{"evaluatesToTypeRef":"itm.12.c09c9b6e-aabd-4897-bef2-ed61db106297","declaredType":"TFormalExpression","content":["tw.env.MAIL_NOTIFIKACIJA_CONTENT_TYPE"]}}]},{"targetRef":"2055.e4a8f4de-e03d-4a22-aac3-ced21eeb6f26","assignment":[{"from":{"evaluatesToTypeRef":"itm.12.db884a3c-c533-44b7-bb2d-47bec8ad4022","declaredType":"TFormalExpression","content":["tw.local.za"]}}]}],"isForCompensation":false,"completionQuantity":1,"declaredType":"callActivity","id":"c185a94d-ef5d-492c-ae62-d4d9be1d49e1","calledElement":"1.13cc4635-1e1b-4165-9afa-6f411d4b4f62"},{"targetRef":"2a0147b1-9718-48a8-8390-a1e85065803a","extensionElements":{"sequenceFlowImplementation":[{"fireValidation":"Never","sboSyncEnabled":true,"declaredType":"com.ibm.bpmsdk.model.bpmn20.ibmext.TSequenceFlowImplementation"}],"endStateId":["guid:6d7d6833d25d646c:143c423:11226a15f86:-7d8b"],"linkVisualInfo":[{"sourcePortLocation":"rightCenter","showCoachControlLabel":false,"labelPosition":0.0,"targetPortLocation":"leftCenter","declaredType":"TLinkVisualInfo","saveExecutionContext":true,"showLabel":false}]},"name":"To End","declaredType":"sequenceFlow","id":"2a54cf42-b30d-49c2-888e-614994e58780","sourceRef":"c185a94d-ef5d-492c-ae62-d4d9be1d49e1"},{"itemSubjectRef":"itm.12.db884a3c-c533-44b7-bb2d-47bec8ad4022","name":"za","isCollection":false,"declaredType":"dataObject","id":"2056.afb4911f-776d-4502-8597-d9da8d40c39f"}],"laneSet":[{"id":"87073cd0-b400-43c2-b425-86425079bacc","lane":[{"flowNodeRef":["c711c052-2327-4efe-80c5-bd63fbf98a35","2a0147b1-9718-48a8-8390-a1e85065803a","98651c50-b3f0-4f83-a78c-fae6d74a757e","c185a94d-ef5d-492c-ae62-d4d9be1d49e1"],"extensionElements":{"nodeVisualInfo":[{"color":"#F8F8F8","width":3000,"x":0,"y":0,"declaredType":"TNodeVisualInfo","height":500}]},"name":"System","partitionElementRef":"24.6fd38d02-81cf-48ab-bd42-8ff4c0a1628b","declaredType":"lane","id":"1b2b2e1c-91e8-4035-9eb3-a4b277aea0fe","otherAttributes":{"{http:\/\/www.ibm.com\/xmlns\/prod\/bpm\/bpmn\/ext\/process\/wle}isSystemLane":"true"}}]}],"isClosed":false,"extensionElements":{"isSecured":[true],"isAjaxExposed":[true],"sboSyncEnabled":[true]},"documentation":[{"content":["Servis za pripremu i slanje mejla o uspesno potpisanoj pogodbi."],"textFormat":"text\/plain"}],"name":"Mail pogodba uspesno podpisana SF","declaredType":"process","id":"1.010558eb-dc27-472e-9499-fe83bcbca6c0","processType":"None","otherAttributes":{"{http:\/\/www.ibm.com\/xmlns\/prod\/bpm\/bpmn\/ext\/process}executionMode":"microflow"},"ioSpecification":{"inputSet":[{"dataInputRefs":["2055.19a35fd7-08f8-49ed-8b6c-99f42445d58f","2055.01293e1c-55a4-4e61-8afb-145c62d5f29b"]}],"outputSet":[{}],"dataInput":[{"extensionElements":{"defaultValue":[{"declaredType":"com.ibm.bpmsdk.model.bpmn20.ibmext.TDefaultValue","useDefault":false,"value":""}]},"itemSubjectRef":"itm.12.db8cb755-8799-4ec7-865f-c093978743a7","name":"podatkiOStranki","isCollection":false,"id":"2055.19a35fd7-08f8-49ed-8b6c-99f42445d58f"},{"extensionElements":{"defaultValue":[{"declaredType":"com.ibm.bpmsdk.model.bpmn20.ibmext.TDefaultValue","useDefault":false,"value":""}]},"itemSubjectRef":"itm.12.634308ba-40cc-42ae-949e-a44fe1af365e","name":"vloga","isCollection":false,"id":"2055.01293e1c-55a4-4e61-8afb-145c62d5f29b"}]}}],"targetNamespace":"","typeLanguage":"http:\/\/www.w3.org\/2001\/XMLSchema","expressionLanguage":"http:\/\/www.ibm.com\/xmlns\/prod\/bpm\/expression-lang\/javascript"}</jsonData>
        <field1 isNull="true" />
        <field2 isNull="true" />
        <field3>0</field3>
        <field4 isNull="true" />
        <field5>false</field5>
        <clobField1 isNull="true" />
        <blobField1 isNull="true" />
        <processParameter name="podatkiOStranki">
            <lastModified isNull="true" />
            <lastModifiedBy isNull="true" />
            <tenantId isNull="true" />
            <processParameterId>2055.19a35fd7-08f8-49ed-8b6c-99f42445d58f</processParameterId>
            <processId>1.010558eb-dc27-472e-9499-fe83bcbca6c0</processId>
            <parameterType>1</parameterType>
            <isArrayOf>false</isArrayOf>
            <classId>/12.db8cb755-8799-4ec7-865f-c093978743a7</classId>
            <seq>1</seq>
            <hasDefault>false</hasDefault>
            <defaultValue isNull="true" />
            <isLocked>false</isLocked>
            <description isNull="true" />
            <guid>c73002c4-0b6f-4af9-9e78-acaa5f898622</guid>
            <versionId>885de131-3872-4df9-8681-55b92662f7d4</versionId>
        </processParameter>
        <processParameter name="vloga">
            <lastModified isNull="true" />
            <lastModifiedBy isNull="true" />
            <tenantId isNull="true" />
            <processParameterId>2055.01293e1c-55a4-4e61-8afb-145c62d5f29b</processParameterId>
            <processId>1.010558eb-dc27-472e-9499-fe83bcbca6c0</processId>
            <parameterType>1</parameterType>
            <isArrayOf>false</isArrayOf>
            <classId>/12.634308ba-40cc-42ae-949e-a44fe1af365e</classId>
            <seq>2</seq>
            <hasDefault>false</hasDefault>
            <defaultValue isNull="true" />
            <isLocked>false</isLocked>
            <description isNull="true" />
            <guid>4f83d58e-c5f6-4f2c-9414-ac3ab238a9b8</guid>
            <versionId>b6b16bba-a129-4c10-96f4-bb46b0fe78c5</versionId>
        </processParameter>
        <processVariable name="naslovMejla">
            <lastModified isNull="true" />
            <lastModifiedBy isNull="true" />
            <tenantId isNull="true" />
            <processVariableId>2056.d7f3f92e-3fd9-45eb-87eb-f0508f0b3079</processVariableId>
            <description isNull="true" />
            <processId>1.010558eb-dc27-472e-9499-fe83bcbca6c0</processId>
            <namespace>2</namespace>
            <seq>1</seq>
            <isArrayOf>false</isArrayOf>
            <isTransient>false</isTransient>
            <classId>34b0d65f-7524-4bdf-81fb-fcf6680322a1/12.db884a3c-c533-44b7-bb2d-47bec8ad4022</classId>
            <hasDefault>false</hasDefault>
            <defaultValue isNull="true" />
            <guid>592579b3-0999-4b15-8d36-2d79100d2c52</guid>
            <versionId>2a6d6a51-a627-49b4-a9f7-58659c23751a</versionId>
        </processVariable>
        <processVariable name="tekstMejla">
            <lastModified isNull="true" />
            <lastModifiedBy isNull="true" />
            <tenantId isNull="true" />
            <processVariableId>2056.187344de-a814-4eba-ae63-cd1328bd09d4</processVariableId>
            <description isNull="true" />
            <processId>1.010558eb-dc27-472e-9499-fe83bcbca6c0</processId>
            <namespace>2</namespace>
            <seq>2</seq>
            <isArrayOf>false</isArrayOf>
            <isTransient>false</isTransient>
            <classId>34b0d65f-7524-4bdf-81fb-fcf6680322a1/12.db884a3c-c533-44b7-bb2d-47bec8ad4022</classId>
            <hasDefault>false</hasDefault>
            <defaultValue isNull="true" />
            <guid>e6319284-24e7-4050-9d35-439b4f4cc2cb</guid>
            <versionId>d571b071-73c7-43e1-964f-a88e397acf36</versionId>
        </processVariable>
        <processVariable name="za">
            <lastModified isNull="true" />
            <lastModifiedBy isNull="true" />
            <tenantId isNull="true" />
            <processVariableId>2056.afb4911f-776d-4502-8597-d9da8d40c39f</processVariableId>
            <description isNull="true" />
            <processId>1.010558eb-dc27-472e-9499-fe83bcbca6c0</processId>
            <namespace>2</namespace>
            <seq>3</seq>
            <isArrayOf>false</isArrayOf>
            <isTransient>false</isTransient>
            <classId>34b0d65f-7524-4bdf-81fb-fcf6680322a1/12.db884a3c-c533-44b7-bb2d-47bec8ad4022</classId>
            <hasDefault>false</hasDefault>
            <defaultValue isNull="true" />
            <guid>ffe8f079-5b6e-475f-a1b0-61939656e4bb</guid>
            <versionId>60413ea1-e7b9-4a31-ac21-64f228282b71</versionId>
        </processVariable>
        <item>
            <lastModified isNull="true" />
            <lastModifiedBy isNull="true" />
            <tenantId isNull="true" />
            <processItemId>2025.2a0147b1-9718-48a8-8390-a1e85065803a</processItemId>
            <processId>1.010558eb-dc27-472e-9499-fe83bcbca6c0</processId>
            <name>End</name>
            <tWComponentName>ExitPoint</tWComponentName>
            <tWComponentId>3008.165a92c2-a1f2-4166-9b25-2b4179040e00</tWComponentId>
            <isLogEnabled>false</isLogEnabled>
            <isTraceEnabled>false</isTraceEnabled>
            <traceCategory isNull="true" />
            <traceLevel isNull="true" />
            <traceMessage isNull="true" />
            <traceSymbolTable isNull="true" />
            <isExecutionContextTraced>false</isExecutionContextTraced>
            <saveExecutionContext>true</saveExecutionContext>
            <documentation isNull="true" />
            <isErrorHandlerEnabled>false</isErrorHandlerEnabled>
            <errorHandlerItemId isNull="true" />
            <guid>guid:047fb0b9b0ebd8ea:7879ab60:181fb196e42:-302a</guid>
            <versionId>2a5511e8-ac11-4b7d-994a-5f9cdc36a251</versionId>
            <externalServiceRef isNull="true" />
            <externalServiceOp isNull="true" />
            <nodeColor isNull="true" />
            <layoutData x="650" y="80">
                <errorLink>
                    <controlPoints />
                    <showEndState>false</showEndState>
                    <showName>false</showName>
                </errorLink>
            </layoutData>
            <TWComponent>
                <lastModified isNull="true" />
                <lastModifiedBy isNull="true" />
                <tenantId isNull="true" />
                <exitPointId>3008.165a92c2-a1f2-4166-9b25-2b4179040e00</exitPointId>
                <haltProcess>false</haltProcess>
                <guid>5da4bd5a-0f8f-4838-bb9c-78220c8e4666</guid>
                <versionId>f1d162cb-373e-491a-99bd-51f03fe2eed8</versionId>
            </TWComponent>
        </item>
        <item>
            <lastModified isNull="true" />
            <lastModifiedBy isNull="true" />
            <tenantId isNull="true" />
            <processItemId>2025.98651c50-b3f0-4f83-a78c-fae6d74a757e</processItemId>
            <processId>1.010558eb-dc27-472e-9499-fe83bcbca6c0</processId>
            <name>Priprava teksta mejla</name>
            <tWComponentName>Script</tWComponentName>
            <tWComponentId>3011.e3ff6e88-8fc7-43b9-8a45-35ae0d758315</tWComponentId>
            <isLogEnabled>false</isLogEnabled>
            <isTraceEnabled>false</isTraceEnabled>
            <traceCategory isNull="true" />
            <traceLevel isNull="true" />
            <traceMessage isNull="true" />
            <traceSymbolTable isNull="true" />
            <isExecutionContextTraced>false</isExecutionContextTraced>
            <saveExecutionContext>false</saveExecutionContext>
            <documentation isNull="true" />
            <isErrorHandlerEnabled>false</isErrorHandlerEnabled>
            <errorHandlerItemId isNull="true" />
            <guid>guid:047fb0b9b0ebd8ea:7879ab60:181fb196e42:-3028</guid>
            <versionId>2aedce5a-6062-4b8b-8e71-d4a52b78fde5</versionId>
            <externalServiceRef isNull="true" />
            <externalServiceOp isNull="true" />
            <nodeColor isNull="true" />
            <layoutData x="147" y="57">
                <errorLink>
                    <controlPoints />
                    <showEndState>false</showEndState>
                    <showName>false</showName>
                </errorLink>
            </layoutData>
            <TWComponent>
                <lastModified isNull="true" />
                <lastModifiedBy isNull="true" />
                <tenantId isNull="true" />
                <scriptId>3011.e3ff6e88-8fc7-43b9-8a45-35ae0d758315</scriptId>
                <scriptTypeId>2</scriptTypeId>
                <isActive>true</isActive>
                <script>tw.local.naslovMejla =&#xD;
      "Pogodbena dokumentacija za pogodbo številka " + tw.local.vloga.pogodbaPodrobno.stevilkaPogodbe + " je bila podpisana";&#xD;
tw.local.tekstMejla =&#xD;
      "Spoštovani!&lt;br&gt;&lt;br&gt; \&#xD;
Obveščamo vas, da je bila pogodbena dokumentacija za pogodbo številka " +&#xD;
      tw.local.vloga.pogodbaPodrobno.stevilkaPogodbe +&#xD;
      " za stranko " +&#xD;
      tw.local.podatkiOStranki.stranka.nazivStranke +&#xD;
      " z matično številko " +&#xD;
      tw.local.podatkiOStranki.stranka.maticnaStevilka +&#xD;
      " podpisana z dnem " +&#xD;
      tw.local.vloga.pomembniDatumi.datumPodpisaPogodbe.format("dd.MM.yyyy") +&#xD;
      ". &lt;br&gt; \&#xD;
Način podpisa: " +&#xD;
      tw.local.vloga.podpisovanjePodatki.pogodbenaDokumentacijaPodatki.dejanskiNacinPodpisaDokumentacije.naziv +&#xD;
      "&lt;br&gt; \&#xD;
Lep pozdrav!";&#xD;
&#xD;
tw.local.za = "";&#xD;
&#xD;
var ospfSkrbniki = tw.system.org.findTeamByName("OPPF skrbnik").allUsers;&#xD;
for (var i = 0; i &lt; ospfSkrbniki.length; i++) {&#xD;
      if (tw.local.za == "") {&#xD;
            tw.local.za = sidt.pridobiPodatkeZaposlenega(ospfSkrbniki[i].name, "").email.trim();&#xD;
      } else {&#xD;
            var email = sidt.pridobiPodatkeZaposlenega(ospfSkrbniki[i].name, "").email.trim();&#xD;
            if (tw.local.za.indexOf(email) == -1) {&#xD;
                  tw.local.za = tw.local.za + "," + email;&#xD;
            }&#xD;
      }&#xD;
}&#xD;
&#xD;
var psoSkrbniki = tw.system.org.findTeamByName("PŠO skrbnik").allUsers;&#xD;
for (var i = 0; i &lt; psoSkrbniki.length; i++) {&#xD;
      if (tw.local.za == "") {&#xD;
            tw.local.za = sidt.pridobiPodatkeZaposlenega(psoSkrbniki[i].name, "").email.trim();&#xD;
      } else {&#xD;
            var email = sidt.pridobiPodatkeZaposlenega(psoSkrbniki[i].name, "").email.trim();&#xD;
            if (tw.local.za.indexOf(email) == -1) {&#xD;
                  tw.local.za = tw.local.za + "," + email;&#xD;
            }&#xD;
      }&#xD;
}&#xD;
</script>
                <isRule>false</isRule>
                <guid>07ef4edf-7bb4-4e4e-8308-b757864ba583</guid>
                <versionId>9ea52df5-8d53-440a-a109-a46d9b219edd</versionId>
            </TWComponent>
        </item>
        <item>
            <lastModified isNull="true" />
            <lastModifiedBy isNull="true" />
            <tenantId isNull="true" />
            <processItemId>2025.c185a94d-ef5d-492c-ae62-d4d9be1d49e1</processItemId>
            <processId>1.010558eb-dc27-472e-9499-fe83bcbca6c0</processId>
            <name>Poslji Email</name>
            <tWComponentName>SubProcess</tWComponentName>
            <tWComponentId>3012.679ea9ce-7525-4183-b5d6-47f0033dc241</tWComponentId>
            <isLogEnabled>false</isLogEnabled>
            <isTraceEnabled>false</isTraceEnabled>
            <traceCategory isNull="true" />
            <traceLevel isNull="true" />
            <traceMessage isNull="true" />
            <traceSymbolTable isNull="true" />
            <isExecutionContextTraced>false</isExecutionContextTraced>
            <saveExecutionContext>false</saveExecutionContext>
            <documentation isNull="true" />
            <isErrorHandlerEnabled>false</isErrorHandlerEnabled>
            <errorHandlerItemId isNull="true" />
            <guid>guid:047fb0b9b0ebd8ea:7879ab60:181fb196e42:-3029</guid>
            <versionId>4ed3760d-0b13-4113-a9e4-c44627e4f1c6</versionId>
            <externalServiceRef isNull="true" />
            <externalServiceOp isNull="true" />
            <nodeColor isNull="true" />
            <layoutData x="370" y="57">
                <errorLink>
                    <controlPoints />
                    <showEndState>false</showEndState>
                    <showName>false</showName>
                </errorLink>
            </layoutData>
            <TWComponent>
                <lastModified isNull="true" />
                <lastModifiedBy isNull="true" />
                <tenantId isNull="true" />
                <subProcessId>3012.679ea9ce-7525-4183-b5d6-47f0033dc241</subProcessId>
                <attachedProcessRef>34b0d65f-7524-4bdf-81fb-fcf6680322a1/1.13cc4635-1e1b-4165-9afa-6f411d4b4f62</attachedProcessRef>
                <guid>63250fe6-fee4-4bee-98a0-a37ecb418d8f</guid>
                <versionId>e47f76e9-0a93-4a23-ad84-d18cc3a8f760</versionId>
                <parameterMapping name="to">
                    <lastModified isNull="true" />
                    <lastModifiedBy isNull="true" />
                    <tenantId isNull="true" />
                    <parameterMappingId>2054.afcce508-0881-405f-a290-298f025b67d8</parameterMappingId>
                    <processParameterId>2055.e4a8f4de-e03d-4a22-aac3-ced21eeb6f26</processParameterId>
                    <parameterMappingParentId>3012.679ea9ce-7525-4183-b5d6-47f0033dc241</parameterMappingParentId>
                    <useDefault>false</useDefault>
                    <value>tw.local.za</value>
                    <classRef>/12.db884a3c-c533-44b7-bb2d-47bec8ad4022</classRef>
                    <isList>false</isList>
                    <isInput>true</isInput>
                    <mappingMode isNull="true" />
                    <sourcePath isNull="true" />
                    <targetPath isNull="true" />
                    <guid>697072b4-b1b5-4c14-8f51-aa01322d3990</guid>
                    <versionId>18327762-4494-4d27-afc1-b286c801035c</versionId>
                    <description isNull="true" />
                </parameterMapping>
                <parameterMapping name="importance">
                    <lastModified isNull="true" />
                    <lastModifiedBy isNull="true" />
                    <tenantId isNull="true" />
                    <parameterMappingId>2054.3c425985-523c-45ae-a4b8-dd01f6c7ab64</parameterMappingId>
                    <processParameterId>2055.39892d28-b0cb-4907-a4cc-ceae9d67bd8f</processParameterId>
                    <parameterMappingParentId>3012.679ea9ce-7525-4183-b5d6-47f0033dc241</parameterMappingParentId>
                    <useDefault>false</useDefault>
                    <value>null</value>
                    <classRef>/12.db884a3c-c533-44b7-bb2d-47bec8ad4022</classRef>
                    <isList>false</isList>
                    <isInput>true</isInput>
                    <mappingMode isNull="true" />
                    <sourcePath isNull="true" />
                    <targetPath isNull="true" />
                    <guid>37575886-224e-437d-8f0a-4f2daf2dbb91</guid>
                    <versionId>5a007b01-5f46-4d38-b27d-325e80a89593</versionId>
                    <description isNull="true" />
                </parameterMapping>
                <parameterMapping name="contentType">
                    <lastModified isNull="true" />
                    <lastModifiedBy isNull="true" />
                    <tenantId isNull="true" />
                    <parameterMappingId>2054.a21b4487-8505-4b9f-82ef-2707ef924380</parameterMappingId>
                    <processParameterId>2055.3e811662-d427-4537-b2f6-fa9907d9677c</processParameterId>
                    <parameterMappingParentId>3012.679ea9ce-7525-4183-b5d6-47f0033dc241</parameterMappingParentId>
                    <useDefault>false</useDefault>
                    <value>tw.env.MAIL_NOTIFIKACIJA_CONTENT_TYPE</value>
                    <classRef>/12.db884a3c-c533-44b7-bb2d-47bec8ad4022</classRef>
                    <isList>false</isList>
                    <isInput>true</isInput>
                    <mappingMode isNull="true" />
                    <sourcePath isNull="true" />
                    <targetPath isNull="true" />
                    <guid>9edd4694-8e9b-4f70-8c46-d02d8d59c5de</guid>
                    <versionId>607e5d34-8778-462b-b80f-22cc5b6f18a2</versionId>
                    <description isNull="true" />
                </parameterMapping>
                <parameterMapping name="cc">
                    <lastModified isNull="true" />
                    <lastModifiedBy isNull="true" />
                    <tenantId isNull="true" />
                    <parameterMappingId>2054.a7101f83-efc7-4a48-a832-6400e700844a</parameterMappingId>
                    <processParameterId>2055.50e8c0fd-6bc1-4da9-9cb2-d084644dd6de</processParameterId>
                    <parameterMappingParentId>3012.679ea9ce-7525-4183-b5d6-47f0033dc241</parameterMappingParentId>
                    <useDefault>false</useDefault>
                    <value>null</value>
                    <classRef>/12.db884a3c-c533-44b7-bb2d-47bec8ad4022</classRef>
                    <isList>false</isList>
                    <isInput>true</isInput>
                    <mappingMode isNull="true" />
                    <sourcePath isNull="true" />
                    <targetPath isNull="true" />
                    <guid>dbefea3e-7222-4814-9f5b-6e4de36892a8</guid>
                    <versionId>6c4c8690-103c-4b08-a230-e49e539ffbba</versionId>
                    <description isNull="true" />
                </parameterMapping>
                <parameterMapping name="from">
                    <lastModified isNull="true" />
                    <lastModifiedBy isNull="true" />
                    <tenantId isNull="true" />
                    <parameterMappingId>2054.b48cc018-8561-40bd-9d20-9a5498c88c7b</parameterMappingId>
                    <processParameterId>2055.51fca2c0-8a77-45f5-9e68-542b26e07ea3</processParameterId>
                    <parameterMappingParentId>3012.679ea9ce-7525-4183-b5d6-47f0033dc241</parameterMappingParentId>
                    <useDefault>false</useDefault>
                    <value>tw.env.MAIL_NOTIFIKACIJA_FROM</value>
                    <classRef>/12.db884a3c-c533-44b7-bb2d-47bec8ad4022</classRef>
                    <isList>false</isList>
                    <isInput>true</isInput>
                    <mappingMode isNull="true" />
                    <sourcePath isNull="true" />
                    <targetPath isNull="true" />
                    <guid>550bae20-102a-45a0-b2bf-a46fc39de677</guid>
                    <versionId>b51b1f30-3a02-44fe-b42a-b1a3d38b9734</versionId>
                    <description isNull="true" />
                </parameterMapping>
                <parameterMapping name="bcc">
                    <lastModified isNull="true" />
                    <lastModifiedBy isNull="true" />
                    <tenantId isNull="true" />
                    <parameterMappingId>2054.2af78637-cdcc-4869-a2fd-15c3ca8689ce</parameterMappingId>
                    <processParameterId>2055.7190c535-7820-4319-9b19-3bd1bfb74112</processParameterId>
                    <parameterMappingParentId>3012.679ea9ce-7525-4183-b5d6-47f0033dc241</parameterMappingParentId>
                    <useDefault>false</useDefault>
                    <value>null</value>
                    <classRef>/12.db884a3c-c533-44b7-bb2d-47bec8ad4022</classRef>
                    <isList>false</isList>
                    <isInput>true</isInput>
                    <mappingMode isNull="true" />
                    <sourcePath isNull="true" />
                    <targetPath isNull="true" />
                    <guid>3fbfb331-3236-41e6-aa9b-439650dc8e68</guid>
                    <versionId>c147f6e2-2a72-4756-af27-eda70aee8e9f</versionId>
                    <description isNull="true" />
                </parameterMapping>
                <parameterMapping name="subject">
                    <lastModified isNull="true" />
                    <lastModifiedBy isNull="true" />
                    <tenantId isNull="true" />
                    <parameterMappingId>2054.b95268e0-c3f7-46cd-95d6-b96f9ce1a176</parameterMappingId>
                    <processParameterId>2055.bb90bf7b-d066-47c7-96fd-1b8984a5246d</processParameterId>
                    <parameterMappingParentId>3012.679ea9ce-7525-4183-b5d6-47f0033dc241</parameterMappingParentId>
                    <useDefault>false</useDefault>
                    <value>tw.local.naslovMejla</value>
                    <classRef>/12.db884a3c-c533-44b7-bb2d-47bec8ad4022</classRef>
                    <isList>false</isList>
                    <isInput>true</isInput>
                    <mappingMode isNull="true" />
                    <sourcePath isNull="true" />
                    <targetPath isNull="true" />
                    <guid>2ede03f5-f2be-40d0-85ad-7ccf8a00f7c7</guid>
                    <versionId>c79cf862-44f8-443a-9e4d-0e73210b694e</versionId>
                    <description isNull="true" />
                </parameterMapping>
                <parameterMapping name="smtpHost">
                    <lastModified isNull="true" />
                    <lastModifiedBy isNull="true" />
                    <tenantId isNull="true" />
                    <parameterMappingId>2054.194ad4c6-2e05-436b-ae3c-64532b1d092b</parameterMappingId>
                    <processParameterId>2055.941ed838-3fbe-42f5-b8b4-57064fc0f743</processParameterId>
                    <parameterMappingParentId>3012.679ea9ce-7525-4183-b5d6-47f0033dc241</parameterMappingParentId>
                    <useDefault>false</useDefault>
                    <value>tw.env.MAIL_SMTP_HOST</value>
                    <classRef>/12.db884a3c-c533-44b7-bb2d-47bec8ad4022</classRef>
                    <isList>false</isList>
                    <isInput>true</isInput>
                    <mappingMode isNull="true" />
                    <sourcePath isNull="true" />
                    <targetPath isNull="true" />
                    <guid>22069efd-37db-4020-910b-0552f5d95448</guid>
                    <versionId>dded98d8-3301-4b40-8981-fd950a38b097</versionId>
                    <description isNull="true" />
                </parameterMapping>
                <parameterMapping name="messageText">
                    <lastModified isNull="true" />
                    <lastModifiedBy isNull="true" />
                    <tenantId isNull="true" />
                    <parameterMappingId>2054.d0aa9e1b-4cb5-4f78-85de-4848bfb44701</parameterMappingId>
                    <processParameterId>2055.e8912baa-d516-4758-be53-20c3d6c61326</processParameterId>
                    <parameterMappingParentId>3012.679ea9ce-7525-4183-b5d6-47f0033dc241</parameterMappingParentId>
                    <useDefault>false</useDefault>
                    <value>tw.local.tekstMejla</value>
                    <classRef>/12.db884a3c-c533-44b7-bb2d-47bec8ad4022</classRef>
                    <isList>false</isList>
                    <isInput>true</isInput>
                    <mappingMode isNull="true" />
                    <sourcePath isNull="true" />
                    <targetPath isNull="true" />
                    <guid>a5b4c177-1450-45a5-aaa9-3d8980c92bae</guid>
                    <versionId>de9f5c93-eefd-4d31-9efd-586ef8b5eecd</versionId>
                    <description isNull="true" />
                </parameterMapping>
                <parameterMapping name="replyTo">
                    <lastModified isNull="true" />
                    <lastModifiedBy isNull="true" />
                    <tenantId isNull="true" />
                    <parameterMappingId>2054.6c25a140-18d4-45ca-8279-bbfe4f9b95f9</parameterMappingId>
                    <processParameterId>2055.406ae771-5c04-4a03-9860-7a5d51f80757</processParameterId>
                    <parameterMappingParentId>3012.679ea9ce-7525-4183-b5d6-47f0033dc241</parameterMappingParentId>
                    <useDefault>false</useDefault>
                    <value>null</value>
                    <classRef>/12.db884a3c-c533-44b7-bb2d-47bec8ad4022</classRef>
                    <isList>false</isList>
                    <isInput>true</isInput>
                    <mappingMode isNull="true" />
                    <sourcePath isNull="true" />
                    <targetPath isNull="true" />
                    <guid>744e1ce6-d6af-44e5-8eb4-3c65077dc80d</guid>
                    <versionId>e860ea73-5f8d-41b4-a761-2ecd2ec12d2b</versionId>
                    <description isNull="true" />
                </parameterMapping>
                <parameterMapping name="attachmentFileNames">
                    <lastModified isNull="true" />
                    <lastModifiedBy isNull="true" />
                    <tenantId isNull="true" />
                    <parameterMappingId>2054.f55d1808-9638-4fb7-8009-45df16b67fc9</parameterMappingId>
                    <processParameterId>2055.5309394e-b0d6-44c1-83be-be3b5b9ba8b1</processParameterId>
                    <parameterMappingParentId>3012.679ea9ce-7525-4183-b5d6-47f0033dc241</parameterMappingParentId>
                    <useDefault>false</useDefault>
                    <value>null</value>
                    <classRef>/12.db884a3c-c533-44b7-bb2d-47bec8ad4022</classRef>
                    <isList>false</isList>
                    <isInput>true</isInput>
                    <mappingMode isNull="true" />
                    <sourcePath isNull="true" />
                    <targetPath isNull="true" />
                    <guid>22f4fb0d-f2b0-4aa1-950d-bb4398376543</guid>
                    <versionId>ea75836b-b93c-4ca7-b70e-cddfe1479f31</versionId>
                    <description isNull="true" />
                </parameterMapping>
            </TWComponent>
        </item>
        <startingProcessItemId>2025.98651c50-b3f0-4f83-a78c-fae6d74a757e</startingProcessItemId>
        <errorHandlerItemId isNull="true" />
        <layoutData noConversion="true">
            <errorLink>
                <controlPoints />
                <showEndState>false</showEndState>
                <showName>false</showName>
            </errorLink>
        </layoutData>
        <startPoint>
            <layoutData x="25" y="80">
                <errorLink>
                    <controlPoints />
                    <showEndState>false</showEndState>
                    <showName>false</showName>
                </errorLink>
            </layoutData>
        </startPoint>
        <startLink>
            <fromPort locationId="rightCenter" portType="1" />
            <toPort locationId="leftCenter" portType="2" />
            <layoutData>
                <controlPoints />
                <showEndState>false</showEndState>
                <showName>false</showName>
            </layoutData>
        </startLink>
        <bpmn2Model>
            <ns16:definitions xmlns:ns16="http://www.omg.org/spec/BPMN/20100524/MODEL" xmlns:ns2="http://www.ibm.com/xmlns/prod/bpm/bpmn/ext/trackinggroup" xmlns:ns3="http://www.ibm.com/xmlns/prod/bpm/bpmn/ext/process" xmlns:ns4="http://www.ibm.com/xmlns/prod/bpm/bpmn/ext/process/wle" xmlns:ns5="http://www.ibm.com/xmlns/prod/bpm/bpmn/ext/process/case" xmlns:ns6="http://www.ibm.com/bpm/Extensions" xmlns:ns7="http://www.ibm.com/xmlns/prod/bpm/uca" xmlns:ns8="http://www.ibm.com/xmlns/prod/bpm/bpmn/ext/team" xmlns:ns9="http://www.ibm.com/xmlns/bpmnx/20100524/v1/BusinessVocabulary" xmlns:ns10="http://www.omg.org/spec/DD/20100524/DI" xmlns:ns11="http://www.omg.org/spec/DD/20100524/DC" xmlns:ns12="http://www.omg.org/spec/BPMN/20100524/BPMNDI" xmlns:ns13="http://www.ibm.com/xmlns/prod/bpm/graph" xmlns:ns14="http://www.ibm.com/xmlns/prod/bpm/bpmn/ext/process/auth" xmlns:ns15="http://www.ibm.com/xmlns/prod/bpm/bpmn/ext/extservice" xmlns:ns17="http://www.ibm.com/bpm/processappsettings" xmlns:ns18="http://www.ibm.com/xmlns/links" xmlns:ns19="http://www.ibm.com/bpm/CoachDesignerNG" xmlns:ns20="http://www.ibm.com/xmlns/tagging" xmlns:ns21="http://www.ibm.com/bpm/uitheme" xmlns:ns22="http://www.ibm.com/bpm/coachview" targetNamespace="" expressionLanguage="http://www.ibm.com/xmlns/prod/bpm/expression-lang/javascript" typeLanguage="http://www.w3.org/2001/XMLSchema">
                <ns16:process name="Mail pogodba uspesno podpisana SF" id="1.010558eb-dc27-472e-9499-fe83bcbca6c0" ns3:executionMode="microflow">
                    <ns16:documentation textFormat="text/plain">Servis za pripremu i slanje mejla o uspesno potpisanoj pogodbi.</ns16:documentation>
                    <ns16:extensionElements>
                        <ns3:isSecured>true</ns3:isSecured>
                        <ns3:isAjaxExposed>true</ns3:isAjaxExposed>
                        <ns3:sboSyncEnabled>true</ns3:sboSyncEnabled>
                    </ns16:extensionElements>
                    <ns16:ioSpecification>
                        <ns16:dataInput name="podatkiOStranki" itemSubjectRef="itm.12.db8cb755-8799-4ec7-865f-c093978743a7" isCollection="false" id="2055.19a35fd7-08f8-49ed-8b6c-99f42445d58f">
                            <ns16:extensionElements>
                                <ns3:defaultValue useDefault="false" />
                            </ns16:extensionElements>
                        </ns16:dataInput>
                        <ns16:dataInput name="vloga" itemSubjectRef="itm.12.634308ba-40cc-42ae-949e-a44fe1af365e" isCollection="false" id="2055.01293e1c-55a4-4e61-8afb-145c62d5f29b">
                            <ns16:extensionElements>
                                <ns3:defaultValue useDefault="false" />
                            </ns16:extensionElements>
                        </ns16:dataInput>
                        <ns16:inputSet>
                            <ns16:dataInputRefs>2055.19a35fd7-08f8-49ed-8b6c-99f42445d58f</ns16:dataInputRefs>
                            <ns16:dataInputRefs>2055.01293e1c-55a4-4e61-8afb-145c62d5f29b</ns16:dataInputRefs>
                        </ns16:inputSet>
                        <ns16:outputSet />
                    </ns16:ioSpecification>
                    <ns16:laneSet id="87073cd0-b400-43c2-b425-86425079bacc">
                        <ns16:lane name="System" partitionElementRef="24.6fd38d02-81cf-48ab-bd42-8ff4c0a1628b" id="1b2b2e1c-91e8-4035-9eb3-a4b277aea0fe" ns4:isSystemLane="true">
                            <ns16:extensionElements>
                                <ns13:nodeVisualInfo x="0" y="0" width="3000" height="500" color="#F8F8F8" />
                            </ns16:extensionElements>
                            <ns16:flowNodeRef>c711c052-2327-4efe-80c5-bd63fbf98a35</ns16:flowNodeRef>
                            <ns16:flowNodeRef>2a0147b1-9718-48a8-8390-a1e85065803a</ns16:flowNodeRef>
                            <ns16:flowNodeRef>98651c50-b3f0-4f83-a78c-fae6d74a757e</ns16:flowNodeRef>
                            <ns16:flowNodeRef>c185a94d-ef5d-492c-ae62-d4d9be1d49e1</ns16:flowNodeRef>
                        </ns16:lane>
                    </ns16:laneSet>
                    <ns16:startEvent isInterrupting="false" parallelMultiple="false" name="Start" id="c711c052-2327-4efe-80c5-bd63fbf98a35">
                        <ns16:extensionElements>
                            <ns13:nodeVisualInfo x="25" y="80" width="24" height="24" color="#F8F8F8" />
                        </ns16:extensionElements>
                        <ns16:outgoing>2027.9442cfe0-557d-4575-a5ec-9df2799592d3</ns16:outgoing>
                    </ns16:startEvent>
                    <ns16:endEvent name="End" id="2a0147b1-9718-48a8-8390-a1e85065803a">
                        <ns16:extensionElements>
                            <ns13:nodeVisualInfo x="650" y="80" width="24" height="24" color="#F8F8F8" />
                            <ns4:saveExecutionContext>true</ns4:saveExecutionContext>
                            <ns3:endStateId>guid:047fb0b9b0ebd8ea:7879ab60:181fb196e42:-302a</ns3:endStateId>
                        </ns16:extensionElements>
                        <ns16:incoming>2a54cf42-b30d-49c2-888e-614994e58780</ns16:incoming>
                    </ns16:endEvent>
                    <ns16:sequenceFlow sourceRef="c711c052-2327-4efe-80c5-bd63fbf98a35" targetRef="98651c50-b3f0-4f83-a78c-fae6d74a757e" name="To Priprava teksta mejla" id="2027.9442cfe0-557d-4575-a5ec-9df2799592d3">
                        <ns16:extensionElements>
                            <ns13:linkVisualInfo>
                                <ns13:sourcePortLocation>rightCenter</ns13:sourcePortLocation>
                                <ns13:targetPortLocation>leftCenter</ns13:targetPortLocation>
                                <ns13:showLabel>false</ns13:showLabel>
                                <ns13:showCoachControlLabel>false</ns13:showCoachControlLabel>
                                <ns13:labelPosition>0.0</ns13:labelPosition>
                                <ns13:saveExecutionContext>false</ns13:saveExecutionContext>
                            </ns13:linkVisualInfo>
                        </ns16:extensionElements>
                    </ns16:sequenceFlow>
                    <ns16:scriptTask scriptFormat="text/x-javascript" name="Priprava teksta mejla" id="98651c50-b3f0-4f83-a78c-fae6d74a757e">
                        <ns16:extensionElements>
                            <ns13:nodeVisualInfo x="147" y="57" width="95" height="70" />
                        </ns16:extensionElements>
                        <ns16:incoming>2027.9442cfe0-557d-4575-a5ec-9df2799592d3</ns16:incoming>
                        <ns16:outgoing>c5303c23-2f56-4ba9-a23b-a5ccab12bdb7</ns16:outgoing>
                        <ns16:script>tw.local.naslovMejla =&#xD;
      "Pogodbena dokumentacija za pogodbo številka " + tw.local.vloga.pogodbaPodrobno.stevilkaPogodbe + " je bila podpisana";&#xD;
tw.local.tekstMejla =&#xD;
      "Spoštovani!&lt;br&gt;&lt;br&gt; \&#xD;
Obveščamo vas, da je bila pogodbena dokumentacija za pogodbo številka " +&#xD;
      tw.local.vloga.pogodbaPodrobno.stevilkaPogodbe +&#xD;
      " za stranko " +&#xD;
      tw.local.podatkiOStranki.stranka.nazivStranke +&#xD;
      " z matično številko " +&#xD;
      tw.local.podatkiOStranki.stranka.maticnaStevilka +&#xD;
      " podpisana z dnem " +&#xD;
      tw.local.vloga.pomembniDatumi.datumPodpisaPogodbe.format("dd.MM.yyyy") +&#xD;
      ". &lt;br&gt; \&#xD;
Način podpisa: " +&#xD;
      tw.local.vloga.podpisovanjePodatki.pogodbenaDokumentacijaPodatki.dejanskiNacinPodpisaDokumentacije.naziv +&#xD;
      "&lt;br&gt; \&#xD;
Lep pozdrav!";&#xD;
&#xD;
tw.local.za = "";&#xD;
&#xD;
var ospfSkrbniki = tw.system.org.findTeamByName("OPPF skrbnik").allUsers;&#xD;
for (var i = 0; i &lt; ospfSkrbniki.length; i++) {&#xD;
      if (tw.local.za == "") {&#xD;
            tw.local.za = sidt.pridobiPodatkeZaposlenega(ospfSkrbniki[i].name, "").email.trim();&#xD;
      } else {&#xD;
            var email = sidt.pridobiPodatkeZaposlenega(ospfSkrbniki[i].name, "").email.trim();&#xD;
            if (tw.local.za.indexOf(email) == -1) {&#xD;
                  tw.local.za = tw.local.za + "," + email;&#xD;
            }&#xD;
      }&#xD;
}&#xD;
&#xD;
var psoSkrbniki = tw.system.org.findTeamByName("PŠO skrbnik").allUsers;&#xD;
for (var i = 0; i &lt; psoSkrbniki.length; i++) {&#xD;
      if (tw.local.za == "") {&#xD;
            tw.local.za = sidt.pridobiPodatkeZaposlenega(psoSkrbniki[i].name, "").email.trim();&#xD;
      } else {&#xD;
            var email = sidt.pridobiPodatkeZaposlenega(psoSkrbniki[i].name, "").email.trim();&#xD;
            if (tw.local.za.indexOf(email) == -1) {&#xD;
                  tw.local.za = tw.local.za + "," + email;&#xD;
            }&#xD;
      }&#xD;
}&#xD;
</ns16:script>
                    </ns16:scriptTask>
                    <ns16:sequenceFlow sourceRef="98651c50-b3f0-4f83-a78c-fae6d74a757e" targetRef="c185a94d-ef5d-492c-ae62-d4d9be1d49e1" name="To Poslji Email" id="c5303c23-2f56-4ba9-a23b-a5ccab12bdb7">
                        <ns16:extensionElements>
                            <ns3:sequenceFlowImplementation sboSyncEnabled="true" />
                            <ns13:linkVisualInfo>
                                <ns13:sourcePortLocation>rightCenter</ns13:sourcePortLocation>
                                <ns13:targetPortLocation>leftCenter</ns13:targetPortLocation>
                                <ns13:showLabel>false</ns13:showLabel>
                                <ns13:showCoachControlLabel>false</ns13:showCoachControlLabel>
                                <ns13:labelPosition>0.0</ns13:labelPosition>
                                <ns13:saveExecutionContext>true</ns13:saveExecutionContext>
                            </ns13:linkVisualInfo>
                        </ns16:extensionElements>
                    </ns16:sequenceFlow>
                    <ns16:dataObject itemSubjectRef="itm.12.db884a3c-c533-44b7-bb2d-47bec8ad4022" isCollection="false" name="naslovMejla" id="2056.d7f3f92e-3fd9-45eb-87eb-f0508f0b3079" />
                    <ns16:dataObject itemSubjectRef="itm.12.db884a3c-c533-44b7-bb2d-47bec8ad4022" isCollection="false" name="tekstMejla" id="2056.187344de-a814-4eba-ae63-cd1328bd09d4" />
                    <ns16:callActivity calledElement="1.13cc4635-1e1b-4165-9afa-6f411d4b4f62" name="Poslji Email" id="c185a94d-ef5d-492c-ae62-d4d9be1d49e1">
                        <ns16:extensionElements>
                            <ns13:nodeVisualInfo x="370" y="57" width="95" height="70" />
                            <ns4:activityType>CalledProcess</ns4:activityType>
                        </ns16:extensionElements>
                        <ns16:incoming>c5303c23-2f56-4ba9-a23b-a5ccab12bdb7</ns16:incoming>
                        <ns16:outgoing>2a54cf42-b30d-49c2-888e-614994e58780</ns16:outgoing>
                        <ns16:dataInputAssociation>
                            <ns16:targetRef>2055.51fca2c0-8a77-45f5-9e68-542b26e07ea3</ns16:targetRef>
                            <ns16:assignment>
                                <ns16:from xmlns:xsi="http://www.w3.org/2001/XMLSchema-instance" xsi:type="ns16:tFormalExpression" evaluatesToTypeRef="itm.12.c09c9b6e-aabd-4897-bef2-ed61db106297">tw.env.MAIL_NOTIFIKACIJA_FROM</ns16:from>
                            </ns16:assignment>
                        </ns16:dataInputAssociation>
                        <ns16:dataInputAssociation>
                            <ns16:targetRef>2055.bb90bf7b-d066-47c7-96fd-1b8984a5246d</ns16:targetRef>
                            <ns16:assignment>
                                <ns16:from xmlns:xsi="http://www.w3.org/2001/XMLSchema-instance" xsi:type="ns16:tFormalExpression" evaluatesToTypeRef="itm.12.db884a3c-c533-44b7-bb2d-47bec8ad4022">tw.local.naslovMejla</ns16:from>
                            </ns16:assignment>
                        </ns16:dataInputAssociation>
                        <ns16:dataInputAssociation>
                            <ns16:targetRef>2055.e8912baa-d516-4758-be53-20c3d6c61326</ns16:targetRef>
                            <ns16:assignment>
                                <ns16:from xmlns:xsi="http://www.w3.org/2001/XMLSchema-instance" xsi:type="ns16:tFormalExpression" evaluatesToTypeRef="itm.12.db884a3c-c533-44b7-bb2d-47bec8ad4022">tw.local.tekstMejla</ns16:from>
                            </ns16:assignment>
                        </ns16:dataInputAssociation>
                        <ns16:dataInputAssociation>
                            <ns16:targetRef>2055.941ed838-3fbe-42f5-b8b4-57064fc0f743</ns16:targetRef>
                            <ns16:assignment>
                                <ns16:from xmlns:xsi="http://www.w3.org/2001/XMLSchema-instance" xsi:type="ns16:tFormalExpression" evaluatesToTypeRef="itm.12.c09c9b6e-aabd-4897-bef2-ed61db106297">tw.env.MAIL_SMTP_HOST</ns16:from>
                            </ns16:assignment>
                        </ns16:dataInputAssociation>
                        <ns16:dataInputAssociation>
                            <ns16:targetRef>2055.50e8c0fd-6bc1-4da9-9cb2-d084644dd6de</ns16:targetRef>
                            <ns16:assignment>
                                <ns16:from xmlns:xsi="http://www.w3.org/2001/XMLSchema-instance" xsi:type="ns16:tFormalExpression" evaluatesToTypeRef="itm.12.c09c9b6e-aabd-4897-bef2-ed61db106297">null</ns16:from>
                            </ns16:assignment>
                        </ns16:dataInputAssociation>
                        <ns16:dataInputAssociation>
                            <ns16:targetRef>2055.7190c535-7820-4319-9b19-3bd1bfb74112</ns16:targetRef>
                            <ns16:assignment>
                                <ns16:from xmlns:xsi="http://www.w3.org/2001/XMLSchema-instance" xsi:type="ns16:tFormalExpression" evaluatesToTypeRef="itm.12.c09c9b6e-aabd-4897-bef2-ed61db106297">null</ns16:from>
                            </ns16:assignment>
                        </ns16:dataInputAssociation>
                        <ns16:dataInputAssociation>
                            <ns16:targetRef>2055.406ae771-5c04-4a03-9860-7a5d51f80757</ns16:targetRef>
                            <ns16:assignment>
                                <ns16:from xmlns:xsi="http://www.w3.org/2001/XMLSchema-instance" xsi:type="ns16:tFormalExpression" evaluatesToTypeRef="itm.12.c09c9b6e-aabd-4897-bef2-ed61db106297">null</ns16:from>
                            </ns16:assignment>
                        </ns16:dataInputAssociation>
                        <ns16:dataInputAssociation>
                            <ns16:targetRef>2055.39892d28-b0cb-4907-a4cc-ceae9d67bd8f</ns16:targetRef>
                            <ns16:assignment>
                                <ns16:from xmlns:xsi="http://www.w3.org/2001/XMLSchema-instance" xsi:type="ns16:tFormalExpression" evaluatesToTypeRef="itm.12.c09c9b6e-aabd-4897-bef2-ed61db106297">null</ns16:from>
                            </ns16:assignment>
                        </ns16:dataInputAssociation>
                        <ns16:dataInputAssociation>
                            <ns16:targetRef>2055.5309394e-b0d6-44c1-83be-be3b5b9ba8b1</ns16:targetRef>
                            <ns16:assignment>
                                <ns16:from xmlns:xsi="http://www.w3.org/2001/XMLSchema-instance" xsi:type="ns16:tFormalExpression" evaluatesToTypeRef="itm.12.c09c9b6e-aabd-4897-bef2-ed61db106297">null</ns16:from>
                            </ns16:assignment>
                        </ns16:dataInputAssociation>
                        <ns16:dataInputAssociation>
                            <ns16:targetRef>2055.3e811662-d427-4537-b2f6-fa9907d9677c</ns16:targetRef>
                            <ns16:assignment>
                                <ns16:from xmlns:xsi="http://www.w3.org/2001/XMLSchema-instance" xsi:type="ns16:tFormalExpression" evaluatesToTypeRef="itm.12.c09c9b6e-aabd-4897-bef2-ed61db106297">tw.env.MAIL_NOTIFIKACIJA_CONTENT_TYPE</ns16:from>
                            </ns16:assignment>
                        </ns16:dataInputAssociation>
                        <ns16:dataInputAssociation>
                            <ns16:targetRef>2055.e4a8f4de-e03d-4a22-aac3-ced21eeb6f26</ns16:targetRef>
                            <ns16:assignment>
                                <ns16:from xmlns:xsi="http://www.w3.org/2001/XMLSchema-instance" xsi:type="ns16:tFormalExpression" evaluatesToTypeRef="itm.12.db884a3c-c533-44b7-bb2d-47bec8ad4022">tw.local.za</ns16:from>
                            </ns16:assignment>
                        </ns16:dataInputAssociation>
                    </ns16:callActivity>
                    <ns16:sequenceFlow sourceRef="c185a94d-ef5d-492c-ae62-d4d9be1d49e1" targetRef="2a0147b1-9718-48a8-8390-a1e85065803a" name="To End" id="2a54cf42-b30d-49c2-888e-614994e58780">
                        <ns16:extensionElements>
                            <ns3:sequenceFlowImplementation sboSyncEnabled="true" />
                            <ns13:linkVisualInfo>
                                <ns13:sourcePortLocation>rightCenter</ns13:sourcePortLocation>
                                <ns13:targetPortLocation>leftCenter</ns13:targetPortLocation>
                                <ns13:showLabel>false</ns13:showLabel>
                                <ns13:showCoachControlLabel>false</ns13:showCoachControlLabel>
                                <ns13:labelPosition>0.0</ns13:labelPosition>
                                <ns13:saveExecutionContext>true</ns13:saveExecutionContext>
                            </ns13:linkVisualInfo>
                            <ns3:endStateId>guid:6d7d6833d25d646c:143c423:11226a15f86:-7d8b</ns3:endStateId>
                        </ns16:extensionElements>
                    </ns16:sequenceFlow>
                    <ns16:dataObject itemSubjectRef="itm.12.db884a3c-c533-44b7-bb2d-47bec8ad4022" isCollection="false" name="za" id="2056.afb4911f-776d-4502-8597-d9da8d40c39f" />
                </ns16:process>
            </ns16:definitions>
        </bpmn2Model>
        <link name="To End">
            <lastModified isNull="true" />
            <lastModifiedBy isNull="true" />
            <tenantId isNull="true" />
            <processLinkId>2027.2a54cf42-b30d-49c2-888e-614994e58780</processLinkId>
            <processId>1.010558eb-dc27-472e-9499-fe83bcbca6c0</processId>
            <description isNull="true" />
            <fromProcessItemId>2025.c185a94d-ef5d-492c-ae62-d4d9be1d49e1</fromProcessItemId>
            <endStateId>guid:6d7d6833d25d646c:143c423:11226a15f86:-7d8b</endStateId>
            <toProcessItemId>2025.2a0147b1-9718-48a8-8390-a1e85065803a</toProcessItemId>
            <guid>e82979c6-58b4-4c69-827d-fd45f259c319</guid>
            <versionId>47a5541b-fd48-48c8-be03-5635ecaa5e2d</versionId>
            <layoutData>
                <controlPoints />
                <showEndState>false</showEndState>
                <showName>false</showName>
            </layoutData>
            <fromItemPort locationId="rightCenter" portType="1" />
            <toItemPort locationId="leftCenter" portType="2" />
            <fromProcessItemId>2025.c185a94d-ef5d-492c-ae62-d4d9be1d49e1</fromProcessItemId>
            <toProcessItemId>2025.2a0147b1-9718-48a8-8390-a1e85065803a</toProcessItemId>
        </link>
        <link name="To Poslji Email">
            <lastModified isNull="true" />
            <lastModifiedBy isNull="true" />
            <tenantId isNull="true" />
            <processLinkId>2027.c5303c23-2f56-4ba9-a23b-a5ccab12bdb7</processLinkId>
            <processId>1.010558eb-dc27-472e-9499-fe83bcbca6c0</processId>
            <description isNull="true" />
            <fromProcessItemId>2025.98651c50-b3f0-4f83-a78c-fae6d74a757e</fromProcessItemId>
            <endStateId>Out</endStateId>
            <toProcessItemId>2025.c185a94d-ef5d-492c-ae62-d4d9be1d49e1</toProcessItemId>
            <guid>a2547d23-bc38-44f3-b590-a8207a9ea958</guid>
            <versionId>ae2259b3-e316-4c64-b923-83befaca08d1</versionId>
            <layoutData>
                <controlPoints />
                <showEndState>false</showEndState>
                <showName>false</showName>
            </layoutData>
            <fromItemPort locationId="rightCenter" portType="1" />
            <toItemPort locationId="leftCenter" portType="2" />
            <fromProcessItemId>2025.98651c50-b3f0-4f83-a78c-fae6d74a757e</fromProcessItemId>
            <toProcessItemId>2025.c185a94d-ef5d-492c-ae62-d4d9be1d49e1</toProcessItemId>
        </link>
    </process>
</teamworks>

