<?xml version="1.0" encoding="UTF-8"?>
<teamworks>
    <process id="1.07fae323-cd46-4976-a983-3132c2daca5c" name="Zavarovanje Shared SF">
        <lastModified>1749560159512</lastModified>
        <lastModifiedBy>bmihajlovic</lastModifiedBy>
        <tenantId isNull="true" />
        <processId>1.07fae323-cd46-4976-a983-3132c2daca5c</processId>
        <image isNull="true" />
        <tabGroup isNull="true" />
        <startingProcessItemId>2025.54711bf0-e84e-44ab-8192-8cfb05569c59</startingProcessItemId>
        <isRootProcess>false</isRootProcess>
        <processType>12</processType>
        <isErrorHandlerEnabled>false</isErrorHandlerEnabled>
        <errorHandlerItemId isNull="true" />
        <isLoggingVariables>false</isLoggingVariables>
        <isTransactional>false</isTransactional>
        <processTimingLevel isNull="true" />
        <participantRef isNull="true" />
        <exposedType>0</exposedType>
        <isTrackingEnabled>true</isTrackingEnabled>
        <xmlData isNull="true" />
        <cachingType>false</cachingType>
        <itemLabel isNull="true" />
        <cacheLength>0</cacheLength>
        <mobileReady>false</mobileReady>
        <sboSyncEnabled>true</sboSyncEnabled>
        <externalId isNull="true" />
        <isSecured>true</isSecured>
        <isAjaxExposed>true</isAjaxExposed>
        <isInvokedAsynchronously>false</isInvokedAsynchronously>
        <isTransactionalFlow>false</isTransactionalFlow>
        <description isNull="true" />
        <guid>guid:6114daf73a8180c6:-26dbed5d:18f91c11723:7689</guid>
        <versionId>399c12f2-dcdf-476e-8892-9509f9fcf5a3</versionId>
        <dependencySummary>&lt;dependencySummary id="bpdid:b54225974eb7d993:-57f380f8:197451ea1a7:4bab" /&gt;</dependencySummary>
        <jsonData>{"rootElement":[{"flowElement":[{"parallelMultiple":false,"outgoing":["2027.9931d89d-842f-47c3-837a-4b7c612c7c8c"],"isInterrupting":false,"extensionElements":{"nodeVisualInfo":[{"color":"#F8F8F8","width":24,"x":25,"y":80,"declaredType":"TNodeVisualInfo","height":24}]},"name":"Start","declaredType":"startEvent","id":"ceb09258-3ce2-443a-83cc-ae8302fbc059"},{"incoming":["8ff7c46c-f2d9-480e-89e3-dc09a87b4646","df498e8b-c7ec-48cb-8a53-422502402b9f"],"extensionElements":{"nodeVisualInfo":[{"color":"#F8F8F8","width":24,"x":650,"y":80,"declaredType":"TNodeVisualInfo","height":24}],"endStateId":["guid:6114daf73a8180c6:-26dbed5d:18f91c11723:768b"],"saveExecutionContext":[true]},"name":"End","declaredType":"endEvent","id":"e9d5e100-997f-42e4-8b3d-d6b7fc98a29d"},{"targetRef":"54711bf0-e84e-44ab-8192-8cfb05569c59","extensionElements":{"linkVisualInfo":[{"sourcePortLocation":"rightCenter","showCoachControlLabel":false,"labelPosition":0.0,"targetPortLocation":"leftCenter","declaredType":"TLinkVisualInfo","saveExecutionContext":false,"showLabel":false}]},"name":"To Novo zavarovanje?","declaredType":"sequenceFlow","id":"2027.9931d89d-842f-47c3-837a-4b7c612c7c8c","sourceRef":"ceb09258-3ce2-443a-83cc-ae8302fbc059"},{"startQuantity":1,"outgoing":["8ff7c46c-f2d9-480e-89e3-dc09a87b4646"],"incoming":["ec9fdc50-a73d-449d-8761-d0197c7b9d38"],"extensionElements":{"postAssignmentScript":[],"nodeVisualInfo":[{"width":95,"x":370,"y":57,"declaredType":"TNodeVisualInfo","height":70}]},"name":"Zavarovanje shared","isForCompensation":false,"completionQuantity":1,"declaredType":"scriptTask","id":"334dc67f-38fa-4f68-8382-15907a676502","scriptFormat":"text\/x-javascript","script":{"content":["var zavarovanjeShared = new tw.object.ZavarovanjeShared_BO(tw.local.keyZavarovanjeShared);\r\nif(!!tw.local.uniqueId){\r\n\tif(tw.local.zavarovanje){\r\n\t\t\/\/UPDATE - azuriranje zavarovanja\r\n\t\tfor (var i=0; i&lt;zavarovanjeShared.predlogZavarovanja.length; i++) {\r\n\t\t\tif(zavarovanjeShared.predlogZavarovanja[i].uniqueId == tw.local.uniqueId){\r\n\t\t\t\tzavarovanjeShared.predlogZavarovanja[i] = tw.local.zavarovanje;\r\n\t\t\t\tif(tw.local.zavarovanje.zavarovanjeDodatniPodatki.nacinVrednotenja &amp;&amp; tw.local.zavarovanje.zavarovanjeDodatniPodatki.nacinVrednotenja.koda == tw.epv.ZavarovanjeEPV.cenitvenoPorociloKoda.valueAt(new TWDate())){\r\n\t\t\t\t\tif(tw.local.zavarovanje.cenitvenoPorociloUniqueId){\r\n\t\t\t\t\t\t\/\/UPDATE - postojece cenitveno porocilo\r\n\t\t\t\t\t\tfor (var j=0; j&lt;zavarovanjeShared.cenitvenaPorocila.length; j++) {\r\n\t\t\t\t\t\t\tif(zavarovanjeShared.cenitvenaPorocila[j].uniqueId == tw.local.zavarovanje.cenitvenoPorociloUniqueId){\r\n\t\t\t\t\t\t\t\tzavarovanjeShared.cenitvenaPorocila[j] = tw.local.cenitvenoPorocilo;\r\n\t\t\t\t\t\t\t}\r\n\t\t\t\t\t\t}\r\n\t\t\t\t\t}else{\r\n\t\t\t\t\t\t\/\/CREATE - novo cenitveno porocilo\r\n\t\t\t\t\t\ttw.local.cenitvenoPorocilo.uniqueId = sidt.generateGuid();\r\n\t\t\t\t\t\ttw.local.cenitvenoPorocilo.sklopZavarovanja = tw.local.zavarovanje.sklop;\r\n\t\t\t\t\t\ttw.local.zavarovanje.cenitvenoPorociloUniqueId = tw.local.cenitvenoPorocilo.uniqueId;\r\n\t\t\t\t\t\tzavarovanjeShared.cenitvenaPorocila[zavarovanjeShared.cenitvenaPorocila.length] = tw.local.cenitvenoPorocilo;\r\n\t\t\t\t\t}\r\n\t\t\t\t}\r\n\t\t\t\t\r\n\t\t\t\tzavarovanjeShared.save();\r\n\t\t\t}\r\n\t\t}\r\n\t\t\r\n\t}else {\r\n\t\t\/\/GET - preuzimanje detalja o zavarovanju\r\n\t\ttw.local.skupinaPovezanihOseb = [];\r\n\t\tfor (var sk=0; sk&lt;tw.local.podatkiOStranki.skupinaPovezanihOseb.povezaneOsebeVPP.povezaneOsebe.length; sk++) {\r\n\t\t\tif(tw.local.podatkiOStranki.skupinaPovezanihOseb.povezaneOsebeVPP.povezaneOsebe[sk].davcnaStevilka){\r\n\t\t\t\ttw.local.skupinaPovezanihOseb[tw.local.skupinaPovezanihOseb.listLength] =  tw.local.podatkiOStranki.skupinaPovezanihOseb.povezaneOsebeVPP.povezaneOsebe[sk].davcnaStevilka;\r\n\t\t\t}\r\n\t\t}\r\n\t\t\r\n\t\tfor (var i=0; i&lt;zavarovanjeShared.predlogZavarovanja.length; i++) {\r\n\t\t\tif(zavarovanjeShared.predlogZavarovanja[i].uniqueId == tw.local.uniqueId){\r\n\t\t\t\ttw.local.zavarovanje = zavarovanjeShared.predlogZavarovanja[i];\r\n\t\t\t}\r\n\t\t}\r\n\t\t\r\n\t\ttw.local.cenitvenoPorocilo = {};\r\n\t\ttw.local.cenitvenaPorocilaIzbira = [];\r\n\t\tfor (var i=0; i&lt;zavarovanjeShared.cenitvenaPorocila.length; i++) {\r\n\t\t\tif(tw.local.zavarovanje.cenitvenoPorociloUniqueId &amp;&amp; zavarovanjeShared.cenitvenaPorocila[i].uniqueId == tw.local.zavarovanje.cenitvenoPorociloUniqueId){\r\n\t\t\t\ttw.local.cenitvenoPorocilo = zavarovanjeShared.cenitvenaPorocila[i];\r\n\t\t\t}\r\n\t\t\r\n\t\t\tif(tw.local.zavarovanje.sklop == zavarovanjeShared.cenitvenaPorocila[i].sklopZavarovanja){\r\n\t\t\t\tvar indeks = tw.local.cenitvenaPorocilaIzbira.listLength;\r\n\t\t\t\ttw.local.cenitvenaPorocilaIzbira[indeks] = {};\r\n\t\t\t\ttw.local.cenitvenaPorocilaIzbira[indeks].zaporednaStevilka = i + 1;\r\n\t\t\t\ttw.local.cenitvenaPorocilaIzbira[indeks].sklopZavarovanja = tw.local.zavarovanje.sklop;\r\n\t\t\t\ttw.local.cenitvenaPorocilaIzbira[indeks].uniqueId = zavarovanjeShared.cenitvenaPorocila[i].uniqueId;\r\n\t\t\t\ttw.local.cenitvenaPorocilaIzbira[indeks].naslovStevilka = zavarovanjeShared.cenitvenaPorocila[i].naslovOzStevilka;\r\n\t\t\t\ttw.local.cenitvenaPorocilaIzbira[indeks].zavarovanjaVkljucenaVCenitveno = [];\r\n\t\t\t\tfor (var zv=0; zv&lt;zavarovanjeShared.predlogZavarovanja.length; zv++) {\r\n\t\t\t\t\tif(zavarovanjeShared.predlogZavarovanja[zv].cenitvenoPorociloUniqueId == zavarovanjeShared.cenitvenaPorocila[i].uniqueId){\r\n\t\t\t\t\t\tvar indeksZav = tw.local.cenitvenaPorocilaIzbira[indeks].zavarovanjaVkljucenaVCenitveno.listLength;\r\n\t\t\t\t\t\ttw.local.cenitvenaPorocilaIzbira[indeks].zavarovanjaVkljucenaVCenitveno[indeksZav] = zavarovanjeShared.predlogZavarovanja[zv].zaporednaStevilka + \" - \" + zavarovanjeShared.predlogZavarovanja[zv].kategorija.naziv \r\n\t\t\t\t\t}\r\n\t\t\t\t}\r\n\t\t\t}\r\n\t\t}\r\n\t\t\r\n\t}\r\n}else if(!!tw.local.uniqueIdCenPor){\r\n\ttw.local.cenitvenoPorocilo = {};\r\n\tfor (var i=0; i&lt;zavarovanjeShared.cenitvenaPorocila.length; i++) {\r\n\t\tif(zavarovanjeShared.cenitvenaPorocila[i].uniqueId == tw.local.uniqueIdCenPor){\r\n\t\t\ttw.local.cenitvenoPorocilo = zavarovanjeShared.cenitvenaPorocila[i];\r\n\t\t}\r\n\t}\r\n}"]}},{"targetRef":"e9d5e100-997f-42e4-8b3d-d6b7fc98a29d","extensionElements":{"sequenceFlowImplementation":[{"fireValidation":"Never","sboSyncEnabled":true,"declaredType":"com.ibm.bpmsdk.model.bpmn20.ibmext.TSequenceFlowImplementation"}],"linkVisualInfo":[{"sourcePortLocation":"rightCenter","showCoachControlLabel":false,"labelPosition":0.0,"targetPortLocation":"leftCenter","declaredType":"TLinkVisualInfo","saveExecutionContext":true,"showLabel":false}]},"name":"To End","declaredType":"sequenceFlow","id":"8ff7c46c-f2d9-480e-89e3-dc09a87b4646","sourceRef":"334dc67f-38fa-4f68-8382-15907a676502"},{"outgoing":["ec9fdc50-a73d-449d-8761-d0197c7b9d38","ccf1f143-6b5f-49f0-8eaf-6592faaa43fe"],"incoming":["2027.9931d89d-842f-47c3-837a-4b7c612c7c8c"],"default":"ec9fdc50-a73d-449d-8761-d0197c7b9d38","gatewayDirection":"Unspecified","extensionElements":{"nodeVisualInfo":[{"width":32,"x":152,"y":76,"declaredType":"TNodeVisualInfo","height":32}]},"name":"Novo zavarovanje?","declaredType":"exclusiveGateway","id":"54711bf0-e84e-44ab-8192-8cfb05569c59"},{"targetRef":"334dc67f-38fa-4f68-8382-15907a676502","extensionElements":{"linkVisualInfo":[{"sourcePortLocation":"rightCenter","showCoachControlLabel":false,"labelPosition":0.0,"targetPortLocation":"leftCenter","declaredType":"TLinkVisualInfo","saveExecutionContext":false,"showLabel":true}]},"name":"Ne","declaredType":"sequenceFlow","id":"ec9fdc50-a73d-449d-8761-d0197c7b9d38","sourceRef":"54711bf0-e84e-44ab-8192-8cfb05569c59"},{"startQuantity":1,"outgoing":["df498e8b-c7ec-48cb-8a53-422502402b9f"],"incoming":["ccf1f143-6b5f-49f0-8eaf-6592faaa43fe"],"extensionElements":{"nodeVisualInfo":[{"width":95,"x":365,"y":178,"declaredType":"TNodeVisualInfo","height":70}]},"name":"Novo zavarovanje","isForCompensation":false,"completionQuantity":1,"declaredType":"scriptTask","id":"422d37d2-c7ac-4bfc-8ffe-4614e70f535e","scriptFormat":"text\/x-javascript","script":{"content":["var zavarovanjeShared = new tw.object.ZavarovanjeShared_BO(tw.local.keyZavarovanjeShared);\r\n\r\nif(tw.local.zavarovanje){\r\n\t\/\/UPDATE - azuriranje zavarovanja\r\n\tvar obstaja = false;\r\n\tfor (var i=0; i&lt;zavarovanjeShared.predlogZavarovanja.length; i++) {\r\n\t\tif(zavarovanjeShared.predlogZavarovanja[i].uniqueId == tw.local.uniqueId){\r\n\t\t\tobstaja = true;\r\n\t\t\tzavarovanjeShared.predlogZavarovanja[i] = tw.local.zavarovanje;\r\n\t\t\t\r\n\t\t\tbreak;\r\n\t\t}\r\n\t}\r\n\t\r\n\tif(!obstaja &amp;&amp; tw.local.zavarovanje.status != tw.epv.ZavarovanjeEPV.statusDeaktivirano){\r\n\t\tzavarovanjeShared.predlogZavarovanja[zavarovanjeShared.predlogZavarovanja.length] = tw.local.zavarovanje;\r\n\t}\r\n\t\r\n\tzavarovanjeShared.save();\r\n}else {\r\n\t\/\/GET - preuzimanje detalja o zavarovanju\r\n\tvar predlog = {};\r\n\tpredlog.idKategorija = tw.local.kategorija.id;\r\n\tpredlog.idPodkategorija = tw.local.podkategorija.id;\r\n\tpredlog.status = \"Aktivno\";\r\n\tpredlog.zaporednaStevilka = zavarovanjeShared.predlogZavarovanja.length+1;\r\n\tpredlog.uniqueId = sidt.generateGuid();\r\n\ttw.local.zavarovanje = novoZavarovanje(predlog,tw.local.kategorija.koda);\r\n\ttw.local.zavarovanje.bpmZavarovanje = true;\r\n\t\r\n\ttw.local.cenitvenoPorocilo = {};\r\n\ttw.local.cenitvenaPorocilaIzbira = [];\r\n}\r\n\r\n\r\n\r\n\r\nfunction novoZavarovanje(predlog,sklop){\r\n\t\r\n\tvar zavarovanje = new tw.object.Zavarovanje_BO();\r\n\tzavarovanje.zaporednaStevilka = predlog.zaporednaStevilka;\r\n\tzavarovanje.uniqueId = predlog.uniqueId;\r\n\tzavarovanje.oznaka = za.pridobiOznako();\r\n\tzavarovanje.kategorija = JSON.parse(JSON.stringify(sidt.swapSifrant(\"sif_kategorija_zavarovanja\",predlog.idKategorija)));\r\n\tzavarovanje.podkategorija = JSON.parse(JSON.stringify(sidt.swapSifrant(\"sif_podkategorija_zavarovanja\",predlog.idPodkategorija)));\r\n\tzavarovanje.status = predlog.status;\r\n\tzavarovanje.sklop = sklop;\r\n\tzavarovanje.pomozniPodatki = {};\r\n\tzavarovanje.pomozniPodatki.dodatniPodatkiPopolni = false;\r\n\tzavarovanje.pomozniPodatki.cenitvenoPorociloObvezno = false;\r\n\tzavarovanje.pomozniPodatki.cenitvenoPorociloPopolno = false;\r\n\tzavarovanje.pomozniPodatki.cenitvenoPorociloSkrbnik = false;\r\n\tzavarovanje.pomozniPodatki.cenitvenoPorociloSpecialist = false;\r\n\tzavarovanje.pomozniPodatki.pravnoMnenjePopolno = false;\r\n\tzavarovanje.pomozniPodatki.stevilkaZavarovanjaCredesPopolna = false;\r\n\tzavarovanje.pomozniPodatki.kreditnoTveganjeObvezno = false;\r\n\tzavarovanje.pomozniPodatki.pravnoMnenjeObvezno = true;\r\n\tzavarovanje.pomozniPodatki.predlogZavarovanjaSkrbnikObvezno = false;\r\n\tzavarovanje.pomozniPodatki.hipotekeMapa = [];\r\n\t\r\n\tzavarovanje.zavarovanjeOsnovniPodatki = {};\r\n\tzavarovanje.zavarovanjeOsnovniPodatki.imetnik = [];\r\n\tzavarovanje.zavarovanjeOsnovniPodatki.lokacije = [];\r\n\tzavarovanje.zavarovanjeOsnovniPodatki.motornaVozila = [];\r\n\tzavarovanje.zavarovanjeOsnovniPodatki.nazivPoslovneOpreme = {};\r\n\tzavarovanje.zavarovanjeOsnovniPodatki.nepremicnineCeloto = [];\r\n\tzavarovanje.zavarovanjeOsnovniPodatki.obcina = {};\r\n\tzavarovanje.zavarovanjeOsnovniPodatki.odprtoStanjeTerjatev = [];\r\n\tzavarovanje.zavarovanjeOsnovniPodatki.vrstaPravice = {};\r\n\tzavarovanje.zavarovanjeOsnovniPodatki.vrstaZalog = {};\r\n\tzavarovanje.zavarovanjeOsnovniPodatki.kraj = {};\r\n\tzavarovanje.zavarovanjeOsnovniPodatki.drzava = {};\r\n\t\r\n\tzavarovanje.zavarovanjeDodatniPodatki = {};\r\n\tzavarovanje.zavarovanjeDodatniPodatki.izdelanaEnergetskaIzkaznica = {};\r\n\tzavarovanje.zavarovanjeDodatniPodatki.motornaVozilaPredlogZav = [];\r\n\tzavarovanje.zavarovanjeDodatniPodatki.nepremicnineOcenjeneVrednosti = [];\r\n\tzavarovanje.zavarovanjeDodatniPodatki.nacinVrednotenja = {};\r\n\tzavarovanje.zavarovanjeDodatniPodatki.namenUporabeVrednosti = {};\r\n\tzavarovanje.zavarovanjeDodatniPodatki.nepremicninaVCelotiDokoncana = {};\r\n\tzavarovanje.zavarovanjeDodatniPodatki.nepremicninePredlogZavarovanja = [];\r\n\tzavarovanje.zavarovanjeDodatniPodatki.posamezenStrojPredlogZav = [];\r\n\tzavarovanje.zavarovanjeDodatniPodatki.motornaVozilaPredlogZav = [];\r\n\tzavarovanje.zavarovanjeDodatniPodatki.nevarnostPlazov = {};\r\n\tzavarovanje.zavarovanjeDodatniPodatki.obstajaNeodvisnoTveganje = {};\r\n\tzavarovanje.zavarovanjeDodatniPodatki.opremaPoLokacijahPredlogZav = [];\r\n\tzavarovanje.zavarovanjeDodatniPodatki.poplavnaOgrozenost = {};\r\n\tzavarovanje.zavarovanjeDodatniPodatki.pozarnaOgrozenost = {};\r\n\tzavarovanje.zavarovanjeDodatniPodatki.pridobijenoGDUD = {};\r\n\tzavarovanje.zavarovanjeDodatniPodatki.sifraZavarovanja = {};\r\n\tzavarovanje.zavarovanjeDodatniPodatki.energetskeIzkaznice = [];\r\n\tzavarovanje.zavarovanjeDodatniPodatki.zastavnePravice = [];\r\n\tzavarovanje.zavarovanjeDodatniPodatki.nazivZavarovalnice = {};\r\n\tzavarovanje.zavarovanjeDodatniPodatki.kupoprodajnaPogodbaUredna = {};\r\n\tzavarovanje.zavarovanjeDodatniPodatki.izpolnjeniPogojiZaPS = {};\r\n\tzavarovanje.zavarovanjeDodatniPodatki.vrednostPredhBremenitevUpnikov = 0;\r\n\tzavarovanje.zavarovanjeDodatniPodatki.vrednostPredhBremenitevBanke = 0;\r\n\r\n\tzavarovanje.pravnoMnenje = {};\r\n\tzavarovanje.pravnoMnenje.nazivUrednegaRegistra = {};\r\n\tzavarovanje.pravnoMnenje.pogodbaVsebujeDovolilo = {};\r\n\tzavarovanje.pravnoMnenje.izpolnjeniPogojiZaPSO = {};\r\n\t\r\n\tzavarovanje.zavarovalnaPolica = {};\t\r\n\t\r\n\tzavarovanje.podatkiKalkulatorjaNepremicnine = [];\r\n\tzavarovanje.podatkiKalkulatorjaPremicnine = [];\r\n\tzavarovanje.podatkiKalkulatorja = {};\r\n\tzavarovanje.vinkulacije = [];\r\n\t\r\n\tif(zavarovanje.podkategorija.id == tw.epv.ZavarovanjeEPV.podkategorijaPorostvoSlovenija){\r\n\t\tzavarovanje.zavarovanjeOsnovniPodatki.davcnaStevilkaPoroka = tw.epv.ZavarovanjeEPV.republikaSlovenijaDavcna.valueAt(new TWDate());\r\n\t\tzavarovanje.zastaviteljJeKreditojemalec = \"NE\";\r\n\t\tzavarovanje.zastaviteljiPoroki = [];\r\n\t\tzavarovanje.zastaviteljiPoroki[0] = {};\r\n\t\tzavarovanje.zastaviteljiPoroki[0].tipOsebe = JSON.parse(JSON.stringify(sidt.swapSifrant(\"en_tip_osebe\",tw.epv.ZavarovanjeEPV.tipOsebePravnaId.valueAt(new TWDate()))));\r\n\t\tzavarovanje.zastaviteljiPoroki[0].naziv = tw.epv.ZavarovanjeEPV.republikaSlovenijaNaziv.valueAt(new TWDate());\r\n\t\tzavarovanje.zastaviteljiPoroki[0].davcnaStevilka = tw.epv.ZavarovanjeEPV.republikaSlovenijaDavcna.valueAt(new TWDate());\r\n\t}else if(zavarovanje.podkategorija.id == tw.epv.ZavarovanjeEPV.podkategorijaPortfeljskeGarancije){\r\n\t\tzavarovanje.zavarovanjeOsnovniPodatki.davcnaStevilkaPoroka = tw.epv.ZavarovanjeEPV.davcnaStevilkaMgts.valueAt(new TWDate());\r\n\t\tzavarovanje.zastaviteljJeKreditojemalec = \"NE\";\r\n\t\tzavarovanje.zastaviteljiPoroki = [];\r\n\t\tzavarovanje.zastaviteljiPoroki[0] = {};\r\n\t\tzavarovanje.zastaviteljiPoroki[0].tipOsebe = JSON.parse(JSON.stringify(sidt.swapSifrant(\"en_tip_osebe\",tw.epv.ZavarovanjeEPV.tipOsebePravnaId.valueAt(new TWDate()))));\r\n\t\tzavarovanje.zastaviteljiPoroki[0].naziv = tw.epv.ZavarovanjeEPV.nazivMgts.valueAt(new TWDate());\r\n\t\tzavarovanje.zastaviteljiPoroki[0].davcnaStevilka = tw.epv.ZavarovanjeEPV.davcnaStevilkaMgts.valueAt(new TWDate());\r\n\t}else if(sklop == tw.epv.ZavarovanjeEPV.sklopDrugo){\r\n\t\tzavarovanje.zastaviteljJeKreditojemalec = \"DA\";\r\n\t\tzavarovanje.zastaviteljiPoroki = [];\r\n\t\tzavarovanje.zastaviteljiPoroki[0] = {};\r\n\t\tzavarovanje.zastaviteljiPoroki[0].tipOsebe = JSON.parse(JSON.stringify(sidt.swapSifrant(\"en_tip_osebe\",tw.epv.ZavarovanjeEPV.tipOsebePravnaId.valueAt(new TWDate()))));\r\n\t\tzavarovanje.zastaviteljiPoroki[0].naziv = tw.local.podatkiOStranki.stranka.nazivStranke;\r\n\t\tzavarovanje.zastaviteljiPoroki[0].davcnaStevilka = tw.local.podatkiOStranki.stranka.davcnaStevilka;\r\n\t}else{\r\n\t\tzavarovanje.zastaviteljJeKreditojemalec = \"NE\";\r\n\t}\r\n\treturn zavarovanje;\r\n}\r\n"]}},{"targetRef":"422d37d2-c7ac-4bfc-8ffe-4614e70f535e","conditionExpression":{"declaredType":"TFormalExpression","content":["tw.local.novoZavarovanje || (tw.local.zavarovanje &amp;&amp; tw.local.zavarovanje.bpmZavarovanje == true)"]},"extensionElements":{"linkVisualInfo":[{"sourcePortLocation":"bottomCenter","showCoachControlLabel":false,"labelPosition":0.0,"targetPortLocation":"leftCenter","declaredType":"TLinkVisualInfo","saveExecutionContext":false,"showLabel":true}]},"name":"Da","declaredType":"sequenceFlow","id":"ccf1f143-6b5f-49f0-8eaf-6592faaa43fe","sourceRef":"54711bf0-e84e-44ab-8192-8cfb05569c59"},{"targetRef":"e9d5e100-997f-42e4-8b3d-d6b7fc98a29d","extensionElements":{"sequenceFlowImplementation":[{"fireValidation":"Never","sboSyncEnabled":true,"declaredType":"com.ibm.bpmsdk.model.bpmn20.ibmext.TSequenceFlowImplementation"}],"linkVisualInfo":[{"sourcePortLocation":"rightCenter","showCoachControlLabel":false,"labelPosition":0.0,"targetPortLocation":"bottomCenter","declaredType":"TLinkVisualInfo","saveExecutionContext":true,"showLabel":false}]},"name":"To End","declaredType":"sequenceFlow","id":"df498e8b-c7ec-48cb-8a53-422502402b9f","sourceRef":"422d37d2-c7ac-4bfc-8ffe-4614e70f535e"}],"laneSet":[{"id":"ce513da2-ad6b-4d66-8363-a0c0cf44b2c2","lane":[{"flowNodeRef":["ceb09258-3ce2-443a-83cc-ae8302fbc059","e9d5e100-997f-42e4-8b3d-d6b7fc98a29d","334dc67f-38fa-4f68-8382-15907a676502","54711bf0-e84e-44ab-8192-8cfb05569c59","422d37d2-c7ac-4bfc-8ffe-4614e70f535e"],"extensionElements":{"nodeVisualInfo":[{"color":"#F8F8F8","width":3000,"x":0,"y":0,"declaredType":"TNodeVisualInfo","height":500}]},"name":"System","partitionElementRef":"24.6fd38d02-81cf-48ab-bd42-8ff4c0a1628b","declaredType":"lane","id":"50418338-b896-4a4f-8d97-77caef03d6b4","otherAttributes":{"{http:\/\/www.ibm.com\/xmlns\/prod\/bpm\/bpmn\/ext\/process\/wle}isSystemLane":"true"}}]}],"isClosed":false,"extensionElements":{"isSecured":[true],"isAjaxExposed":[true],"sboSyncEnabled":[true]},"documentation":[{"textFormat":"text\/plain"}],"name":"Zavarovanje Shared SF","declaredType":"process","id":"1.07fae323-cd46-4976-a983-3132c2daca5c","processType":"None","otherAttributes":{"{http:\/\/www.ibm.com\/xmlns\/prod\/bpm\/bpmn\/ext\/process}executionMode":"microflow"},"ioSpecification":{"dataOutput":[{"itemSubjectRef":"itm.12.dcd32c7e-65dc-4ef3-9ae4-d0321d270eb6","name":"zavarovanje","isCollection":false,"id":"2055.dbdd71a6-477b-453d-8a48-c02d09221588"},{"itemSubjectRef":"itm.12.49b6469c-3575-4c65-8e6d-f76aca90f79a","name":"cenitvenoPorocilo","isCollection":false,"id":"2055.c47e391e-2d33-4604-89cf-0fa11b14281f"},{"itemSubjectRef":"itm.12.72d954ad-82d6-4515-a32c-513646aae8c7","documentation":[{"content":["Lista dostupnih cenitvenih porocila:&lt;div&gt;value = uniqueId&lt;\/div&gt;&lt;div&gt;name = nesto&lt;\/div&gt;"],"textFormat":"text\/plain"}],"name":"cenitvenaPorocilaIzbira","isCollection":true,"id":"2055.566e3f2c-3fb2-4d8b-8f26-7a6d316fb0a3"},{"itemSubjectRef":"itm.12.db884a3c-c533-44b7-bb2d-47bec8ad4022","name":"skupinaPovezanihOseb","isCollection":true,"id":"2055.24a26064-4b11-4900-89cc-9edee3ac70f3"}],"extensionElements":{"epvProcessLinks":[{"epvProcessLinkRef":[{"epvId":"21.4ec13dcc-524d-4df4-88f3-f0b9e3128a66","epvProcessLinkId":"245db762-3a38-4f75-843c-ce14eb75c58a","declaredType":"com.ibm.bpmsdk.model.bpmn20.ibmext.TEpvProcessLinkRef"}],"declaredType":"com.ibm.bpmsdk.model.bpmn20.ibmext.TEpvProcessLinks"}]},"inputSet":[{"dataInputRefs":["2055.a9a4f0a7-6405-4a0d-8d05-a2615630bd9e","2055.389a27ae-13f9-44ff-84b5-107fa166f34c","2055.a1b09742-d713-49eb-83ba-384a3257936d","2055.8eb70093-0386-4f0b-8b48-2b0c383cb261","2055.5177905c-4cc6-4ad8-8f61-e2653aad04b2","2055.66e6c5ed-cf64-4825-8f52-e88db7ff2d2f","2055.6155a537-056c-4ef1-8bf0-df3fa31e22bb","2055.eb96c9d5-bc8b-47df-80c0-266f9daa7a83","2055.6b44c4a9-1094-44b0-8e0f-b1eb04010b35"]}],"outputSet":[{"dataOutputRefs":["2055.dbdd71a6-477b-453d-8a48-c02d09221588","2055.c47e391e-2d33-4604-89cf-0fa11b14281f","2055.566e3f2c-3fb2-4d8b-8f26-7a6d316fb0a3","2055.24a26064-4b11-4900-89cc-9edee3ac70f3"]}],"dataInput":[{"extensionElements":{"defaultValue":[{"declaredType":"com.ibm.bpmsdk.model.bpmn20.ibmext.TDefaultValue","useDefault":false,"value":""}]},"itemSubjectRef":"itm.12.dcd32c7e-65dc-4ef3-9ae4-d0321d270eb6","name":"zavarovanje","isCollection":false,"id":"2055.a9a4f0a7-6405-4a0d-8d05-a2615630bd9e"},{"itemSubjectRef":"itm.12.db884a3c-c533-44b7-bb2d-47bec8ad4022","name":"keyZavarovanjeShared","isCollection":false,"id":"2055.389a27ae-13f9-44ff-84b5-107fa166f34c"},{"itemSubjectRef":"itm.12.db884a3c-c533-44b7-bb2d-47bec8ad4022","documentation":[{"content":["UniqueId selektovanog zavarovanja"],"textFormat":"text\/plain"}],"name":"uniqueId","isCollection":false,"id":"2055.a1b09742-d713-49eb-83ba-384a3257936d"},{"itemSubjectRef":"itm.12.49b6469c-3575-4c65-8e6d-f76aca90f79a","name":"cenitvenoPorocilo","isCollection":false,"id":"2055.8eb70093-0386-4f0b-8b48-2b0c383cb261"},{"itemSubjectRef":"itm.12.db884a3c-c533-44b7-bb2d-47bec8ad4022","name":"uniqueIdCenPor","isCollection":false,"id":"2055.5177905c-4cc6-4ad8-8f61-e2653aad04b2"},{"itemSubjectRef":"itm.12.83ff975e-8dbc-42e5-b738-fa8bc08274a2","name":"novoZavarovanje","isCollection":false,"id":"2055.66e6c5ed-cf64-4825-8f52-e88db7ff2d2f"},{"itemSubjectRef":"itm.12.8a619755-21c6-45bb-a2f3-d6b7796f8a3b","name":"kategorija","isCollection":false,"id":"2055.6155a537-056c-4ef1-8bf0-df3fa31e22bb"},{"itemSubjectRef":"itm.12.8a619755-21c6-45bb-a2f3-d6b7796f8a3b","name":"podkategorija","isCollection":false,"id":"2055.eb96c9d5-bc8b-47df-80c0-266f9daa7a83"},{"itemSubjectRef":"itm.12.db8cb755-8799-4ec7-865f-c093978743a7","name":"podatkiOStranki","isCollection":false,"id":"2055.6b44c4a9-1094-44b0-8e0f-b1eb04010b35"}]}}],"targetNamespace":"","typeLanguage":"http:\/\/www.w3.org\/2001\/XMLSchema","expressionLanguage":"http:\/\/www.ibm.com\/xmlns\/prod\/bpm\/expression-lang\/javascript"}</jsonData>
        <field1 isNull="true" />
        <field2 isNull="true" />
        <field3>0</field3>
        <field4 isNull="true" />
        <field5>false</field5>
        <clobField1 isNull="true" />
        <blobField1 isNull="true" />
        <processParameter name="zavarovanje">
            <lastModified isNull="true" />
            <lastModifiedBy isNull="true" />
            <tenantId isNull="true" />
            <processParameterId>2055.a9a4f0a7-6405-4a0d-8d05-a2615630bd9e</processParameterId>
            <processId>1.07fae323-cd46-4976-a983-3132c2daca5c</processId>
            <parameterType>1</parameterType>
            <isArrayOf>false</isArrayOf>
            <classId>d1c7fa2c-a052-4748-be6a-977a7d99a19b/12.dcd32c7e-65dc-4ef3-9ae4-d0321d270eb6</classId>
            <seq>1</seq>
            <hasDefault>false</hasDefault>
            <defaultValue isNull="true" />
            <isLocked>false</isLocked>
            <description isNull="true" />
            <guid>b82f001f-61ae-4298-b965-8838c985c05d</guid>
            <versionId>9912a693-64c1-45bb-8a1b-bf0e9c011799</versionId>
        </processParameter>
        <processParameter name="keyZavarovanjeShared">
            <lastModified isNull="true" />
            <lastModifiedBy isNull="true" />
            <tenantId isNull="true" />
            <processParameterId>2055.389a27ae-13f9-44ff-84b5-107fa166f34c</processParameterId>
            <processId>1.07fae323-cd46-4976-a983-3132c2daca5c</processId>
            <parameterType>1</parameterType>
            <isArrayOf>false</isArrayOf>
            <classId>34b0d65f-7524-4bdf-81fb-fcf6680322a1/12.db884a3c-c533-44b7-bb2d-47bec8ad4022</classId>
            <seq>2</seq>
            <hasDefault>false</hasDefault>
            <defaultValue isNull="true" />
            <isLocked>false</isLocked>
            <description isNull="true" />
            <guid>60d956f7-ace0-4f92-be05-3545d84ae65d</guid>
            <versionId>4ba3bc1e-d4aa-4877-8fea-e58faa10efbd</versionId>
        </processParameter>
        <processParameter name="uniqueId">
            <lastModified isNull="true" />
            <lastModifiedBy isNull="true" />
            <tenantId isNull="true" />
            <processParameterId>2055.a1b09742-d713-49eb-83ba-384a3257936d</processParameterId>
            <processId>1.07fae323-cd46-4976-a983-3132c2daca5c</processId>
            <parameterType>1</parameterType>
            <isArrayOf>false</isArrayOf>
            <classId>34b0d65f-7524-4bdf-81fb-fcf6680322a1/12.db884a3c-c533-44b7-bb2d-47bec8ad4022</classId>
            <seq>3</seq>
            <hasDefault>false</hasDefault>
            <defaultValue isNull="true" />
            <isLocked>false</isLocked>
            <description>UniqueId selektovanog zavarovanja</description>
            <guid>6c61bea6-5857-4e28-9044-b80daf6325fc</guid>
            <versionId>afd29ba9-4a82-47ed-8162-3cc4acd544bc</versionId>
        </processParameter>
        <processParameter name="cenitvenoPorocilo">
            <lastModified isNull="true" />
            <lastModifiedBy isNull="true" />
            <tenantId isNull="true" />
            <processParameterId>2055.8eb70093-0386-4f0b-8b48-2b0c383cb261</processParameterId>
            <processId>1.07fae323-cd46-4976-a983-3132c2daca5c</processId>
            <parameterType>1</parameterType>
            <isArrayOf>false</isArrayOf>
            <classId>d1c7fa2c-a052-4748-be6a-977a7d99a19b/12.49b6469c-3575-4c65-8e6d-f76aca90f79a</classId>
            <seq>4</seq>
            <hasDefault>false</hasDefault>
            <defaultValue isNull="true" />
            <isLocked>false</isLocked>
            <description isNull="true" />
            <guid>3e97ed64-e716-45d2-af1a-16c4fd736bc8</guid>
            <versionId>92b18829-cb46-47ce-b285-0e4577549ce7</versionId>
        </processParameter>
        <processParameter name="uniqueIdCenPor">
            <lastModified isNull="true" />
            <lastModifiedBy isNull="true" />
            <tenantId isNull="true" />
            <processParameterId>2055.5177905c-4cc6-4ad8-8f61-e2653aad04b2</processParameterId>
            <processId>1.07fae323-cd46-4976-a983-3132c2daca5c</processId>
            <parameterType>1</parameterType>
            <isArrayOf>false</isArrayOf>
            <classId>34b0d65f-7524-4bdf-81fb-fcf6680322a1/12.db884a3c-c533-44b7-bb2d-47bec8ad4022</classId>
            <seq>5</seq>
            <hasDefault>false</hasDefault>
            <defaultValue isNull="true" />
            <isLocked>false</isLocked>
            <description isNull="true" />
            <guid>989db653-904f-49c2-b6b9-4558b35103d4</guid>
            <versionId>e39ef98c-ee61-4c5d-a773-8779ac8883b0</versionId>
        </processParameter>
        <processParameter name="novoZavarovanje">
            <lastModified isNull="true" />
            <lastModifiedBy isNull="true" />
            <tenantId isNull="true" />
            <processParameterId>2055.66e6c5ed-cf64-4825-8f52-e88db7ff2d2f</processParameterId>
            <processId>1.07fae323-cd46-4976-a983-3132c2daca5c</processId>
            <parameterType>1</parameterType>
            <isArrayOf>false</isArrayOf>
            <classId>34b0d65f-7524-4bdf-81fb-fcf6680322a1/12.83ff975e-8dbc-42e5-b738-fa8bc08274a2</classId>
            <seq>6</seq>
            <hasDefault>false</hasDefault>
            <defaultValue isNull="true" />
            <isLocked>false</isLocked>
            <description isNull="true" />
            <guid>23d6ddcd-71fb-4c5f-aa10-edc37cc9cc19</guid>
            <versionId>d94c8129-7d01-4c6f-8ec6-10d130c5390d</versionId>
        </processParameter>
        <processParameter name="kategorija">
            <lastModified isNull="true" />
            <lastModifiedBy isNull="true" />
            <tenantId isNull="true" />
            <processParameterId>2055.6155a537-056c-4ef1-8bf0-df3fa31e22bb</processParameterId>
            <processId>1.07fae323-cd46-4976-a983-3132c2daca5c</processId>
            <parameterType>1</parameterType>
            <isArrayOf>false</isArrayOf>
            <classId>d1c7fa2c-a052-4748-be6a-977a7d99a19b/12.8a619755-21c6-45bb-a2f3-d6b7796f8a3b</classId>
            <seq>7</seq>
            <hasDefault>false</hasDefault>
            <defaultValue isNull="true" />
            <isLocked>false</isLocked>
            <description isNull="true" />
            <guid>25864794-0cfa-4324-bb42-97fbf4d4e7c8</guid>
            <versionId>2c04d67d-325d-4993-a526-88132d175cb9</versionId>
        </processParameter>
        <processParameter name="podkategorija">
            <lastModified isNull="true" />
            <lastModifiedBy isNull="true" />
            <tenantId isNull="true" />
            <processParameterId>2055.eb96c9d5-bc8b-47df-80c0-266f9daa7a83</processParameterId>
            <processId>1.07fae323-cd46-4976-a983-3132c2daca5c</processId>
            <parameterType>1</parameterType>
            <isArrayOf>false</isArrayOf>
            <classId>d1c7fa2c-a052-4748-be6a-977a7d99a19b/12.8a619755-21c6-45bb-a2f3-d6b7796f8a3b</classId>
            <seq>8</seq>
            <hasDefault>false</hasDefault>
            <defaultValue isNull="true" />
            <isLocked>false</isLocked>
            <description isNull="true" />
            <guid>bb782d64-7c98-4e1a-b34a-153eeb6779e8</guid>
            <versionId>7b761d04-521f-4388-9caf-e6caf06d3fca</versionId>
        </processParameter>
        <processParameter name="podatkiOStranki">
            <lastModified isNull="true" />
            <lastModifiedBy isNull="true" />
            <tenantId isNull="true" />
            <processParameterId>2055.6b44c4a9-1094-44b0-8e0f-b1eb04010b35</processParameterId>
            <processId>1.07fae323-cd46-4976-a983-3132c2daca5c</processId>
            <parameterType>1</parameterType>
            <isArrayOf>false</isArrayOf>
            <classId>/12.db8cb755-8799-4ec7-865f-c093978743a7</classId>
            <seq>9</seq>
            <hasDefault>false</hasDefault>
            <defaultValue isNull="true" />
            <isLocked>false</isLocked>
            <description isNull="true" />
            <guid>8f5c1c8f-d4d4-4e7b-9887-7d265094dfc1</guid>
            <versionId>2b4fc97e-e6ba-451c-9ab4-f515a0778d88</versionId>
        </processParameter>
        <processParameter name="zavarovanje">
            <lastModified isNull="true" />
            <lastModifiedBy isNull="true" />
            <tenantId isNull="true" />
            <processParameterId>2055.dbdd71a6-477b-453d-8a48-c02d09221588</processParameterId>
            <processId>1.07fae323-cd46-4976-a983-3132c2daca5c</processId>
            <parameterType>2</parameterType>
            <isArrayOf>false</isArrayOf>
            <classId>d1c7fa2c-a052-4748-be6a-977a7d99a19b/12.dcd32c7e-65dc-4ef3-9ae4-d0321d270eb6</classId>
            <seq>10</seq>
            <hasDefault>false</hasDefault>
            <defaultValue isNull="true" />
            <isLocked>false</isLocked>
            <description isNull="true" />
            <guid>caeefc24-4a06-444a-bd99-dc2008560df5</guid>
            <versionId>9951ac7f-9c7f-4f9a-a7c8-c01e4cb506be</versionId>
        </processParameter>
        <processParameter name="cenitvenoPorocilo">
            <lastModified isNull="true" />
            <lastModifiedBy isNull="true" />
            <tenantId isNull="true" />
            <processParameterId>2055.c47e391e-2d33-4604-89cf-0fa11b14281f</processParameterId>
            <processId>1.07fae323-cd46-4976-a983-3132c2daca5c</processId>
            <parameterType>2</parameterType>
            <isArrayOf>false</isArrayOf>
            <classId>d1c7fa2c-a052-4748-be6a-977a7d99a19b/12.49b6469c-3575-4c65-8e6d-f76aca90f79a</classId>
            <seq>11</seq>
            <hasDefault>false</hasDefault>
            <defaultValue isNull="true" />
            <isLocked>false</isLocked>
            <description isNull="true" />
            <guid>35fcd1c3-75ef-482f-b402-384e2c6048e0</guid>
            <versionId>753dd3cc-c00d-40ed-933a-2a08d5db6ff0</versionId>
        </processParameter>
        <processParameter name="cenitvenaPorocilaIzbira">
            <lastModified isNull="true" />
            <lastModifiedBy isNull="true" />
            <tenantId isNull="true" />
            <processParameterId>2055.566e3f2c-3fb2-4d8b-8f26-7a6d316fb0a3</processParameterId>
            <processId>1.07fae323-cd46-4976-a983-3132c2daca5c</processId>
            <parameterType>2</parameterType>
            <isArrayOf>true</isArrayOf>
            <classId>d1c7fa2c-a052-4748-be6a-977a7d99a19b/12.72d954ad-82d6-4515-a32c-513646aae8c7</classId>
            <seq>12</seq>
            <hasDefault>false</hasDefault>
            <defaultValue isNull="true" />
            <isLocked>false</isLocked>
            <description>Lista dostupnih cenitvenih porocila:&lt;div&gt;value = uniqueId&lt;/div&gt;&lt;div&gt;name = nesto&lt;/div&gt;</description>
            <guid>cee240f9-ed16-4dd8-a1b0-c25d12e47820</guid>
            <versionId>76d39da6-5056-433d-9914-9c53f1172438</versionId>
        </processParameter>
        <processParameter name="skupinaPovezanihOseb">
            <lastModified isNull="true" />
            <lastModifiedBy isNull="true" />
            <tenantId isNull="true" />
            <processParameterId>2055.24a26064-4b11-4900-89cc-9edee3ac70f3</processParameterId>
            <processId>1.07fae323-cd46-4976-a983-3132c2daca5c</processId>
            <parameterType>2</parameterType>
            <isArrayOf>true</isArrayOf>
            <classId>34b0d65f-7524-4bdf-81fb-fcf6680322a1/12.db884a3c-c533-44b7-bb2d-47bec8ad4022</classId>
            <seq>13</seq>
            <hasDefault>false</hasDefault>
            <defaultValue isNull="true" />
            <isLocked>false</isLocked>
            <description isNull="true" />
            <guid>c24e4f36-6bb7-47b9-b76f-6b8d1c4f942f</guid>
            <versionId>f5c19181-4aa6-486a-a538-7b7b09ba7edc</versionId>
        </processParameter>
        <item>
            <lastModified isNull="true" />
            <lastModifiedBy isNull="true" />
            <tenantId isNull="true" />
            <processItemId>2025.54711bf0-e84e-44ab-8192-8cfb05569c59</processItemId>
            <processId>1.07fae323-cd46-4976-a983-3132c2daca5c</processId>
            <name>Novo zavarovanje?</name>
            <tWComponentName>Switch</tWComponentName>
            <tWComponentId>3013.600fdeac-a7bf-4db5-882c-0f905f31687e</tWComponentId>
            <isLogEnabled>false</isLogEnabled>
            <isTraceEnabled>false</isTraceEnabled>
            <traceCategory isNull="true" />
            <traceLevel isNull="true" />
            <traceMessage isNull="true" />
            <traceSymbolTable isNull="true" />
            <isExecutionContextTraced>false</isExecutionContextTraced>
            <saveExecutionContext>false</saveExecutionContext>
            <documentation isNull="true" />
            <isErrorHandlerEnabled>false</isErrorHandlerEnabled>
            <errorHandlerItemId isNull="true" />
            <guid>guid:3b1b3cbe7f53ec7c:690fd8d0:192198688a6:-5e39</guid>
            <versionId>0f2e0c4d-5b3d-4e5b-9d6f-b77d69292da9</versionId>
            <externalServiceRef isNull="true" />
            <externalServiceOp isNull="true" />
            <nodeColor isNull="true" />
            <layoutData x="152" y="76">
                <errorLink>
                    <controlPoints />
                    <showEndState>false</showEndState>
                    <showName>false</showName>
                </errorLink>
            </layoutData>
            <TWComponent>
                <lastModified isNull="true" />
                <lastModifiedBy isNull="true" />
                <tenantId isNull="true" />
                <switchId>3013.600fdeac-a7bf-4db5-882c-0f905f31687e</switchId>
                <guid>324b26ef-57f4-4744-ad4e-b67503488e08</guid>
                <versionId>39161155-6d04-46fd-82a4-47ad43af1ad0</versionId>
                <SwitchCondition>
                    <lastModified isNull="true" />
                    <lastModifiedBy isNull="true" />
                    <tenantId isNull="true" />
                    <switchConditionId>3014.23807a1c-dd4a-462d-a504-7f323967d021</switchConditionId>
                    <switchId>3013.600fdeac-a7bf-4db5-882c-0f905f31687e</switchId>
                    <seq>1</seq>
                    <endStateId>guid:b54225974eb7d993:-57f380f8:197451ea1a7:4baa</endStateId>
                    <condition>tw.local.novoZavarovanje || (tw.local.zavarovanje &amp;&amp; tw.local.zavarovanje.bpmZavarovanje == true)</condition>
                    <guid>43ebd60b-dfaf-42e4-847d-ab5efccec3ac</guid>
                    <versionId>abe46080-f0f5-4d33-bcc0-23ce6ed5ecbb</versionId>
                </SwitchCondition>
            </TWComponent>
        </item>
        <item>
            <lastModified isNull="true" />
            <lastModifiedBy isNull="true" />
            <tenantId isNull="true" />
            <processItemId>2025.e9d5e100-997f-42e4-8b3d-d6b7fc98a29d</processItemId>
            <processId>1.07fae323-cd46-4976-a983-3132c2daca5c</processId>
            <name>End</name>
            <tWComponentName>ExitPoint</tWComponentName>
            <tWComponentId>3008.2580cb95-2942-4736-8ad8-c25b85e0ce25</tWComponentId>
            <isLogEnabled>false</isLogEnabled>
            <isTraceEnabled>false</isTraceEnabled>
            <traceCategory isNull="true" />
            <traceLevel isNull="true" />
            <traceMessage isNull="true" />
            <traceSymbolTable isNull="true" />
            <isExecutionContextTraced>false</isExecutionContextTraced>
            <saveExecutionContext>true</saveExecutionContext>
            <documentation isNull="true" />
            <isErrorHandlerEnabled>false</isErrorHandlerEnabled>
            <errorHandlerItemId isNull="true" />
            <guid>guid:6114daf73a8180c6:-26dbed5d:18f91c11723:768b</guid>
            <versionId>1bf727f8-055a-47c3-b112-0008bf57fbe2</versionId>
            <externalServiceRef isNull="true" />
            <externalServiceOp isNull="true" />
            <nodeColor isNull="true" />
            <layoutData x="650" y="80">
                <errorLink>
                    <controlPoints />
                    <showEndState>false</showEndState>
                    <showName>false</showName>
                </errorLink>
            </layoutData>
            <TWComponent>
                <lastModified isNull="true" />
                <lastModifiedBy isNull="true" />
                <tenantId isNull="true" />
                <exitPointId>3008.2580cb95-2942-4736-8ad8-c25b85e0ce25</exitPointId>
                <haltProcess>false</haltProcess>
                <guid>0b43b901-9486-45e9-ae2e-70d4c818e070</guid>
                <versionId>b6077d13-d957-4a0f-8938-bc367d3c0b50</versionId>
            </TWComponent>
        </item>
        <item>
            <lastModified isNull="true" />
            <lastModifiedBy isNull="true" />
            <tenantId isNull="true" />
            <processItemId>2025.422d37d2-c7ac-4bfc-8ffe-4614e70f535e</processItemId>
            <processId>1.07fae323-cd46-4976-a983-3132c2daca5c</processId>
            <name>Novo zavarovanje</name>
            <tWComponentName>Script</tWComponentName>
            <tWComponentId>3011.056330df-5cbf-4aa4-b8d3-735eb4ac22b4</tWComponentId>
            <isLogEnabled>false</isLogEnabled>
            <isTraceEnabled>false</isTraceEnabled>
            <traceCategory isNull="true" />
            <traceLevel isNull="true" />
            <traceMessage isNull="true" />
            <traceSymbolTable isNull="true" />
            <isExecutionContextTraced>false</isExecutionContextTraced>
            <saveExecutionContext>false</saveExecutionContext>
            <documentation isNull="true" />
            <isErrorHandlerEnabled>false</isErrorHandlerEnabled>
            <errorHandlerItemId isNull="true" />
            <guid>guid:3b1b3cbe7f53ec7c:690fd8d0:192198688a6:-5e36</guid>
            <versionId>4c634378-16ac-4bd8-b3a5-37ecbbbb228b</versionId>
            <externalServiceRef isNull="true" />
            <externalServiceOp isNull="true" />
            <nodeColor isNull="true" />
            <layoutData x="365" y="178">
                <errorLink>
                    <controlPoints />
                    <showEndState>false</showEndState>
                    <showName>false</showName>
                </errorLink>
            </layoutData>
            <TWComponent>
                <lastModified isNull="true" />
                <lastModifiedBy isNull="true" />
                <tenantId isNull="true" />
                <scriptId>3011.056330df-5cbf-4aa4-b8d3-735eb4ac22b4</scriptId>
                <scriptTypeId>2</scriptTypeId>
                <isActive>true</isActive>
                <script>var zavarovanjeShared = new tw.object.ZavarovanjeShared_BO(tw.local.keyZavarovanjeShared);&#xD;
&#xD;
if(tw.local.zavarovanje){&#xD;
	//UPDATE - azuriranje zavarovanja&#xD;
	var obstaja = false;&#xD;
	for (var i=0; i&lt;zavarovanjeShared.predlogZavarovanja.length; i++) {&#xD;
		if(zavarovanjeShared.predlogZavarovanja[i].uniqueId == tw.local.uniqueId){&#xD;
			obstaja = true;&#xD;
			zavarovanjeShared.predlogZavarovanja[i] = tw.local.zavarovanje;&#xD;
			&#xD;
			break;&#xD;
		}&#xD;
	}&#xD;
	&#xD;
	if(!obstaja &amp;&amp; tw.local.zavarovanje.status != tw.epv.ZavarovanjeEPV.statusDeaktivirano){&#xD;
		zavarovanjeShared.predlogZavarovanja[zavarovanjeShared.predlogZavarovanja.length] = tw.local.zavarovanje;&#xD;
	}&#xD;
	&#xD;
	zavarovanjeShared.save();&#xD;
}else {&#xD;
	//GET - preuzimanje detalja o zavarovanju&#xD;
	var predlog = {};&#xD;
	predlog.idKategorija = tw.local.kategorija.id;&#xD;
	predlog.idPodkategorija = tw.local.podkategorija.id;&#xD;
	predlog.status = "Aktivno";&#xD;
	predlog.zaporednaStevilka = zavarovanjeShared.predlogZavarovanja.length+1;&#xD;
	predlog.uniqueId = sidt.generateGuid();&#xD;
	tw.local.zavarovanje = novoZavarovanje(predlog,tw.local.kategorija.koda);&#xD;
	tw.local.zavarovanje.bpmZavarovanje = true;&#xD;
	&#xD;
	tw.local.cenitvenoPorocilo = {};&#xD;
	tw.local.cenitvenaPorocilaIzbira = [];&#xD;
}&#xD;
&#xD;
&#xD;
&#xD;
&#xD;
function novoZavarovanje(predlog,sklop){&#xD;
	&#xD;
	var zavarovanje = new tw.object.Zavarovanje_BO();&#xD;
	zavarovanje.zaporednaStevilka = predlog.zaporednaStevilka;&#xD;
	zavarovanje.uniqueId = predlog.uniqueId;&#xD;
	zavarovanje.oznaka = za.pridobiOznako();&#xD;
	zavarovanje.kategorija = JSON.parse(JSON.stringify(sidt.swapSifrant("sif_kategorija_zavarovanja",predlog.idKategorija)));&#xD;
	zavarovanje.podkategorija = JSON.parse(JSON.stringify(sidt.swapSifrant("sif_podkategorija_zavarovanja",predlog.idPodkategorija)));&#xD;
	zavarovanje.status = predlog.status;&#xD;
	zavarovanje.sklop = sklop;&#xD;
	zavarovanje.pomozniPodatki = {};&#xD;
	zavarovanje.pomozniPodatki.dodatniPodatkiPopolni = false;&#xD;
	zavarovanje.pomozniPodatki.cenitvenoPorociloObvezno = false;&#xD;
	zavarovanje.pomozniPodatki.cenitvenoPorociloPopolno = false;&#xD;
	zavarovanje.pomozniPodatki.cenitvenoPorociloSkrbnik = false;&#xD;
	zavarovanje.pomozniPodatki.cenitvenoPorociloSpecialist = false;&#xD;
	zavarovanje.pomozniPodatki.pravnoMnenjePopolno = false;&#xD;
	zavarovanje.pomozniPodatki.stevilkaZavarovanjaCredesPopolna = false;&#xD;
	zavarovanje.pomozniPodatki.kreditnoTveganjeObvezno = false;&#xD;
	zavarovanje.pomozniPodatki.pravnoMnenjeObvezno = true;&#xD;
	zavarovanje.pomozniPodatki.predlogZavarovanjaSkrbnikObvezno = false;&#xD;
	zavarovanje.pomozniPodatki.hipotekeMapa = [];&#xD;
	&#xD;
	zavarovanje.zavarovanjeOsnovniPodatki = {};&#xD;
	zavarovanje.zavarovanjeOsnovniPodatki.imetnik = [];&#xD;
	zavarovanje.zavarovanjeOsnovniPodatki.lokacije = [];&#xD;
	zavarovanje.zavarovanjeOsnovniPodatki.motornaVozila = [];&#xD;
	zavarovanje.zavarovanjeOsnovniPodatki.nazivPoslovneOpreme = {};&#xD;
	zavarovanje.zavarovanjeOsnovniPodatki.nepremicnineCeloto = [];&#xD;
	zavarovanje.zavarovanjeOsnovniPodatki.obcina = {};&#xD;
	zavarovanje.zavarovanjeOsnovniPodatki.odprtoStanjeTerjatev = [];&#xD;
	zavarovanje.zavarovanjeOsnovniPodatki.vrstaPravice = {};&#xD;
	zavarovanje.zavarovanjeOsnovniPodatki.vrstaZalog = {};&#xD;
	zavarovanje.zavarovanjeOsnovniPodatki.kraj = {};&#xD;
	zavarovanje.zavarovanjeOsnovniPodatki.drzava = {};&#xD;
	&#xD;
	zavarovanje.zavarovanjeDodatniPodatki = {};&#xD;
	zavarovanje.zavarovanjeDodatniPodatki.izdelanaEnergetskaIzkaznica = {};&#xD;
	zavarovanje.zavarovanjeDodatniPodatki.motornaVozilaPredlogZav = [];&#xD;
	zavarovanje.zavarovanjeDodatniPodatki.nepremicnineOcenjeneVrednosti = [];&#xD;
	zavarovanje.zavarovanjeDodatniPodatki.nacinVrednotenja = {};&#xD;
	zavarovanje.zavarovanjeDodatniPodatki.namenUporabeVrednosti = {};&#xD;
	zavarovanje.zavarovanjeDodatniPodatki.nepremicninaVCelotiDokoncana = {};&#xD;
	zavarovanje.zavarovanjeDodatniPodatki.nepremicninePredlogZavarovanja = [];&#xD;
	zavarovanje.zavarovanjeDodatniPodatki.posamezenStrojPredlogZav = [];&#xD;
	zavarovanje.zavarovanjeDodatniPodatki.motornaVozilaPredlogZav = [];&#xD;
	zavarovanje.zavarovanjeDodatniPodatki.nevarnostPlazov = {};&#xD;
	zavarovanje.zavarovanjeDodatniPodatki.obstajaNeodvisnoTveganje = {};&#xD;
	zavarovanje.zavarovanjeDodatniPodatki.opremaPoLokacijahPredlogZav = [];&#xD;
	zavarovanje.zavarovanjeDodatniPodatki.poplavnaOgrozenost = {};&#xD;
	zavarovanje.zavarovanjeDodatniPodatki.pozarnaOgrozenost = {};&#xD;
	zavarovanje.zavarovanjeDodatniPodatki.pridobijenoGDUD = {};&#xD;
	zavarovanje.zavarovanjeDodatniPodatki.sifraZavarovanja = {};&#xD;
	zavarovanje.zavarovanjeDodatniPodatki.energetskeIzkaznice = [];&#xD;
	zavarovanje.zavarovanjeDodatniPodatki.zastavnePravice = [];&#xD;
	zavarovanje.zavarovanjeDodatniPodatki.nazivZavarovalnice = {};&#xD;
	zavarovanje.zavarovanjeDodatniPodatki.kupoprodajnaPogodbaUredna = {};&#xD;
	zavarovanje.zavarovanjeDodatniPodatki.izpolnjeniPogojiZaPS = {};&#xD;
	zavarovanje.zavarovanjeDodatniPodatki.vrednostPredhBremenitevUpnikov = 0;&#xD;
	zavarovanje.zavarovanjeDodatniPodatki.vrednostPredhBremenitevBanke = 0;&#xD;
&#xD;
	zavarovanje.pravnoMnenje = {};&#xD;
	zavarovanje.pravnoMnenje.nazivUrednegaRegistra = {};&#xD;
	zavarovanje.pravnoMnenje.pogodbaVsebujeDovolilo = {};&#xD;
	zavarovanje.pravnoMnenje.izpolnjeniPogojiZaPSO = {};&#xD;
	&#xD;
	zavarovanje.zavarovalnaPolica = {};	&#xD;
	&#xD;
	zavarovanje.podatkiKalkulatorjaNepremicnine = [];&#xD;
	zavarovanje.podatkiKalkulatorjaPremicnine = [];&#xD;
	zavarovanje.podatkiKalkulatorja = {};&#xD;
	zavarovanje.vinkulacije = [];&#xD;
	&#xD;
	if(zavarovanje.podkategorija.id == tw.epv.ZavarovanjeEPV.podkategorijaPorostvoSlovenija){&#xD;
		zavarovanje.zavarovanjeOsnovniPodatki.davcnaStevilkaPoroka = tw.epv.ZavarovanjeEPV.republikaSlovenijaDavcna.valueAt(new TWDate());&#xD;
		zavarovanje.zastaviteljJeKreditojemalec = "NE";&#xD;
		zavarovanje.zastaviteljiPoroki = [];&#xD;
		zavarovanje.zastaviteljiPoroki[0] = {};&#xD;
		zavarovanje.zastaviteljiPoroki[0].tipOsebe = JSON.parse(JSON.stringify(sidt.swapSifrant("en_tip_osebe",tw.epv.ZavarovanjeEPV.tipOsebePravnaId.valueAt(new TWDate()))));&#xD;
		zavarovanje.zastaviteljiPoroki[0].naziv = tw.epv.ZavarovanjeEPV.republikaSlovenijaNaziv.valueAt(new TWDate());&#xD;
		zavarovanje.zastaviteljiPoroki[0].davcnaStevilka = tw.epv.ZavarovanjeEPV.republikaSlovenijaDavcna.valueAt(new TWDate());&#xD;
	}else if(zavarovanje.podkategorija.id == tw.epv.ZavarovanjeEPV.podkategorijaPortfeljskeGarancije){&#xD;
		zavarovanje.zavarovanjeOsnovniPodatki.davcnaStevilkaPoroka = tw.epv.ZavarovanjeEPV.davcnaStevilkaMgts.valueAt(new TWDate());&#xD;
		zavarovanje.zastaviteljJeKreditojemalec = "NE";&#xD;
		zavarovanje.zastaviteljiPoroki = [];&#xD;
		zavarovanje.zastaviteljiPoroki[0] = {};&#xD;
		zavarovanje.zastaviteljiPoroki[0].tipOsebe = JSON.parse(JSON.stringify(sidt.swapSifrant("en_tip_osebe",tw.epv.ZavarovanjeEPV.tipOsebePravnaId.valueAt(new TWDate()))));&#xD;
		zavarovanje.zastaviteljiPoroki[0].naziv = tw.epv.ZavarovanjeEPV.nazivMgts.valueAt(new TWDate());&#xD;
		zavarovanje.zastaviteljiPoroki[0].davcnaStevilka = tw.epv.ZavarovanjeEPV.davcnaStevilkaMgts.valueAt(new TWDate());&#xD;
	}else if(sklop == tw.epv.ZavarovanjeEPV.sklopDrugo){&#xD;
		zavarovanje.zastaviteljJeKreditojemalec = "DA";&#xD;
		zavarovanje.zastaviteljiPoroki = [];&#xD;
		zavarovanje.zastaviteljiPoroki[0] = {};&#xD;
		zavarovanje.zastaviteljiPoroki[0].tipOsebe = JSON.parse(JSON.stringify(sidt.swapSifrant("en_tip_osebe",tw.epv.ZavarovanjeEPV.tipOsebePravnaId.valueAt(new TWDate()))));&#xD;
		zavarovanje.zastaviteljiPoroki[0].naziv = tw.local.podatkiOStranki.stranka.nazivStranke;&#xD;
		zavarovanje.zastaviteljiPoroki[0].davcnaStevilka = tw.local.podatkiOStranki.stranka.davcnaStevilka;&#xD;
	}else{&#xD;
		zavarovanje.zastaviteljJeKreditojemalec = "NE";&#xD;
	}&#xD;
	return zavarovanje;&#xD;
}&#xD;
</script>
                <isRule>false</isRule>
                <guid>37fe284b-6bfb-4e32-947e-20e77c8a45a7</guid>
                <versionId>60416c9d-9546-478a-bcae-4902aeadbf6d</versionId>
            </TWComponent>
        </item>
        <item>
            <lastModified isNull="true" />
            <lastModifiedBy isNull="true" />
            <tenantId isNull="true" />
            <processItemId>2025.334dc67f-38fa-4f68-8382-15907a676502</processItemId>
            <processId>1.07fae323-cd46-4976-a983-3132c2daca5c</processId>
            <name>Zavarovanje shared</name>
            <tWComponentName>Script</tWComponentName>
            <tWComponentId>3011.fe411b77-6fe6-4dbd-a8c9-d899eb799c5f</tWComponentId>
            <isLogEnabled>false</isLogEnabled>
            <isTraceEnabled>false</isTraceEnabled>
            <traceCategory isNull="true" />
            <traceLevel isNull="true" />
            <traceMessage isNull="true" />
            <traceSymbolTable isNull="true" />
            <isExecutionContextTraced>false</isExecutionContextTraced>
            <saveExecutionContext>false</saveExecutionContext>
            <documentation isNull="true" />
            <isErrorHandlerEnabled>false</isErrorHandlerEnabled>
            <errorHandlerItemId isNull="true" />
            <guid>guid:6114daf73a8180c6:-26dbed5d:18f91c11723:769c</guid>
            <versionId>a7c356cb-1c7b-4a66-a0a9-8a906f07cf0d</versionId>
            <externalServiceRef isNull="true" />
            <externalServiceOp isNull="true" />
            <nodeColor isNull="true" />
            <processPrePosts>
                <lastModified isNull="true" />
                <lastModifiedBy isNull="true" />
                <tenantId isNull="true" />
                <processItemPrePostId>2029.fccb40f5-0301-4c0e-b386-615b14a8dca5</processItemPrePostId>
                <processItemId>2025.334dc67f-38fa-4f68-8382-15907a676502</processItemId>
                <location>2</location>
                <script isNull="true" />
                <guid>0bd414d0-f934-4228-a6d8-768645f1056b</guid>
                <versionId>ef524c07-f1a1-4a62-9ca1-f2d8a2194e97</versionId>
            </processPrePosts>
            <layoutData x="370" y="57">
                <errorLink>
                    <controlPoints />
                    <showEndState>false</showEndState>
                    <showName>false</showName>
                </errorLink>
            </layoutData>
            <TWComponent>
                <lastModified isNull="true" />
                <lastModifiedBy isNull="true" />
                <tenantId isNull="true" />
                <scriptId>3011.fe411b77-6fe6-4dbd-a8c9-d899eb799c5f</scriptId>
                <scriptTypeId>2</scriptTypeId>
                <isActive>true</isActive>
                <script>var zavarovanjeShared = new tw.object.ZavarovanjeShared_BO(tw.local.keyZavarovanjeShared);&#xD;
if(!!tw.local.uniqueId){&#xD;
	if(tw.local.zavarovanje){&#xD;
		//UPDATE - azuriranje zavarovanja&#xD;
		for (var i=0; i&lt;zavarovanjeShared.predlogZavarovanja.length; i++) {&#xD;
			if(zavarovanjeShared.predlogZavarovanja[i].uniqueId == tw.local.uniqueId){&#xD;
				zavarovanjeShared.predlogZavarovanja[i] = tw.local.zavarovanje;&#xD;
				if(tw.local.zavarovanje.zavarovanjeDodatniPodatki.nacinVrednotenja &amp;&amp; tw.local.zavarovanje.zavarovanjeDodatniPodatki.nacinVrednotenja.koda == tw.epv.ZavarovanjeEPV.cenitvenoPorociloKoda.valueAt(new TWDate())){&#xD;
					if(tw.local.zavarovanje.cenitvenoPorociloUniqueId){&#xD;
						//UPDATE - postojece cenitveno porocilo&#xD;
						for (var j=0; j&lt;zavarovanjeShared.cenitvenaPorocila.length; j++) {&#xD;
							if(zavarovanjeShared.cenitvenaPorocila[j].uniqueId == tw.local.zavarovanje.cenitvenoPorociloUniqueId){&#xD;
								zavarovanjeShared.cenitvenaPorocila[j] = tw.local.cenitvenoPorocilo;&#xD;
							}&#xD;
						}&#xD;
					}else{&#xD;
						//CREATE - novo cenitveno porocilo&#xD;
						tw.local.cenitvenoPorocilo.uniqueId = sidt.generateGuid();&#xD;
						tw.local.cenitvenoPorocilo.sklopZavarovanja = tw.local.zavarovanje.sklop;&#xD;
						tw.local.zavarovanje.cenitvenoPorociloUniqueId = tw.local.cenitvenoPorocilo.uniqueId;&#xD;
						zavarovanjeShared.cenitvenaPorocila[zavarovanjeShared.cenitvenaPorocila.length] = tw.local.cenitvenoPorocilo;&#xD;
					}&#xD;
				}&#xD;
				&#xD;
				zavarovanjeShared.save();&#xD;
			}&#xD;
		}&#xD;
		&#xD;
	}else {&#xD;
		//GET - preuzimanje detalja o zavarovanju&#xD;
		tw.local.skupinaPovezanihOseb = [];&#xD;
		for (var sk=0; sk&lt;tw.local.podatkiOStranki.skupinaPovezanihOseb.povezaneOsebeVPP.povezaneOsebe.length; sk++) {&#xD;
			if(tw.local.podatkiOStranki.skupinaPovezanihOseb.povezaneOsebeVPP.povezaneOsebe[sk].davcnaStevilka){&#xD;
				tw.local.skupinaPovezanihOseb[tw.local.skupinaPovezanihOseb.listLength] =  tw.local.podatkiOStranki.skupinaPovezanihOseb.povezaneOsebeVPP.povezaneOsebe[sk].davcnaStevilka;&#xD;
			}&#xD;
		}&#xD;
		&#xD;
		for (var i=0; i&lt;zavarovanjeShared.predlogZavarovanja.length; i++) {&#xD;
			if(zavarovanjeShared.predlogZavarovanja[i].uniqueId == tw.local.uniqueId){&#xD;
				tw.local.zavarovanje = zavarovanjeShared.predlogZavarovanja[i];&#xD;
			}&#xD;
		}&#xD;
		&#xD;
		tw.local.cenitvenoPorocilo = {};&#xD;
		tw.local.cenitvenaPorocilaIzbira = [];&#xD;
		for (var i=0; i&lt;zavarovanjeShared.cenitvenaPorocila.length; i++) {&#xD;
			if(tw.local.zavarovanje.cenitvenoPorociloUniqueId &amp;&amp; zavarovanjeShared.cenitvenaPorocila[i].uniqueId == tw.local.zavarovanje.cenitvenoPorociloUniqueId){&#xD;
				tw.local.cenitvenoPorocilo = zavarovanjeShared.cenitvenaPorocila[i];&#xD;
			}&#xD;
		&#xD;
			if(tw.local.zavarovanje.sklop == zavarovanjeShared.cenitvenaPorocila[i].sklopZavarovanja){&#xD;
				var indeks = tw.local.cenitvenaPorocilaIzbira.listLength;&#xD;
				tw.local.cenitvenaPorocilaIzbira[indeks] = {};&#xD;
				tw.local.cenitvenaPorocilaIzbira[indeks].zaporednaStevilka = i + 1;&#xD;
				tw.local.cenitvenaPorocilaIzbira[indeks].sklopZavarovanja = tw.local.zavarovanje.sklop;&#xD;
				tw.local.cenitvenaPorocilaIzbira[indeks].uniqueId = zavarovanjeShared.cenitvenaPorocila[i].uniqueId;&#xD;
				tw.local.cenitvenaPorocilaIzbira[indeks].naslovStevilka = zavarovanjeShared.cenitvenaPorocila[i].naslovOzStevilka;&#xD;
				tw.local.cenitvenaPorocilaIzbira[indeks].zavarovanjaVkljucenaVCenitveno = [];&#xD;
				for (var zv=0; zv&lt;zavarovanjeShared.predlogZavarovanja.length; zv++) {&#xD;
					if(zavarovanjeShared.predlogZavarovanja[zv].cenitvenoPorociloUniqueId == zavarovanjeShared.cenitvenaPorocila[i].uniqueId){&#xD;
						var indeksZav = tw.local.cenitvenaPorocilaIzbira[indeks].zavarovanjaVkljucenaVCenitveno.listLength;&#xD;
						tw.local.cenitvenaPorocilaIzbira[indeks].zavarovanjaVkljucenaVCenitveno[indeksZav] = zavarovanjeShared.predlogZavarovanja[zv].zaporednaStevilka + " - " + zavarovanjeShared.predlogZavarovanja[zv].kategorija.naziv &#xD;
					}&#xD;
				}&#xD;
			}&#xD;
		}&#xD;
		&#xD;
	}&#xD;
}else if(!!tw.local.uniqueIdCenPor){&#xD;
	tw.local.cenitvenoPorocilo = {};&#xD;
	for (var i=0; i&lt;zavarovanjeShared.cenitvenaPorocila.length; i++) {&#xD;
		if(zavarovanjeShared.cenitvenaPorocila[i].uniqueId == tw.local.uniqueIdCenPor){&#xD;
			tw.local.cenitvenoPorocilo = zavarovanjeShared.cenitvenaPorocila[i];&#xD;
		}&#xD;
	}&#xD;
}</script>
                <isRule>false</isRule>
                <guid>654a9126-76fc-4ac9-a578-03e3cdf559bb</guid>
                <versionId>1efac884-0dde-4832-bbc7-20c8629e0b39</versionId>
            </TWComponent>
        </item>
        <EPV_PROCESS_LINK>
            <lastModified isNull="true" />
            <lastModifiedBy isNull="true" />
            <tenantId isNull="true" />
            <epvProcessLinkId>2058.0f0062db-6d92-4139-8e65-e20b0929a1c5</epvProcessLinkId>
            <epvId>d1c7fa2c-a052-4748-be6a-977a7d99a19b/21.4ec13dcc-524d-4df4-88f3-f0b9e3128a66</epvId>
            <processId>1.07fae323-cd46-4976-a983-3132c2daca5c</processId>
            <guid>e20e2bfb-83be-428d-a360-50bd11d61a8d</guid>
            <versionId>85f36d2e-ca48-4fd3-976c-8df2dc36aea4</versionId>
        </EPV_PROCESS_LINK>
        <startingProcessItemId>2025.54711bf0-e84e-44ab-8192-8cfb05569c59</startingProcessItemId>
        <errorHandlerItemId isNull="true" />
        <layoutData noConversion="true">
            <errorLink>
                <controlPoints />
                <showEndState>false</showEndState>
                <showName>false</showName>
            </errorLink>
        </layoutData>
        <startPoint>
            <layoutData x="25" y="80">
                <errorLink>
                    <controlPoints />
                    <showEndState>false</showEndState>
                    <showName>false</showName>
                </errorLink>
            </layoutData>
        </startPoint>
        <startLink>
            <fromPort locationId="rightCenter" portType="1" />
            <toPort locationId="leftCenter" portType="2" />
            <layoutData>
                <controlPoints />
                <showEndState>false</showEndState>
                <showName>false</showName>
            </layoutData>
        </startLink>
        <bpmn2Model>
            <ns16:definitions xmlns:ns16="http://www.omg.org/spec/BPMN/20100524/MODEL" xmlns:ns2="http://www.ibm.com/xmlns/prod/bpm/bpmn/ext/trackinggroup" xmlns:ns3="http://www.ibm.com/xmlns/prod/bpm/bpmn/ext/process" xmlns:ns4="http://www.ibm.com/xmlns/prod/bpm/bpmn/ext/process/wle" xmlns:ns5="http://www.ibm.com/xmlns/prod/bpm/bpmn/ext/process/case" xmlns:ns6="http://www.ibm.com/bpm/Extensions" xmlns:ns7="http://www.ibm.com/xmlns/prod/bpm/uca" xmlns:ns8="http://www.ibm.com/xmlns/prod/bpm/bpmn/ext/team" xmlns:ns9="http://www.ibm.com/xmlns/bpmnx/20100524/v1/BusinessVocabulary" xmlns:ns10="http://www.omg.org/spec/DD/20100524/DI" xmlns:ns11="http://www.omg.org/spec/DD/20100524/DC" xmlns:ns12="http://www.omg.org/spec/BPMN/20100524/BPMNDI" xmlns:ns13="http://www.ibm.com/xmlns/prod/bpm/graph" xmlns:ns14="http://www.ibm.com/xmlns/prod/bpm/bpmn/ext/process/auth" xmlns:ns15="http://www.ibm.com/xmlns/prod/bpm/bpmn/ext/extservice" xmlns:ns17="http://www.ibm.com/bpm/processappsettings" xmlns:ns18="http://www.ibm.com/xmlns/links" xmlns:ns19="http://www.ibm.com/bpm/CoachDesignerNG" xmlns:ns20="http://www.ibm.com/xmlns/tagging" xmlns:ns21="http://www.ibm.com/bpm/uitheme" xmlns:ns22="http://www.ibm.com/bpm/coachview" targetNamespace="" expressionLanguage="http://www.ibm.com/xmlns/prod/bpm/expression-lang/javascript" typeLanguage="http://www.w3.org/2001/XMLSchema">
                <ns16:process name="Zavarovanje Shared SF" id="1.07fae323-cd46-4976-a983-3132c2daca5c" ns3:executionMode="microflow">
                    <ns16:documentation textFormat="text/plain" />
                    <ns16:extensionElements>
                        <ns3:isSecured>true</ns3:isSecured>
                        <ns3:isAjaxExposed>true</ns3:isAjaxExposed>
                        <ns3:sboSyncEnabled>true</ns3:sboSyncEnabled>
                    </ns16:extensionElements>
                    <ns16:ioSpecification>
                        <ns16:extensionElements>
                            <ns3:epvProcessLinks>
                                <ns3:epvProcessLinkRef epvId="21.4ec13dcc-524d-4df4-88f3-f0b9e3128a66" epvProcessLinkId="245db762-3a38-4f75-843c-ce14eb75c58a" />
                            </ns3:epvProcessLinks>
                        </ns16:extensionElements>
                        <ns16:dataInput name="zavarovanje" itemSubjectRef="itm.12.dcd32c7e-65dc-4ef3-9ae4-d0321d270eb6" isCollection="false" id="2055.a9a4f0a7-6405-4a0d-8d05-a2615630bd9e">
                            <ns16:extensionElements>
                                <ns3:defaultValue useDefault="false" />
                            </ns16:extensionElements>
                        </ns16:dataInput>
                        <ns16:dataInput name="keyZavarovanjeShared" itemSubjectRef="itm.12.db884a3c-c533-44b7-bb2d-47bec8ad4022" isCollection="false" id="2055.389a27ae-13f9-44ff-84b5-107fa166f34c" />
                        <ns16:dataInput name="uniqueId" itemSubjectRef="itm.12.db884a3c-c533-44b7-bb2d-47bec8ad4022" isCollection="false" id="2055.a1b09742-d713-49eb-83ba-384a3257936d">
                            <ns16:documentation textFormat="text/plain">UniqueId selektovanog zavarovanja</ns16:documentation>
                        </ns16:dataInput>
                        <ns16:dataInput name="cenitvenoPorocilo" itemSubjectRef="itm.12.49b6469c-3575-4c65-8e6d-f76aca90f79a" isCollection="false" id="2055.8eb70093-0386-4f0b-8b48-2b0c383cb261" />
                        <ns16:dataInput name="uniqueIdCenPor" itemSubjectRef="itm.12.db884a3c-c533-44b7-bb2d-47bec8ad4022" isCollection="false" id="2055.5177905c-4cc6-4ad8-8f61-e2653aad04b2" />
                        <ns16:dataInput name="novoZavarovanje" itemSubjectRef="itm.12.83ff975e-8dbc-42e5-b738-fa8bc08274a2" isCollection="false" id="2055.66e6c5ed-cf64-4825-8f52-e88db7ff2d2f" />
                        <ns16:dataInput name="kategorija" itemSubjectRef="itm.12.8a619755-21c6-45bb-a2f3-d6b7796f8a3b" isCollection="false" id="2055.6155a537-056c-4ef1-8bf0-df3fa31e22bb" />
                        <ns16:dataInput name="podkategorija" itemSubjectRef="itm.12.8a619755-21c6-45bb-a2f3-d6b7796f8a3b" isCollection="false" id="2055.eb96c9d5-bc8b-47df-80c0-266f9daa7a83" />
                        <ns16:dataInput name="podatkiOStranki" itemSubjectRef="itm.12.db8cb755-8799-4ec7-865f-c093978743a7" isCollection="false" id="2055.6b44c4a9-1094-44b0-8e0f-b1eb04010b35" />
                        <ns16:dataOutput name="zavarovanje" itemSubjectRef="itm.12.dcd32c7e-65dc-4ef3-9ae4-d0321d270eb6" isCollection="false" id="2055.dbdd71a6-477b-453d-8a48-c02d09221588" />
                        <ns16:dataOutput name="cenitvenoPorocilo" itemSubjectRef="itm.12.49b6469c-3575-4c65-8e6d-f76aca90f79a" isCollection="false" id="2055.c47e391e-2d33-4604-89cf-0fa11b14281f" />
                        <ns16:dataOutput name="cenitvenaPorocilaIzbira" itemSubjectRef="itm.12.72d954ad-82d6-4515-a32c-513646aae8c7" isCollection="true" id="2055.566e3f2c-3fb2-4d8b-8f26-7a6d316fb0a3">
                            <ns16:documentation textFormat="text/plain">Lista dostupnih cenitvenih porocila:&lt;div&gt;value = uniqueId&lt;/div&gt;&lt;div&gt;name = nesto&lt;/div&gt;</ns16:documentation>
                        </ns16:dataOutput>
                        <ns16:dataOutput name="skupinaPovezanihOseb" itemSubjectRef="itm.12.db884a3c-c533-44b7-bb2d-47bec8ad4022" isCollection="true" id="2055.24a26064-4b11-4900-89cc-9edee3ac70f3" />
                        <ns16:inputSet>
                            <ns16:dataInputRefs>2055.a9a4f0a7-6405-4a0d-8d05-a2615630bd9e</ns16:dataInputRefs>
                            <ns16:dataInputRefs>2055.389a27ae-13f9-44ff-84b5-107fa166f34c</ns16:dataInputRefs>
                            <ns16:dataInputRefs>2055.a1b09742-d713-49eb-83ba-384a3257936d</ns16:dataInputRefs>
                            <ns16:dataInputRefs>2055.8eb70093-0386-4f0b-8b48-2b0c383cb261</ns16:dataInputRefs>
                            <ns16:dataInputRefs>2055.5177905c-4cc6-4ad8-8f61-e2653aad04b2</ns16:dataInputRefs>
                            <ns16:dataInputRefs>2055.66e6c5ed-cf64-4825-8f52-e88db7ff2d2f</ns16:dataInputRefs>
                            <ns16:dataInputRefs>2055.6155a537-056c-4ef1-8bf0-df3fa31e22bb</ns16:dataInputRefs>
                            <ns16:dataInputRefs>2055.eb96c9d5-bc8b-47df-80c0-266f9daa7a83</ns16:dataInputRefs>
                            <ns16:dataInputRefs>2055.6b44c4a9-1094-44b0-8e0f-b1eb04010b35</ns16:dataInputRefs>
                        </ns16:inputSet>
                        <ns16:outputSet>
                            <ns16:dataOutputRefs>2055.dbdd71a6-477b-453d-8a48-c02d09221588</ns16:dataOutputRefs>
                            <ns16:dataOutputRefs>2055.c47e391e-2d33-4604-89cf-0fa11b14281f</ns16:dataOutputRefs>
                            <ns16:dataOutputRefs>2055.566e3f2c-3fb2-4d8b-8f26-7a6d316fb0a3</ns16:dataOutputRefs>
                            <ns16:dataOutputRefs>2055.24a26064-4b11-4900-89cc-9edee3ac70f3</ns16:dataOutputRefs>
                        </ns16:outputSet>
                    </ns16:ioSpecification>
                    <ns16:laneSet id="ce513da2-ad6b-4d66-8363-a0c0cf44b2c2">
                        <ns16:lane name="System" partitionElementRef="24.6fd38d02-81cf-48ab-bd42-8ff4c0a1628b" id="50418338-b896-4a4f-8d97-77caef03d6b4" ns4:isSystemLane="true">
                            <ns16:extensionElements>
                                <ns13:nodeVisualInfo x="0" y="0" width="3000" height="500" color="#F8F8F8" />
                            </ns16:extensionElements>
                            <ns16:flowNodeRef>ceb09258-3ce2-443a-83cc-ae8302fbc059</ns16:flowNodeRef>
                            <ns16:flowNodeRef>e9d5e100-997f-42e4-8b3d-d6b7fc98a29d</ns16:flowNodeRef>
                            <ns16:flowNodeRef>334dc67f-38fa-4f68-8382-15907a676502</ns16:flowNodeRef>
                            <ns16:flowNodeRef>54711bf0-e84e-44ab-8192-8cfb05569c59</ns16:flowNodeRef>
                            <ns16:flowNodeRef>422d37d2-c7ac-4bfc-8ffe-4614e70f535e</ns16:flowNodeRef>
                        </ns16:lane>
                    </ns16:laneSet>
                    <ns16:startEvent isInterrupting="false" parallelMultiple="false" name="Start" id="ceb09258-3ce2-443a-83cc-ae8302fbc059">
                        <ns16:extensionElements>
                            <ns13:nodeVisualInfo x="25" y="80" width="24" height="24" color="#F8F8F8" />
                        </ns16:extensionElements>
                        <ns16:outgoing>2027.9931d89d-842f-47c3-837a-4b7c612c7c8c</ns16:outgoing>
                    </ns16:startEvent>
                    <ns16:endEvent name="End" id="e9d5e100-997f-42e4-8b3d-d6b7fc98a29d">
                        <ns16:extensionElements>
                            <ns13:nodeVisualInfo x="650" y="80" width="24" height="24" color="#F8F8F8" />
                            <ns4:saveExecutionContext>true</ns4:saveExecutionContext>
                            <ns3:endStateId>guid:6114daf73a8180c6:-26dbed5d:18f91c11723:768b</ns3:endStateId>
                        </ns16:extensionElements>
                        <ns16:incoming>8ff7c46c-f2d9-480e-89e3-dc09a87b4646</ns16:incoming>
                        <ns16:incoming>df498e8b-c7ec-48cb-8a53-422502402b9f</ns16:incoming>
                    </ns16:endEvent>
                    <ns16:sequenceFlow sourceRef="ceb09258-3ce2-443a-83cc-ae8302fbc059" targetRef="54711bf0-e84e-44ab-8192-8cfb05569c59" name="To Novo zavarovanje?" id="2027.9931d89d-842f-47c3-837a-4b7c612c7c8c">
                        <ns16:extensionElements>
                            <ns13:linkVisualInfo>
                                <ns13:sourcePortLocation>rightCenter</ns13:sourcePortLocation>
                                <ns13:targetPortLocation>leftCenter</ns13:targetPortLocation>
                                <ns13:showLabel>false</ns13:showLabel>
                                <ns13:showCoachControlLabel>false</ns13:showCoachControlLabel>
                                <ns13:labelPosition>0.0</ns13:labelPosition>
                                <ns13:saveExecutionContext>false</ns13:saveExecutionContext>
                            </ns13:linkVisualInfo>
                        </ns16:extensionElements>
                    </ns16:sequenceFlow>
                    <ns16:scriptTask scriptFormat="text/x-javascript" name="Zavarovanje shared" id="334dc67f-38fa-4f68-8382-15907a676502">
                        <ns16:extensionElements>
                            <ns13:nodeVisualInfo x="370" y="57" width="95" height="70" />
                            <ns3:postAssignmentScript />
                        </ns16:extensionElements>
                        <ns16:incoming>ec9fdc50-a73d-449d-8761-d0197c7b9d38</ns16:incoming>
                        <ns16:outgoing>8ff7c46c-f2d9-480e-89e3-dc09a87b4646</ns16:outgoing>
                        <ns16:script>var zavarovanjeShared = new tw.object.ZavarovanjeShared_BO(tw.local.keyZavarovanjeShared);&#xD;
if(!!tw.local.uniqueId){&#xD;
	if(tw.local.zavarovanje){&#xD;
		//UPDATE - azuriranje zavarovanja&#xD;
		for (var i=0; i&lt;zavarovanjeShared.predlogZavarovanja.length; i++) {&#xD;
			if(zavarovanjeShared.predlogZavarovanja[i].uniqueId == tw.local.uniqueId){&#xD;
				zavarovanjeShared.predlogZavarovanja[i] = tw.local.zavarovanje;&#xD;
				if(tw.local.zavarovanje.zavarovanjeDodatniPodatki.nacinVrednotenja &amp;&amp; tw.local.zavarovanje.zavarovanjeDodatniPodatki.nacinVrednotenja.koda == tw.epv.ZavarovanjeEPV.cenitvenoPorociloKoda.valueAt(new TWDate())){&#xD;
					if(tw.local.zavarovanje.cenitvenoPorociloUniqueId){&#xD;
						//UPDATE - postojece cenitveno porocilo&#xD;
						for (var j=0; j&lt;zavarovanjeShared.cenitvenaPorocila.length; j++) {&#xD;
							if(zavarovanjeShared.cenitvenaPorocila[j].uniqueId == tw.local.zavarovanje.cenitvenoPorociloUniqueId){&#xD;
								zavarovanjeShared.cenitvenaPorocila[j] = tw.local.cenitvenoPorocilo;&#xD;
							}&#xD;
						}&#xD;
					}else{&#xD;
						//CREATE - novo cenitveno porocilo&#xD;
						tw.local.cenitvenoPorocilo.uniqueId = sidt.generateGuid();&#xD;
						tw.local.cenitvenoPorocilo.sklopZavarovanja = tw.local.zavarovanje.sklop;&#xD;
						tw.local.zavarovanje.cenitvenoPorociloUniqueId = tw.local.cenitvenoPorocilo.uniqueId;&#xD;
						zavarovanjeShared.cenitvenaPorocila[zavarovanjeShared.cenitvenaPorocila.length] = tw.local.cenitvenoPorocilo;&#xD;
					}&#xD;
				}&#xD;
				&#xD;
				zavarovanjeShared.save();&#xD;
			}&#xD;
		}&#xD;
		&#xD;
	}else {&#xD;
		//GET - preuzimanje detalja o zavarovanju&#xD;
		tw.local.skupinaPovezanihOseb = [];&#xD;
		for (var sk=0; sk&lt;tw.local.podatkiOStranki.skupinaPovezanihOseb.povezaneOsebeVPP.povezaneOsebe.length; sk++) {&#xD;
			if(tw.local.podatkiOStranki.skupinaPovezanihOseb.povezaneOsebeVPP.povezaneOsebe[sk].davcnaStevilka){&#xD;
				tw.local.skupinaPovezanihOseb[tw.local.skupinaPovezanihOseb.listLength] =  tw.local.podatkiOStranki.skupinaPovezanihOseb.povezaneOsebeVPP.povezaneOsebe[sk].davcnaStevilka;&#xD;
			}&#xD;
		}&#xD;
		&#xD;
		for (var i=0; i&lt;zavarovanjeShared.predlogZavarovanja.length; i++) {&#xD;
			if(zavarovanjeShared.predlogZavarovanja[i].uniqueId == tw.local.uniqueId){&#xD;
				tw.local.zavarovanje = zavarovanjeShared.predlogZavarovanja[i];&#xD;
			}&#xD;
		}&#xD;
		&#xD;
		tw.local.cenitvenoPorocilo = {};&#xD;
		tw.local.cenitvenaPorocilaIzbira = [];&#xD;
		for (var i=0; i&lt;zavarovanjeShared.cenitvenaPorocila.length; i++) {&#xD;
			if(tw.local.zavarovanje.cenitvenoPorociloUniqueId &amp;&amp; zavarovanjeShared.cenitvenaPorocila[i].uniqueId == tw.local.zavarovanje.cenitvenoPorociloUniqueId){&#xD;
				tw.local.cenitvenoPorocilo = zavarovanjeShared.cenitvenaPorocila[i];&#xD;
			}&#xD;
		&#xD;
			if(tw.local.zavarovanje.sklop == zavarovanjeShared.cenitvenaPorocila[i].sklopZavarovanja){&#xD;
				var indeks = tw.local.cenitvenaPorocilaIzbira.listLength;&#xD;
				tw.local.cenitvenaPorocilaIzbira[indeks] = {};&#xD;
				tw.local.cenitvenaPorocilaIzbira[indeks].zaporednaStevilka = i + 1;&#xD;
				tw.local.cenitvenaPorocilaIzbira[indeks].sklopZavarovanja = tw.local.zavarovanje.sklop;&#xD;
				tw.local.cenitvenaPorocilaIzbira[indeks].uniqueId = zavarovanjeShared.cenitvenaPorocila[i].uniqueId;&#xD;
				tw.local.cenitvenaPorocilaIzbira[indeks].naslovStevilka = zavarovanjeShared.cenitvenaPorocila[i].naslovOzStevilka;&#xD;
				tw.local.cenitvenaPorocilaIzbira[indeks].zavarovanjaVkljucenaVCenitveno = [];&#xD;
				for (var zv=0; zv&lt;zavarovanjeShared.predlogZavarovanja.length; zv++) {&#xD;
					if(zavarovanjeShared.predlogZavarovanja[zv].cenitvenoPorociloUniqueId == zavarovanjeShared.cenitvenaPorocila[i].uniqueId){&#xD;
						var indeksZav = tw.local.cenitvenaPorocilaIzbira[indeks].zavarovanjaVkljucenaVCenitveno.listLength;&#xD;
						tw.local.cenitvenaPorocilaIzbira[indeks].zavarovanjaVkljucenaVCenitveno[indeksZav] = zavarovanjeShared.predlogZavarovanja[zv].zaporednaStevilka + " - " + zavarovanjeShared.predlogZavarovanja[zv].kategorija.naziv &#xD;
					}&#xD;
				}&#xD;
			}&#xD;
		}&#xD;
		&#xD;
	}&#xD;
}else if(!!tw.local.uniqueIdCenPor){&#xD;
	tw.local.cenitvenoPorocilo = {};&#xD;
	for (var i=0; i&lt;zavarovanjeShared.cenitvenaPorocila.length; i++) {&#xD;
		if(zavarovanjeShared.cenitvenaPorocila[i].uniqueId == tw.local.uniqueIdCenPor){&#xD;
			tw.local.cenitvenoPorocilo = zavarovanjeShared.cenitvenaPorocila[i];&#xD;
		}&#xD;
	}&#xD;
}</ns16:script>
                    </ns16:scriptTask>
                    <ns16:sequenceFlow sourceRef="334dc67f-38fa-4f68-8382-15907a676502" targetRef="e9d5e100-997f-42e4-8b3d-d6b7fc98a29d" name="To End" id="8ff7c46c-f2d9-480e-89e3-dc09a87b4646">
                        <ns16:extensionElements>
                            <ns3:sequenceFlowImplementation sboSyncEnabled="true" />
                            <ns13:linkVisualInfo>
                                <ns13:sourcePortLocation>rightCenter</ns13:sourcePortLocation>
                                <ns13:targetPortLocation>leftCenter</ns13:targetPortLocation>
                                <ns13:showLabel>false</ns13:showLabel>
                                <ns13:showCoachControlLabel>false</ns13:showCoachControlLabel>
                                <ns13:labelPosition>0.0</ns13:labelPosition>
                                <ns13:saveExecutionContext>true</ns13:saveExecutionContext>
                            </ns13:linkVisualInfo>
                        </ns16:extensionElements>
                    </ns16:sequenceFlow>
                    <ns16:exclusiveGateway default="ec9fdc50-a73d-449d-8761-d0197c7b9d38" name="Novo zavarovanje?" id="54711bf0-e84e-44ab-8192-8cfb05569c59">
                        <ns16:extensionElements>
                            <ns13:nodeVisualInfo x="152" y="76" width="32" height="32" />
                        </ns16:extensionElements>
                        <ns16:incoming>2027.9931d89d-842f-47c3-837a-4b7c612c7c8c</ns16:incoming>
                        <ns16:outgoing>ec9fdc50-a73d-449d-8761-d0197c7b9d38</ns16:outgoing>
                        <ns16:outgoing>ccf1f143-6b5f-49f0-8eaf-6592faaa43fe</ns16:outgoing>
                    </ns16:exclusiveGateway>
                    <ns16:sequenceFlow sourceRef="54711bf0-e84e-44ab-8192-8cfb05569c59" targetRef="334dc67f-38fa-4f68-8382-15907a676502" name="Ne" id="ec9fdc50-a73d-449d-8761-d0197c7b9d38">
                        <ns16:extensionElements>
                            <ns13:linkVisualInfo>
                                <ns13:sourcePortLocation>rightCenter</ns13:sourcePortLocation>
                                <ns13:targetPortLocation>leftCenter</ns13:targetPortLocation>
                                <ns13:showLabel>true</ns13:showLabel>
                                <ns13:showCoachControlLabel>false</ns13:showCoachControlLabel>
                                <ns13:labelPosition>0.0</ns13:labelPosition>
                                <ns13:saveExecutionContext>false</ns13:saveExecutionContext>
                            </ns13:linkVisualInfo>
                        </ns16:extensionElements>
                    </ns16:sequenceFlow>
                    <ns16:scriptTask scriptFormat="text/x-javascript" name="Novo zavarovanje" id="422d37d2-c7ac-4bfc-8ffe-4614e70f535e">
                        <ns16:extensionElements>
                            <ns13:nodeVisualInfo x="365" y="178" width="95" height="70" />
                        </ns16:extensionElements>
                        <ns16:incoming>ccf1f143-6b5f-49f0-8eaf-6592faaa43fe</ns16:incoming>
                        <ns16:outgoing>df498e8b-c7ec-48cb-8a53-422502402b9f</ns16:outgoing>
                        <ns16:script>var zavarovanjeShared = new tw.object.ZavarovanjeShared_BO(tw.local.keyZavarovanjeShared);&#xD;
&#xD;
if(tw.local.zavarovanje){&#xD;
	//UPDATE - azuriranje zavarovanja&#xD;
	var obstaja = false;&#xD;
	for (var i=0; i&lt;zavarovanjeShared.predlogZavarovanja.length; i++) {&#xD;
		if(zavarovanjeShared.predlogZavarovanja[i].uniqueId == tw.local.uniqueId){&#xD;
			obstaja = true;&#xD;
			zavarovanjeShared.predlogZavarovanja[i] = tw.local.zavarovanje;&#xD;
			&#xD;
			break;&#xD;
		}&#xD;
	}&#xD;
	&#xD;
	if(!obstaja &amp;&amp; tw.local.zavarovanje.status != tw.epv.ZavarovanjeEPV.statusDeaktivirano){&#xD;
		zavarovanjeShared.predlogZavarovanja[zavarovanjeShared.predlogZavarovanja.length] = tw.local.zavarovanje;&#xD;
	}&#xD;
	&#xD;
	zavarovanjeShared.save();&#xD;
}else {&#xD;
	//GET - preuzimanje detalja o zavarovanju&#xD;
	var predlog = {};&#xD;
	predlog.idKategorija = tw.local.kategorija.id;&#xD;
	predlog.idPodkategorija = tw.local.podkategorija.id;&#xD;
	predlog.status = "Aktivno";&#xD;
	predlog.zaporednaStevilka = zavarovanjeShared.predlogZavarovanja.length+1;&#xD;
	predlog.uniqueId = sidt.generateGuid();&#xD;
	tw.local.zavarovanje = novoZavarovanje(predlog,tw.local.kategorija.koda);&#xD;
	tw.local.zavarovanje.bpmZavarovanje = true;&#xD;
	&#xD;
	tw.local.cenitvenoPorocilo = {};&#xD;
	tw.local.cenitvenaPorocilaIzbira = [];&#xD;
}&#xD;
&#xD;
&#xD;
&#xD;
&#xD;
function novoZavarovanje(predlog,sklop){&#xD;
	&#xD;
	var zavarovanje = new tw.object.Zavarovanje_BO();&#xD;
	zavarovanje.zaporednaStevilka = predlog.zaporednaStevilka;&#xD;
	zavarovanje.uniqueId = predlog.uniqueId;&#xD;
	zavarovanje.oznaka = za.pridobiOznako();&#xD;
	zavarovanje.kategorija = JSON.parse(JSON.stringify(sidt.swapSifrant("sif_kategorija_zavarovanja",predlog.idKategorija)));&#xD;
	zavarovanje.podkategorija = JSON.parse(JSON.stringify(sidt.swapSifrant("sif_podkategorija_zavarovanja",predlog.idPodkategorija)));&#xD;
	zavarovanje.status = predlog.status;&#xD;
	zavarovanje.sklop = sklop;&#xD;
	zavarovanje.pomozniPodatki = {};&#xD;
	zavarovanje.pomozniPodatki.dodatniPodatkiPopolni = false;&#xD;
	zavarovanje.pomozniPodatki.cenitvenoPorociloObvezno = false;&#xD;
	zavarovanje.pomozniPodatki.cenitvenoPorociloPopolno = false;&#xD;
	zavarovanje.pomozniPodatki.cenitvenoPorociloSkrbnik = false;&#xD;
	zavarovanje.pomozniPodatki.cenitvenoPorociloSpecialist = false;&#xD;
	zavarovanje.pomozniPodatki.pravnoMnenjePopolno = false;&#xD;
	zavarovanje.pomozniPodatki.stevilkaZavarovanjaCredesPopolna = false;&#xD;
	zavarovanje.pomozniPodatki.kreditnoTveganjeObvezno = false;&#xD;
	zavarovanje.pomozniPodatki.pravnoMnenjeObvezno = true;&#xD;
	zavarovanje.pomozniPodatki.predlogZavarovanjaSkrbnikObvezno = false;&#xD;
	zavarovanje.pomozniPodatki.hipotekeMapa = [];&#xD;
	&#xD;
	zavarovanje.zavarovanjeOsnovniPodatki = {};&#xD;
	zavarovanje.zavarovanjeOsnovniPodatki.imetnik = [];&#xD;
	zavarovanje.zavarovanjeOsnovniPodatki.lokacije = [];&#xD;
	zavarovanje.zavarovanjeOsnovniPodatki.motornaVozila = [];&#xD;
	zavarovanje.zavarovanjeOsnovniPodatki.nazivPoslovneOpreme = {};&#xD;
	zavarovanje.zavarovanjeOsnovniPodatki.nepremicnineCeloto = [];&#xD;
	zavarovanje.zavarovanjeOsnovniPodatki.obcina = {};&#xD;
	zavarovanje.zavarovanjeOsnovniPodatki.odprtoStanjeTerjatev = [];&#xD;
	zavarovanje.zavarovanjeOsnovniPodatki.vrstaPravice = {};&#xD;
	zavarovanje.zavarovanjeOsnovniPodatki.vrstaZalog = {};&#xD;
	zavarovanje.zavarovanjeOsnovniPodatki.kraj = {};&#xD;
	zavarovanje.zavarovanjeOsnovniPodatki.drzava = {};&#xD;
	&#xD;
	zavarovanje.zavarovanjeDodatniPodatki = {};&#xD;
	zavarovanje.zavarovanjeDodatniPodatki.izdelanaEnergetskaIzkaznica = {};&#xD;
	zavarovanje.zavarovanjeDodatniPodatki.motornaVozilaPredlogZav = [];&#xD;
	zavarovanje.zavarovanjeDodatniPodatki.nepremicnineOcenjeneVrednosti = [];&#xD;
	zavarovanje.zavarovanjeDodatniPodatki.nacinVrednotenja = {};&#xD;
	zavarovanje.zavarovanjeDodatniPodatki.namenUporabeVrednosti = {};&#xD;
	zavarovanje.zavarovanjeDodatniPodatki.nepremicninaVCelotiDokoncana = {};&#xD;
	zavarovanje.zavarovanjeDodatniPodatki.nepremicninePredlogZavarovanja = [];&#xD;
	zavarovanje.zavarovanjeDodatniPodatki.posamezenStrojPredlogZav = [];&#xD;
	zavarovanje.zavarovanjeDodatniPodatki.motornaVozilaPredlogZav = [];&#xD;
	zavarovanje.zavarovanjeDodatniPodatki.nevarnostPlazov = {};&#xD;
	zavarovanje.zavarovanjeDodatniPodatki.obstajaNeodvisnoTveganje = {};&#xD;
	zavarovanje.zavarovanjeDodatniPodatki.opremaPoLokacijahPredlogZav = [];&#xD;
	zavarovanje.zavarovanjeDodatniPodatki.poplavnaOgrozenost = {};&#xD;
	zavarovanje.zavarovanjeDodatniPodatki.pozarnaOgrozenost = {};&#xD;
	zavarovanje.zavarovanjeDodatniPodatki.pridobijenoGDUD = {};&#xD;
	zavarovanje.zavarovanjeDodatniPodatki.sifraZavarovanja = {};&#xD;
	zavarovanje.zavarovanjeDodatniPodatki.energetskeIzkaznice = [];&#xD;
	zavarovanje.zavarovanjeDodatniPodatki.zastavnePravice = [];&#xD;
	zavarovanje.zavarovanjeDodatniPodatki.nazivZavarovalnice = {};&#xD;
	zavarovanje.zavarovanjeDodatniPodatki.kupoprodajnaPogodbaUredna = {};&#xD;
	zavarovanje.zavarovanjeDodatniPodatki.izpolnjeniPogojiZaPS = {};&#xD;
	zavarovanje.zavarovanjeDodatniPodatki.vrednostPredhBremenitevUpnikov = 0;&#xD;
	zavarovanje.zavarovanjeDodatniPodatki.vrednostPredhBremenitevBanke = 0;&#xD;
&#xD;
	zavarovanje.pravnoMnenje = {};&#xD;
	zavarovanje.pravnoMnenje.nazivUrednegaRegistra = {};&#xD;
	zavarovanje.pravnoMnenje.pogodbaVsebujeDovolilo = {};&#xD;
	zavarovanje.pravnoMnenje.izpolnjeniPogojiZaPSO = {};&#xD;
	&#xD;
	zavarovanje.zavarovalnaPolica = {};	&#xD;
	&#xD;
	zavarovanje.podatkiKalkulatorjaNepremicnine = [];&#xD;
	zavarovanje.podatkiKalkulatorjaPremicnine = [];&#xD;
	zavarovanje.podatkiKalkulatorja = {};&#xD;
	zavarovanje.vinkulacije = [];&#xD;
	&#xD;
	if(zavarovanje.podkategorija.id == tw.epv.ZavarovanjeEPV.podkategorijaPorostvoSlovenija){&#xD;
		zavarovanje.zavarovanjeOsnovniPodatki.davcnaStevilkaPoroka = tw.epv.ZavarovanjeEPV.republikaSlovenijaDavcna.valueAt(new TWDate());&#xD;
		zavarovanje.zastaviteljJeKreditojemalec = "NE";&#xD;
		zavarovanje.zastaviteljiPoroki = [];&#xD;
		zavarovanje.zastaviteljiPoroki[0] = {};&#xD;
		zavarovanje.zastaviteljiPoroki[0].tipOsebe = JSON.parse(JSON.stringify(sidt.swapSifrant("en_tip_osebe",tw.epv.ZavarovanjeEPV.tipOsebePravnaId.valueAt(new TWDate()))));&#xD;
		zavarovanje.zastaviteljiPoroki[0].naziv = tw.epv.ZavarovanjeEPV.republikaSlovenijaNaziv.valueAt(new TWDate());&#xD;
		zavarovanje.zastaviteljiPoroki[0].davcnaStevilka = tw.epv.ZavarovanjeEPV.republikaSlovenijaDavcna.valueAt(new TWDate());&#xD;
	}else if(zavarovanje.podkategorija.id == tw.epv.ZavarovanjeEPV.podkategorijaPortfeljskeGarancije){&#xD;
		zavarovanje.zavarovanjeOsnovniPodatki.davcnaStevilkaPoroka = tw.epv.ZavarovanjeEPV.davcnaStevilkaMgts.valueAt(new TWDate());&#xD;
		zavarovanje.zastaviteljJeKreditojemalec = "NE";&#xD;
		zavarovanje.zastaviteljiPoroki = [];&#xD;
		zavarovanje.zastaviteljiPoroki[0] = {};&#xD;
		zavarovanje.zastaviteljiPoroki[0].tipOsebe = JSON.parse(JSON.stringify(sidt.swapSifrant("en_tip_osebe",tw.epv.ZavarovanjeEPV.tipOsebePravnaId.valueAt(new TWDate()))));&#xD;
		zavarovanje.zastaviteljiPoroki[0].naziv = tw.epv.ZavarovanjeEPV.nazivMgts.valueAt(new TWDate());&#xD;
		zavarovanje.zastaviteljiPoroki[0].davcnaStevilka = tw.epv.ZavarovanjeEPV.davcnaStevilkaMgts.valueAt(new TWDate());&#xD;
	}else if(sklop == tw.epv.ZavarovanjeEPV.sklopDrugo){&#xD;
		zavarovanje.zastaviteljJeKreditojemalec = "DA";&#xD;
		zavarovanje.zastaviteljiPoroki = [];&#xD;
		zavarovanje.zastaviteljiPoroki[0] = {};&#xD;
		zavarovanje.zastaviteljiPoroki[0].tipOsebe = JSON.parse(JSON.stringify(sidt.swapSifrant("en_tip_osebe",tw.epv.ZavarovanjeEPV.tipOsebePravnaId.valueAt(new TWDate()))));&#xD;
		zavarovanje.zastaviteljiPoroki[0].naziv = tw.local.podatkiOStranki.stranka.nazivStranke;&#xD;
		zavarovanje.zastaviteljiPoroki[0].davcnaStevilka = tw.local.podatkiOStranki.stranka.davcnaStevilka;&#xD;
	}else{&#xD;
		zavarovanje.zastaviteljJeKreditojemalec = "NE";&#xD;
	}&#xD;
	return zavarovanje;&#xD;
}&#xD;
</ns16:script>
                    </ns16:scriptTask>
                    <ns16:sequenceFlow sourceRef="54711bf0-e84e-44ab-8192-8cfb05569c59" targetRef="422d37d2-c7ac-4bfc-8ffe-4614e70f535e" name="Da" id="ccf1f143-6b5f-49f0-8eaf-6592faaa43fe">
                        <ns16:extensionElements>
                            <ns13:linkVisualInfo>
                                <ns13:sourcePortLocation>bottomCenter</ns13:sourcePortLocation>
                                <ns13:targetPortLocation>leftCenter</ns13:targetPortLocation>
                                <ns13:showLabel>true</ns13:showLabel>
                                <ns13:showCoachControlLabel>false</ns13:showCoachControlLabel>
                                <ns13:labelPosition>0.0</ns13:labelPosition>
                                <ns13:saveExecutionContext>false</ns13:saveExecutionContext>
                            </ns13:linkVisualInfo>
                        </ns16:extensionElements>
                        <ns16:conditionExpression xmlns:xsi="http://www.w3.org/2001/XMLSchema-instance" xsi:type="ns16:tFormalExpression">tw.local.novoZavarovanje || (tw.local.zavarovanje &amp;&amp; tw.local.zavarovanje.bpmZavarovanje == true)</ns16:conditionExpression>
                    </ns16:sequenceFlow>
                    <ns16:sequenceFlow sourceRef="422d37d2-c7ac-4bfc-8ffe-4614e70f535e" targetRef="e9d5e100-997f-42e4-8b3d-d6b7fc98a29d" name="To End" id="df498e8b-c7ec-48cb-8a53-422502402b9f">
                        <ns16:extensionElements>
                            <ns3:sequenceFlowImplementation sboSyncEnabled="true" />
                            <ns13:linkVisualInfo>
                                <ns13:sourcePortLocation>rightCenter</ns13:sourcePortLocation>
                                <ns13:targetPortLocation>bottomCenter</ns13:targetPortLocation>
                                <ns13:showLabel>false</ns13:showLabel>
                                <ns13:showCoachControlLabel>false</ns13:showCoachControlLabel>
                                <ns13:labelPosition>0.0</ns13:labelPosition>
                                <ns13:saveExecutionContext>true</ns13:saveExecutionContext>
                            </ns13:linkVisualInfo>
                        </ns16:extensionElements>
                    </ns16:sequenceFlow>
                </ns16:process>
            </ns16:definitions>
        </bpmn2Model>
        <link name="To End">
            <lastModified isNull="true" />
            <lastModifiedBy isNull="true" />
            <tenantId isNull="true" />
            <processLinkId>2027.8ff7c46c-f2d9-480e-89e3-dc09a87b4646</processLinkId>
            <processId>1.07fae323-cd46-4976-a983-3132c2daca5c</processId>
            <description isNull="true" />
            <fromProcessItemId>2025.334dc67f-38fa-4f68-8382-15907a676502</fromProcessItemId>
            <endStateId>Out</endStateId>
            <toProcessItemId>2025.e9d5e100-997f-42e4-8b3d-d6b7fc98a29d</toProcessItemId>
            <guid>d0ab2c10-e601-4a27-9115-266ceb2cf800</guid>
            <versionId>214db0f7-2bc4-4efe-93a4-1ac54aeb9a42</versionId>
            <layoutData>
                <controlPoints />
                <showEndState>false</showEndState>
                <showName>false</showName>
            </layoutData>
            <fromItemPort locationId="rightCenter" portType="1" />
            <toItemPort locationId="leftCenter" portType="2" />
            <fromProcessItemId>2025.334dc67f-38fa-4f68-8382-15907a676502</fromProcessItemId>
            <toProcessItemId>2025.e9d5e100-997f-42e4-8b3d-d6b7fc98a29d</toProcessItemId>
        </link>
        <link name="Da">
            <lastModified isNull="true" />
            <lastModifiedBy isNull="true" />
            <tenantId isNull="true" />
            <processLinkId>2027.ccf1f143-6b5f-49f0-8eaf-6592faaa43fe</processLinkId>
            <processId>1.07fae323-cd46-4976-a983-3132c2daca5c</processId>
            <description isNull="true" />
            <fromProcessItemId>2025.54711bf0-e84e-44ab-8192-8cfb05569c59</fromProcessItemId>
            <endStateId>guid:b54225974eb7d993:-57f380f8:197451ea1a7:4baa</endStateId>
            <toProcessItemId>2025.422d37d2-c7ac-4bfc-8ffe-4614e70f535e</toProcessItemId>
            <guid>2e227e82-56eb-49bb-afc8-efc08c6c2294</guid>
            <versionId>46970c84-d994-47ae-93d6-62293f500731</versionId>
            <layoutData>
                <controlPoints />
                <showEndState>false</showEndState>
                <showName>true</showName>
            </layoutData>
            <fromItemPort locationId="bottomCenter" portType="1" />
            <toItemPort locationId="leftCenter" portType="2" />
            <fromProcessItemId>2025.54711bf0-e84e-44ab-8192-8cfb05569c59</fromProcessItemId>
            <toProcessItemId>2025.422d37d2-c7ac-4bfc-8ffe-4614e70f535e</toProcessItemId>
        </link>
        <link name="To End">
            <lastModified isNull="true" />
            <lastModifiedBy isNull="true" />
            <tenantId isNull="true" />
            <processLinkId>2027.df498e8b-c7ec-48cb-8a53-422502402b9f</processLinkId>
            <processId>1.07fae323-cd46-4976-a983-3132c2daca5c</processId>
            <description isNull="true" />
            <fromProcessItemId>2025.422d37d2-c7ac-4bfc-8ffe-4614e70f535e</fromProcessItemId>
            <endStateId>Out</endStateId>
            <toProcessItemId>2025.e9d5e100-997f-42e4-8b3d-d6b7fc98a29d</toProcessItemId>
            <guid>bf07b0dc-1706-4d46-8a9e-08a9aafb5491</guid>
            <versionId>669821b1-6b6f-4cf0-8c16-43b00abb23ca</versionId>
            <layoutData>
                <controlPoints />
                <showEndState>false</showEndState>
                <showName>false</showName>
            </layoutData>
            <fromItemPort locationId="rightCenter" portType="1" />
            <toItemPort locationId="bottomCenter" portType="2" />
            <fromProcessItemId>2025.422d37d2-c7ac-4bfc-8ffe-4614e70f535e</fromProcessItemId>
            <toProcessItemId>2025.e9d5e100-997f-42e4-8b3d-d6b7fc98a29d</toProcessItemId>
        </link>
        <link name="Ne">
            <lastModified isNull="true" />
            <lastModifiedBy isNull="true" />
            <tenantId isNull="true" />
            <processLinkId>2027.ec9fdc50-a73d-449d-8761-d0197c7b9d38</processLinkId>
            <processId>1.07fae323-cd46-4976-a983-3132c2daca5c</processId>
            <description isNull="true" />
            <fromProcessItemId>2025.54711bf0-e84e-44ab-8192-8cfb05569c59</fromProcessItemId>
            <endStateId>DEFAULT</endStateId>
            <toProcessItemId>2025.334dc67f-38fa-4f68-8382-15907a676502</toProcessItemId>
            <guid>efc7fa80-c1d2-4057-b0fc-8c00255eed05</guid>
            <versionId>cd55db5a-52d0-4519-b6c9-09704e7fa321</versionId>
            <layoutData>
                <controlPoints />
                <showEndState>false</showEndState>
                <showName>true</showName>
            </layoutData>
            <fromItemPort locationId="rightCenter" portType="1" />
            <toItemPort locationId="leftCenter" portType="2" />
            <fromProcessItemId>2025.54711bf0-e84e-44ab-8192-8cfb05569c59</fromProcessItemId>
            <toProcessItemId>2025.334dc67f-38fa-4f68-8382-15907a676502</toProcessItemId>
        </link>
    </process>
</teamworks>

