<?xml version="1.0" encoding="UTF-8"?>
<teamworks>
    <process id="1.0cdf9c99-a5d1-43ba-bd71-22154d9bba47" name="Nadomestilo odpoved SF">
        <lastModified>1731595156540</lastModified>
        <lastModifiedBy>bmihajlovic</lastModifiedBy>
        <tenantId isNull="true" />
        <processId>1.0cdf9c99-a5d1-43ba-bd71-22154d9bba47</processId>
        <image isNull="true" />
        <tabGroup isNull="true" />
        <startingProcessItemId>2025.0d9c3df0-d2f7-4679-81bb-9451e4b0972b</startingProcessItemId>
        <isRootProcess>false</isRootProcess>
        <processType>12</processType>
        <isErrorHandlerEnabled>false</isErrorHandlerEnabled>
        <errorHandlerItemId isNull="true" />
        <isLoggingVariables>false</isLoggingVariables>
        <isTransactional>false</isTransactional>
        <processTimingLevel isNull="true" />
        <participantRef isNull="true" />
        <exposedType>0</exposedType>
        <isTrackingEnabled>true</isTrackingEnabled>
        <xmlData isNull="true" />
        <cachingType>false</cachingType>
        <itemLabel isNull="true" />
        <cacheLength>0</cacheLength>
        <mobileReady>false</mobileReady>
        <sboSyncEnabled>true</sboSyncEnabled>
        <externalId isNull="true" />
        <isSecured>true</isSecured>
        <isAjaxExposed>true</isAjaxExposed>
        <isInvokedAsynchronously>false</isInvokedAsynchronously>
        <isTransactionalFlow>false</isTransactionalFlow>
        <description>Servis za preuzimanje nadomestila za odpoved i preracunavanje iznosa</description>
        <guid>fb630cbb-d327-46cf-8620-3fdb7beba0ab</guid>
        <versionId>2fba6532-92c8-4bf1-83db-79173fb17129</versionId>
        <dependencySummary>&lt;dependencySummary id="bpdid:b020731a2b628621:7a9d0db:193201aa9a2:-22ee" /&gt;</dependencySummary>
        <jsonData>{"rootElement":[{"flowElement":[{"parallelMultiple":false,"outgoing":["38c285f5-95d3-4f7b-b1c6-eaf7fac41661"],"isInterrupting":false,"extensionElements":{"nodeVisualInfo":[{"color":"#F8F8F8","width":24,"x":25,"y":80,"declaredType":"TNodeVisualInfo","height":24}]},"name":"Start","declaredType":"startEvent","id":"42a0c56e-8546-4975-b12d-aacbd296bfe0"},{"incoming":["fdc82de4-55be-465e-86a9-04bd159b3b6d"],"extensionElements":{"nodeVisualInfo":[{"color":"#F8F8F8","width":24,"x":721,"y":80,"declaredType":"TNodeVisualInfo","height":24}],"endStateId":["guid:ebfbbea04b3d9bf4:-4768cefc:184da2d10c9:-2b4a"],"saveExecutionContext":[true]},"name":"End","declaredType":"endEvent","id":"54e1d052-bca6-481c-ad63-a099b033caf8"},{"startQuantity":1,"outgoing":["15ec4654-02fe-475d-9f5f-ddc54a86a3d4"],"incoming":["38c285f5-95d3-4f7b-b1c6-eaf7fac41661"],"extensionElements":{"postAssignmentScript":["tw.local.odpovedPodatki.nadomestiloOdpoved = {};\r\nfor (var i=0; i&lt;tw.local.rezultati[0].rows.length; i++) {\r\n\ttw.local.odpovedPodatki.nadomestiloOdpoved.nadomestiloProduktKatalog = {};\r\n\ttw.local.odpovedPodatki.nadomestiloOdpoved.nadomestiloProduktKatalog.nadomestilo = {};\r\n\ttw.local.odpovedPodatki.nadomestiloOdpoved.nadomestiloProduktKatalog.nadomestilo.id = tw.local.rezultati[0].rows[i].indexedMap.ID_NADOMESTILA;\r\n\ttw.local.odpovedPodatki.nadomestiloOdpoved.nadomestiloProduktKatalog.nadomestilo.naziv = tw.local.rezultati[0].rows[i].indexedMap.NAZIV_NADOMESTILA;\r\n\ttw.local.odpovedPodatki.nadomestiloOdpoved.nadomestiloProduktKatalog.opis = tw.local.rezultati[0].rows[i].indexedMap.OPIS_NADOMESTILA;\r\n\ttw.local.odpovedPodatki.nadomestiloOdpoved.nadomestiloProduktKatalog.znesekFiksni = tw.local.rezultati[0].rows[i].indexedMap.ZNESEK_FIKSNI;\r\n\ttw.local.odpovedPodatki.nadomestiloOdpoved.nadomestiloProduktKatalog.znesekOdstotek = tw.local.rezultati[0].rows[i].indexedMap.ZNESEK_ODSTOTEK;\r\n\ttw.local.odpovedPodatki.nadomestiloOdpoved.nadomestiloProduktKatalog.znestekOstaleGod = tw.local.rezultati[0].rows[i].indexedMap.ZNESEK_OSTALE_GOD;\r\n\ttw.local.odpovedPodatki.nadomestiloOdpoved.nadomestiloProduktKatalog.znesekOstaleGodOdstotek = tw.local.rezultati[0].rows[i].indexedMap.ZNESEK_OSTALE_GOD_ODST;\r\n\ttw.local.odpovedPodatki.nadomestiloOdpoved.nadomestiloProduktKatalog.minZnesek = tw.local.rezultati[0].rows[i].indexedMap.MIN_ZNESEK;\r\n\ttw.local.odpovedPodatki.nadomestiloOdpoved.nadomestiloProduktKatalog.maxZnesek = tw.local.rezultati[0].rows[i].indexedMap.MAX_ZNESEK;\r\n\ttw.local.odpovedPodatki.nadomestiloOdpoved.nadomestiloProduktKatalog.minOstaleGod = tw.local.rezultati[0].rows[i].indexedMap.MIN_OSTALE_GOD;\r\n\ttw.local.odpovedPodatki.nadomestiloOdpoved.nadomestiloProduktKatalog.zaFinanciranje = tw.local.rezultati[0].rows[i].indexedMap.ZA_FINANCIRANJE?\"1\":\"0\";\r\n\ttw.local.odpovedPodatki.nadomestiloOdpoved.nadomestiloProduktKatalog.zaAneks = tw.local.rezultati[0].rows[i].indexedMap.ZA_ANEKS?\"1\":\"0\";\r\n\ttw.local.odpovedPodatki.nadomestiloOdpoved.nadomestiloProduktKatalog.zaOdobrenje = tw.local.rezultati[0].rows[i].indexedMap.ZA_ODOBRENJE?\"1\":\"0\";\r\n}"],"nodeVisualInfo":[{"width":95,"x":252,"y":57,"declaredType":"TNodeVisualInfo","height":70}],"preAssignmentScript":["tw.local.sql = \"SELECT \\\r\n\t\t\t  sn.naziv_nadomestila as NAZIV_NADOMESTILA,\\\r\n\t\t\t  sn.id_nadomestila as ID_NADOMESTILA,\\\r\n\t\t\t  sn.opis as OPIS_NADOMESTILA,\\\r\n\t\t\t  sn.znesek as ZNESEK_FIKSNI,\\\r\n\t\t\t  sn.znesek_odstotek AS ZNESEK_ODSTOTEK,\\\r\n\t\t\t  sn.znesek_ostale_god AS ZNESEK_OSTALE_GOD,\\\r\n\t\t\t  sn.znesek_ostale_god_odstotek AS ZNESEK_OSTALE_GOD_ODST,\\\r\n\t\t\t  sn.min_eur AS MIN_ZNESEK,\\\r\n\t\t\t  sn.max_eur AS MAX_ZNESEK,\\\r\n\t\t\t  sn.min_ostale_god_eur AS MIN_OSTALE_GOD,\\\r\n\t\t\t  sn.zafinanciranje AS ZA_FINANCIRANJE,\\\r\n\t\t\t  sn.zaaneks AS ZA_ANEKS,\\\r\n\t\t\t  sn.zafinanciranje AS ZA_ODOBRENJE \\\r\n\t\t    FROM kp.sif_nadomestila sn \\\r\n\t\t    WHERE sn.id_nadomestila = ?\";\r\n\r\n\r\ntw.local.parametrov = [];\r\ntw.local.parametrov[0] = {};\r\ntw.local.parametrov[0].mode = \"IN\";\r\ntw.local.parametrov[0].type = \"NUMERIC\";\r\ntw.local.parametrov[0].value = tw.epv.TabelaSifrantiEPV.idNadomestiloOdpoved.valueAt(new TWDate());"],"activityType":["CalledProcess"]},"name":"Pridobi nadomestila","dataInputAssociation":[{"targetRef":"2055.25f5990f-9abf-4cf6-9101-497d43dee141","assignment":[{"from":{"evaluatesToTypeRef":"itm.12.db884a3c-c533-44b7-bb2d-47bec8ad4022","declaredType":"TFormalExpression","content":["tw.local.sql"]}}]},{"targetRef":"2055.8b844f2a-0a1f-4f12-b34b-e9fd5191dc43","assignment":[{"from":{"evaluatesToTypeRef":"itm.12.f453f500-ca4e-4264-a371-72c1892e8b7c","declaredType":"TFormalExpression","content":["tw.local.parametrov"]}}]},{"targetRef":"2055.53ee0328-837f-427d-b0a1-0255f36f7e0c","assignment":[{"from":{"evaluatesToTypeRef":"itm.12.c09c9b6e-aabd-4897-bef2-ed61db106297","declaredType":"TFormalExpression","content":["null"]}}]},{"targetRef":"2055.81a41d09-a504-4a63-bdaa-a92bac26ad7e","assignment":[{"from":{"evaluatesToTypeRef":"itm.12.c09c9b6e-aabd-4897-bef2-ed61db106297","declaredType":"TFormalExpression","content":["tw.env.SQL_VIR"]}}]}],"isForCompensation":false,"completionQuantity":1,"declaredType":"callActivity","id":"0d9c3df0-d2f7-4679-81bb-9451e4b0972b","dataOutputAssociation":[{"assignment":[{"to":{"evaluatesToTypeRef":"itm.12.3b1e3757-a1f4-4c3f-bbb8-16fecd4d65c1","declaredType":"TFormalExpression","content":["tw.local.rezultati"]}}],"sourceRef":["2055.976cdc78-9d8d-41d4-ae85-f6c9a50c6764"]}],"calledElement":"1.4e480adb-5741-4f5e-aead-27b3654e9cd2"},{"targetRef":"985d0954-1038-4885-88ab-ee01876dd03f","extensionElements":{"sequenceFlowImplementation":[{"fireValidation":"Never","sboSyncEnabled":true,"declaredType":"com.ibm.bpmsdk.model.bpmn20.ibmext.TSequenceFlowImplementation"}],"endStateId":["guid:d7766b7587753602:16bdf27c:11586c10093:-7fe7"],"linkVisualInfo":[{"sourcePortLocation":"rightCenter","showCoachControlLabel":false,"labelPosition":0.0,"targetPortLocation":"leftCenter","declaredType":"TLinkVisualInfo","saveExecutionContext":true,"showLabel":false}]},"name":"To Izracun nadomestila","declaredType":"sequenceFlow","id":"15ec4654-02fe-475d-9f5f-ddc54a86a3d4","sourceRef":"0d9c3df0-d2f7-4679-81bb-9451e4b0972b"},{"itemSubjectRef":"itm.12.db884a3c-c533-44b7-bb2d-47bec8ad4022","name":"sql","isCollection":false,"declaredType":"dataObject","id":"2056.7d5984ec-22fd-4b0f-8665-992779eb541e"},{"itemSubjectRef":"itm.12.f453f500-ca4e-4264-a371-72c1892e8b7c","name":"parametrov","isCollection":true,"declaredType":"dataObject","id":"2056.90cad7ee-3212-4190-9755-eee3e1c3fe4b"},{"itemSubjectRef":"itm.12.3b1e3757-a1f4-4c3f-bbb8-16fecd4d65c1","name":"rezultati","isCollection":true,"declaredType":"dataObject","id":"2056.ddcec8b9-00be-49e4-afdf-6cf72653132a"},{"targetRef":"0d9c3df0-d2f7-4679-81bb-9451e4b0972b","extensionElements":{"linkVisualInfo":[{"sourcePortLocation":"rightCenter","showCoachControlLabel":false,"labelPosition":0.0,"targetPortLocation":"leftCenter","declaredType":"TLinkVisualInfo","saveExecutionContext":false,"showLabel":false}]},"name":"To Pridobi nadomestila","declaredType":"sequenceFlow","id":"38c285f5-95d3-4f7b-b1c6-eaf7fac41661","sourceRef":"42a0c56e-8546-4975-b12d-aacbd296bfe0"},{"startQuantity":1,"outgoing":["fdc82de4-55be-465e-86a9-04bd159b3b6d"],"incoming":["15ec4654-02fe-475d-9f5f-ddc54a86a3d4"],"extensionElements":{"nodeVisualInfo":[{"width":95,"x":453,"y":57,"declaredType":"TNodeVisualInfo","height":70}],"activityType":["CalledProcess"]},"name":"Izracun nadomestila","dataInputAssociation":[{"targetRef":"2055.b6e0f4af-3361-48ed-ab15-8e52b3029c2a","assignment":[{"from":{"evaluatesToTypeRef":"itm.12.536b2aa5-a30f-4eca-87fa-3a28066753ee","declaredType":"TFormalExpression","content":["tw.local.znesek"]}}]},{"targetRef":"2055.386891ce-a8e1-480d-8cb7-92e22b23a945","assignment":[{"from":{"evaluatesToTypeRef":"itm.12.3fa0d7a0-828a-4d60-99cc-db5ed143fc2d","declaredType":"TFormalExpression","content":["tw.local.rocnostSkupajZMoratorijem"]}}]},{"targetRef":"2055.b333e302-d80c-45bb-adb6-4fa43fedac92","assignment":[{"from":{"evaluatesToTypeRef":"itm.12.536b2aa5-a30f-4eca-87fa-3a28066753ee","declaredType":"TFormalExpression","content":["tw.local.odpovedPodatki.nadomestiloOdpoved.nadomestiloProduktKatalog.znesekFiksni"]}}]},{"targetRef":"2055.dba01e60-3ea1-43a1-ade2-e001e123703c","assignment":[{"from":{"evaluatesToTypeRef":"itm.12.536b2aa5-a30f-4eca-87fa-3a28066753ee","declaredType":"TFormalExpression","content":["tw.local.odpovedPodatki.nadomestiloOdpoved.nadomestiloProduktKatalog.znesekOdstotek"]}}]},{"targetRef":"2055.8e7109fa-c523-4f8b-8d9c-4ae4168d72a7","assignment":[{"from":{"evaluatesToTypeRef":"itm.12.536b2aa5-a30f-4eca-87fa-3a28066753ee","declaredType":"TFormalExpression","content":["tw.local.odpovedPodatki.nadomestiloOdpoved.nadomestiloProduktKatalog.minZnesek"]}}]},{"targetRef":"2055.5deea956-8850-4cfb-8b94-08b6e2ff9c7f","assignment":[{"from":{"evaluatesToTypeRef":"itm.12.536b2aa5-a30f-4eca-87fa-3a28066753ee","declaredType":"TFormalExpression","content":["tw.local.odpovedPodatki.nadomestiloOdpoved.nadomestiloProduktKatalog.minOstaleGod"]}}]},{"targetRef":"2055.3a1e4d47-4c86-459a-8225-1ff7e3d58f6b","assignment":[{"from":{"evaluatesToTypeRef":"itm.12.536b2aa5-a30f-4eca-87fa-3a28066753ee","declaredType":"TFormalExpression","content":["tw.local.odpovedPodatki.nadomestiloOdpoved.nadomestiloProduktKatalog.maxZnesek"]}}]},{"targetRef":"2055.6b7f4ede-8a67-487c-8124-82edde05db6d","assignment":[{"from":{"evaluatesToTypeRef":"itm.12.db884a3c-c533-44b7-bb2d-47bec8ad4022","declaredType":"TFormalExpression","content":["tw.local.odpovedPodatki.nadomestiloOdpoved.nadomestiloProduktKatalog.znesekOstaleGodOdstotek"]}}]},{"targetRef":"2055.c612db64-9976-487e-aec9-c689ecccde08","assignment":[{"from":{"evaluatesToTypeRef":"itm.12.536b2aa5-a30f-4eca-87fa-3a28066753ee","declaredType":"TFormalExpression","content":["tw.local.odpovedPodatki.nadomestiloOdpoved.nadomestiloProduktKatalog.znestekOstaleGod"]}}]}],"isForCompensation":false,"completionQuantity":1,"declaredType":"callActivity","id":"985d0954-1038-4885-88ab-ee01876dd03f","dataOutputAssociation":[{"assignment":[{"to":{"evaluatesToTypeRef":"itm.12.536b2aa5-a30f-4eca-87fa-3a28066753ee","declaredType":"TFormalExpression","content":["tw.local.odpovedPodatki.nadomestiloOdpoved.izracunatiZnesek"]}}],"sourceRef":["2055.a01c6067-2c14-4006-b877-5142bc0cef8d"]}],"calledElement":"1.befedff3-1ff8-48c6-a44e-456adcc549b7"},{"targetRef":"54e1d052-bca6-481c-ad63-a099b033caf8","extensionElements":{"sequenceFlowImplementation":[{"fireValidation":"Never","sboSyncEnabled":true,"declaredType":"com.ibm.bpmsdk.model.bpmn20.ibmext.TSequenceFlowImplementation"}],"endStateId":["guid:ffa39a69ad70d565:-16cfe7dc:183a68a4d27:-107d"],"linkVisualInfo":[{"sourcePortLocation":"rightCenter","showCoachControlLabel":false,"labelPosition":0.0,"targetPortLocation":"leftCenter","declaredType":"TLinkVisualInfo","saveExecutionContext":true,"showLabel":false}]},"name":"To Pogostost Placil Obstaja?","declaredType":"sequenceFlow","id":"fdc82de4-55be-465e-86a9-04bd159b3b6d","sourceRef":"985d0954-1038-4885-88ab-ee01876dd03f"}],"laneSet":[{"id":"f1d72417-79ef-4701-b884-20afb938c4e4","lane":[{"flowNodeRef":["42a0c56e-8546-4975-b12d-aacbd296bfe0","54e1d052-bca6-481c-ad63-a099b033caf8","0d9c3df0-d2f7-4679-81bb-9451e4b0972b","985d0954-1038-4885-88ab-ee01876dd03f"],"extensionElements":{"nodeVisualInfo":[{"color":"#F8F8F8","width":3000,"x":0,"y":0,"declaredType":"TNodeVisualInfo","height":500}]},"name":"System","partitionElementRef":"24.6fd38d02-81cf-48ab-bd42-8ff4c0a1628b","declaredType":"lane","id":"77edd00d-2a62-4fc2-863e-0f70449258d6","otherAttributes":{"{http:\/\/www.ibm.com\/xmlns\/prod\/bpm\/bpmn\/ext\/process\/wle}isSystemLane":"true"}}]}],"isClosed":false,"extensionElements":{"isSecured":[true],"isAjaxExposed":[true],"sboSyncEnabled":[true]},"documentation":[{"content":["Servis za preuzimanje nadomestila za odpoved i preracunavanje iznosa"],"textFormat":"text\/plain"}],"name":"Nadomestilo odpoved SF","declaredType":"process","id":"1.0cdf9c99-a5d1-43ba-bd71-22154d9bba47","processType":"None","otherAttributes":{"{http:\/\/www.ibm.com\/xmlns\/prod\/bpm\/bpmn\/ext\/process}executionMode":"microflow"},"ioSpecification":{"dataOutput":[{"itemSubjectRef":"itm.12.a767ec74-1f45-4d8e-9aa5-1cc3e7050d88","name":"odpovedPodatki","isCollection":false,"id":"2055.3044895b-2b05-4899-806d-daf4b7930be4"}],"extensionElements":{"epvProcessLinks":[{"epvProcessLinkRef":[{"epvId":"21.c56aa906-f64d-47a1-8b56-1f82535d412e","epvProcessLinkId":"40dcf9e5-e899-4fdf-8946-20e20e39407f","declaredType":"com.ibm.bpmsdk.model.bpmn20.ibmext.TEpvProcessLinkRef"}],"declaredType":"com.ibm.bpmsdk.model.bpmn20.ibmext.TEpvProcessLinks"}]},"inputSet":[{"dataInputRefs":["2055.c129ac80-6f19-4520-8019-503c5bb6b509","2055.c8ebeaad-0e34-45df-83e1-17ea676312b5","2055.7ed55fc3-513e-48a2-8cae-3ecbec4e226e"]}],"outputSet":[{"dataOutputRefs":["2055.3044895b-2b05-4899-806d-daf4b7930be4"]}],"dataInput":[{"extensionElements":{"defaultValue":[{"declaredType":"com.ibm.bpmsdk.model.bpmn20.ibmext.TDefaultValue","useDefault":false,"value":"2000000.0"}]},"itemSubjectRef":"itm.12.536b2aa5-a30f-4eca-87fa-3a28066753ee","name":"znesek","isCollection":false,"id":"2055.c129ac80-6f19-4520-8019-503c5bb6b509"},{"extensionElements":{"defaultValue":[{"declaredType":"com.ibm.bpmsdk.model.bpmn20.ibmext.TDefaultValue","useDefault":false,"value":"90"}]},"itemSubjectRef":"itm.12.3fa0d7a0-828a-4d60-99cc-db5ed143fc2d","name":"rocnostSkupajZMoratorijem","isCollection":false,"id":"2055.c8ebeaad-0e34-45df-83e1-17ea676312b5"},{"extensionElements":{"defaultValue":[{"declaredType":"com.ibm.bpmsdk.model.bpmn20.ibmext.TDefaultValue","useDefault":false,"value":"var autoObject = new tw.object.OdpovedPodatki_BO();\nautoObject.opravilo = new tw.object.Opravilo_BO();\nautoObject.opravilo.vloga = new tw.object.toolkit.CTCT.Sifrant_BO();\nautoObject.opravilo.vloga.id = 0;\nautoObject.opravilo.vloga.naziv = \"\";\nautoObject.opravilo.vloga.koda = \"\";\nautoObject.opravilo.uporabnik = new tw.object.Uporabnik_BO();\nautoObject.opravilo.uporabnik.imeInPriimek = \"\";\nautoObject.opravilo.uporabnik.uporabniskoIme = \"\";\nautoObject.opravilo.opravilo = new tw.object.toolkit.CTCT.Sifrant_BO();\nautoObject.opravilo.opravilo.id = 0;\nautoObject.opravilo.opravilo.naziv = \"\";\nautoObject.opravilo.opravilo.koda = \"\";\nautoObject.opravilo.datumZakljucka = new TWDate();\nautoObject.opravilo.komentarMnenje = \"\";\nautoObject.opravilo.odlocitev = new tw.object.toolkit.CTCT.Sifrant_BO();\nautoObject.opravilo.odlocitev.id = 0;\nautoObject.opravilo.odlocitev.naziv = \"\";\nautoObject.opravilo.odlocitev.koda = \"\";\nautoObject.opravilo.zaKoga = new tw.object.toolkit.CTCT.Sifrant_BO();\nautoObject.opravilo.zaKoga.id = 0;\nautoObject.opravilo.zaKoga.naziv = \"\";\nautoObject.opravilo.zaKoga.koda = \"\";\nautoObject.opravilo.statusVloge = new tw.object.toolkit.CTCT.Sifrant_BO();\nautoObject.opravilo.statusVloge.id = 0;\nautoObject.opravilo.statusVloge.naziv = \"\";\nautoObject.opravilo.statusVloge.koda = \"\";\nautoObject.opravilo.dodatniPodatki = new tw.object.listOf.DodatniPodatkiObdelava_BO();\nautoObject.opravilo.dodatniPodatki[0] = new tw.object.DodatniPodatkiObdelava_BO();\nautoObject.opravilo.dodatniPodatki[0].vprasanje = \"\";\nautoObject.opravilo.dodatniPodatki[0].odgovor = \"\";\nautoObject.opravilo.dodatniPodatki[0].dodatniPodatek = new tw.object.toolkit.CTCT.Sifrant_BO();\nautoObject.opravilo.dodatniPodatki[0].dodatniPodatek.id = 0;\nautoObject.opravilo.dodatniPodatki[0].dodatniPodatek.naziv = \"\";\nautoObject.opravilo.dodatniPodatki[0].dodatniPodatek.koda = \"\";\nautoObject.opravilo.datumPrejema = new TWDate();\nautoObject.opravilo.datumZacetka = new TWDate();\nautoObject.idStatusVlogeObOddaniOdpovedi = 0;\nautoObject.idStatusVlogeKoncni = 0;\nautoObject.obrazlozitevStrankeObOdstopu = \"\";\nautoObject.obrazlozitevZaStranko = \"\";\nautoObject.obrazecZavrnitve = new tw.object.DokumentNKA_BO();\nautoObject.obrazecZavrnitve.idTipDokumenta = 0;\nautoObject.obrazecZavrnitve.prvotniNazivDokumenta = \"\";\nautoObject.obrazecZavrnitve.nazivDokumenta = \"\";\nautoObject.obrazecZavrnitve.linkKDokumentu = \"\";\nautoObject.obrazecZavrnitve.dokumentId = \"\";\nautoObject.obrazecZavrnitve.nalozilUporabnik = \"\";\nautoObject.obrazecZavrnitve.datumInCas = new TWDate();\nautoObject.obrazecZavrnitve.strankaAliBanka = \"\";\nautoObject.obrazecZavrnitve.status = \"\";\nautoObject.obrazecZavrnitve.idSkupinaDokumenta = \"\";\nautoObject.obrazecZavrnitve.izbraniIndeks = 0;\nautoObject.obrazecZavrnitve.izbrisiDokument = \"\";\nautoObject.obrazecZavrnitve.noviDokument = \"\";\nautoObject.obrazecZavrnitve.idOpravilo = 0;\nautoObject.odpovedOddanaOd = \"\";\nautoObject.mozniStatusiVlogeSifrant = new tw.object.listOf.toolkit.TWSYS.String();\nautoObject.mozniStatusiVlogeSifrant[0] = \"\";\nautoObject.obrazecZavrnitveGeneriran = false;\nautoObject"}]},"itemSubjectRef":"itm.12.a767ec74-1f45-4d8e-9aa5-1cc3e7050d88","name":"odpovedPodatki","isCollection":false,"id":"2055.7ed55fc3-513e-48a2-8cae-3ecbec4e226e"}]}}],"targetNamespace":"","typeLanguage":"http:\/\/www.w3.org\/2001\/XMLSchema","expressionLanguage":"http:\/\/www.ibm.com\/xmlns\/prod\/bpm\/expression-lang\/javascript"}</jsonData>
        <field1 isNull="true" />
        <field2 isNull="true" />
        <field3>0</field3>
        <field4 isNull="true" />
        <field5>false</field5>
        <clobField1 isNull="true" />
        <blobField1 isNull="true" />
        <processParameter name="znesek">
            <lastModified isNull="true" />
            <lastModifiedBy isNull="true" />
            <tenantId isNull="true" />
            <processParameterId>2055.c129ac80-6f19-4520-8019-503c5bb6b509</processParameterId>
            <processId>1.0cdf9c99-a5d1-43ba-bd71-22154d9bba47</processId>
            <parameterType>1</parameterType>
            <isArrayOf>false</isArrayOf>
            <classId>34b0d65f-7524-4bdf-81fb-fcf6680322a1/12.536b2aa5-a30f-4eca-87fa-3a28066753ee</classId>
            <seq>1</seq>
            <hasDefault>false</hasDefault>
            <defaultValue isNull="true" />
            <isLocked>false</isLocked>
            <description isNull="true" />
            <guid>83534d10-95a6-4f6f-b23f-9ba5deb80838</guid>
            <versionId>e5d7af65-392f-45b1-a13f-2db27a8f2af1</versionId>
        </processParameter>
        <processParameter name="rocnostSkupajZMoratorijem">
            <lastModified isNull="true" />
            <lastModifiedBy isNull="true" />
            <tenantId isNull="true" />
            <processParameterId>2055.c8ebeaad-0e34-45df-83e1-17ea676312b5</processParameterId>
            <processId>1.0cdf9c99-a5d1-43ba-bd71-22154d9bba47</processId>
            <parameterType>1</parameterType>
            <isArrayOf>false</isArrayOf>
            <classId>34b0d65f-7524-4bdf-81fb-fcf6680322a1/12.3fa0d7a0-828a-4d60-99cc-db5ed143fc2d</classId>
            <seq>2</seq>
            <hasDefault>false</hasDefault>
            <defaultValue isNull="true" />
            <isLocked>false</isLocked>
            <description isNull="true" />
            <guid>b1d69599-6ede-4378-9af0-5a6da3a08f79</guid>
            <versionId>9b686d2a-e14d-4ee0-a383-f38d49d67d24</versionId>
        </processParameter>
        <processParameter name="odpovedPodatki">
            <lastModified isNull="true" />
            <lastModifiedBy isNull="true" />
            <tenantId isNull="true" />
            <processParameterId>2055.7ed55fc3-513e-48a2-8cae-3ecbec4e226e</processParameterId>
            <processId>1.0cdf9c99-a5d1-43ba-bd71-22154d9bba47</processId>
            <parameterType>1</parameterType>
            <isArrayOf>false</isArrayOf>
            <classId>/12.a767ec74-1f45-4d8e-9aa5-1cc3e7050d88</classId>
            <seq>3</seq>
            <hasDefault>false</hasDefault>
            <defaultValue isNull="true" />
            <isLocked>false</isLocked>
            <description isNull="true" />
            <guid>dc79b8e1-42c6-46dd-bd19-38e004aea8e8</guid>
            <versionId>9796e024-3c79-4df8-9dc2-037355fe907c</versionId>
        </processParameter>
        <processParameter name="odpovedPodatki">
            <lastModified isNull="true" />
            <lastModifiedBy isNull="true" />
            <tenantId isNull="true" />
            <processParameterId>2055.3044895b-2b05-4899-806d-daf4b7930be4</processParameterId>
            <processId>1.0cdf9c99-a5d1-43ba-bd71-22154d9bba47</processId>
            <parameterType>2</parameterType>
            <isArrayOf>false</isArrayOf>
            <classId>/12.a767ec74-1f45-4d8e-9aa5-1cc3e7050d88</classId>
            <seq>4</seq>
            <hasDefault>false</hasDefault>
            <defaultValue isNull="true" />
            <isLocked>false</isLocked>
            <description isNull="true" />
            <guid>c62e7743-352c-4895-a528-39395a8423dd</guid>
            <versionId>87251f86-56a9-4cc9-8533-192f5dc6aaab</versionId>
        </processParameter>
        <processVariable name="sql">
            <lastModified isNull="true" />
            <lastModifiedBy isNull="true" />
            <tenantId isNull="true" />
            <processVariableId>2056.7d5984ec-22fd-4b0f-8665-992779eb541e</processVariableId>
            <description isNull="true" />
            <processId>1.0cdf9c99-a5d1-43ba-bd71-22154d9bba47</processId>
            <namespace>2</namespace>
            <seq>1</seq>
            <isArrayOf>false</isArrayOf>
            <isTransient>false</isTransient>
            <classId>34b0d65f-7524-4bdf-81fb-fcf6680322a1/12.db884a3c-c533-44b7-bb2d-47bec8ad4022</classId>
            <hasDefault>false</hasDefault>
            <defaultValue isNull="true" />
            <guid>77c6db52-4b23-42e6-8892-f9e4e9b4c94b</guid>
            <versionId>ecd44b28-484b-4587-8ca3-d84dabe0e44a</versionId>
        </processVariable>
        <processVariable name="parametrov">
            <lastModified isNull="true" />
            <lastModifiedBy isNull="true" />
            <tenantId isNull="true" />
            <processVariableId>2056.90cad7ee-3212-4190-9755-eee3e1c3fe4b</processVariableId>
            <description isNull="true" />
            <processId>1.0cdf9c99-a5d1-43ba-bd71-22154d9bba47</processId>
            <namespace>2</namespace>
            <seq>2</seq>
            <isArrayOf>true</isArrayOf>
            <isTransient>false</isTransient>
            <classId>34b0d65f-7524-4bdf-81fb-fcf6680322a1/12.f453f500-ca4e-4264-a371-72c1892e8b7c</classId>
            <hasDefault>false</hasDefault>
            <defaultValue isNull="true" />
            <guid>ba9a5a79-eef2-4ed6-8678-053285157093</guid>
            <versionId>c7e5c481-5f74-4372-8bf3-4948ef3de351</versionId>
        </processVariable>
        <processVariable name="rezultati">
            <lastModified isNull="true" />
            <lastModifiedBy isNull="true" />
            <tenantId isNull="true" />
            <processVariableId>2056.ddcec8b9-00be-49e4-afdf-6cf72653132a</processVariableId>
            <description isNull="true" />
            <processId>1.0cdf9c99-a5d1-43ba-bd71-22154d9bba47</processId>
            <namespace>2</namespace>
            <seq>3</seq>
            <isArrayOf>true</isArrayOf>
            <isTransient>false</isTransient>
            <classId>34b0d65f-7524-4bdf-81fb-fcf6680322a1/12.3b1e3757-a1f4-4c3f-bbb8-16fecd4d65c1</classId>
            <hasDefault>false</hasDefault>
            <defaultValue isNull="true" />
            <guid>60f20ea8-17d8-49f8-83fa-be8507251e5f</guid>
            <versionId>45bfcb7f-6f91-48df-a847-6c84f0f654df</versionId>
        </processVariable>
        <item>
            <lastModified isNull="true" />
            <lastModifiedBy isNull="true" />
            <tenantId isNull="true" />
            <processItemId>2025.54e1d052-bca6-481c-ad63-a099b033caf8</processItemId>
            <processId>1.0cdf9c99-a5d1-43ba-bd71-22154d9bba47</processId>
            <name>End</name>
            <tWComponentName>ExitPoint</tWComponentName>
            <tWComponentId>3008.7038443e-17e7-4ba1-b7a5-b62ec1b690de</tWComponentId>
            <isLogEnabled>false</isLogEnabled>
            <isTraceEnabled>false</isTraceEnabled>
            <traceCategory isNull="true" />
            <traceLevel isNull="true" />
            <traceMessage isNull="true" />
            <traceSymbolTable isNull="true" />
            <isExecutionContextTraced>false</isExecutionContextTraced>
            <saveExecutionContext>true</saveExecutionContext>
            <documentation isNull="true" />
            <isErrorHandlerEnabled>false</isErrorHandlerEnabled>
            <errorHandlerItemId isNull="true" />
            <guid>guid:ebfbbea04b3d9bf4:-4768cefc:184da2d10c9:-2b4a</guid>
            <versionId>0f2f087f-85e1-4c5a-a2b6-ebed5a61ea01</versionId>
            <externalServiceRef isNull="true" />
            <externalServiceOp isNull="true" />
            <nodeColor isNull="true" />
            <layoutData x="721" y="80">
                <errorLink>
                    <controlPoints />
                    <showEndState>false</showEndState>
                    <showName>false</showName>
                </errorLink>
            </layoutData>
            <TWComponent>
                <lastModified isNull="true" />
                <lastModifiedBy isNull="true" />
                <tenantId isNull="true" />
                <exitPointId>3008.7038443e-17e7-4ba1-b7a5-b62ec1b690de</exitPointId>
                <haltProcess>false</haltProcess>
                <guid>90d415ed-7ef1-421c-93b5-6a19f4ee37c0</guid>
                <versionId>be398965-1bbb-4251-94da-a5065b1c76f5</versionId>
            </TWComponent>
        </item>
        <item>
            <lastModified isNull="true" />
            <lastModifiedBy isNull="true" />
            <tenantId isNull="true" />
            <processItemId>2025.0d9c3df0-d2f7-4679-81bb-9451e4b0972b</processItemId>
            <processId>1.0cdf9c99-a5d1-43ba-bd71-22154d9bba47</processId>
            <name>Pridobi nadomestila</name>
            <tWComponentName>SubProcess</tWComponentName>
            <tWComponentId>3012.b20f4ec8-a89b-4271-b585-b685e20dcd2f</tWComponentId>
            <isLogEnabled>false</isLogEnabled>
            <isTraceEnabled>false</isTraceEnabled>
            <traceCategory isNull="true" />
            <traceLevel isNull="true" />
            <traceMessage isNull="true" />
            <traceSymbolTable isNull="true" />
            <isExecutionContextTraced>false</isExecutionContextTraced>
            <saveExecutionContext>false</saveExecutionContext>
            <documentation isNull="true" />
            <isErrorHandlerEnabled>false</isErrorHandlerEnabled>
            <errorHandlerItemId isNull="true" />
            <guid>guid:ebfbbea04b3d9bf4:-4768cefc:184da2d10c9:-2b4b</guid>
            <versionId>8f1307fa-2a95-4733-8c3d-e90987cc4aea</versionId>
            <externalServiceRef isNull="true" />
            <externalServiceOp isNull="true" />
            <nodeColor isNull="true" />
            <processPrePosts>
                <lastModified isNull="true" />
                <lastModifiedBy isNull="true" />
                <tenantId isNull="true" />
                <processItemPrePostId>2029.75d31c4b-1a18-42f9-8755-64212f262966</processItemPrePostId>
                <processItemId>2025.0d9c3df0-d2f7-4679-81bb-9451e4b0972b</processItemId>
                <location>2</location>
                <script>tw.local.odpovedPodatki.nadomestiloOdpoved = {};&#xD;
for (var i=0; i&lt;tw.local.rezultati[0].rows.length; i++) {&#xD;
	tw.local.odpovedPodatki.nadomestiloOdpoved.nadomestiloProduktKatalog = {};&#xD;
	tw.local.odpovedPodatki.nadomestiloOdpoved.nadomestiloProduktKatalog.nadomestilo = {};&#xD;
	tw.local.odpovedPodatki.nadomestiloOdpoved.nadomestiloProduktKatalog.nadomestilo.id = tw.local.rezultati[0].rows[i].indexedMap.ID_NADOMESTILA;&#xD;
	tw.local.odpovedPodatki.nadomestiloOdpoved.nadomestiloProduktKatalog.nadomestilo.naziv = tw.local.rezultati[0].rows[i].indexedMap.NAZIV_NADOMESTILA;&#xD;
	tw.local.odpovedPodatki.nadomestiloOdpoved.nadomestiloProduktKatalog.opis = tw.local.rezultati[0].rows[i].indexedMap.OPIS_NADOMESTILA;&#xD;
	tw.local.odpovedPodatki.nadomestiloOdpoved.nadomestiloProduktKatalog.znesekFiksni = tw.local.rezultati[0].rows[i].indexedMap.ZNESEK_FIKSNI;&#xD;
	tw.local.odpovedPodatki.nadomestiloOdpoved.nadomestiloProduktKatalog.znesekOdstotek = tw.local.rezultati[0].rows[i].indexedMap.ZNESEK_ODSTOTEK;&#xD;
	tw.local.odpovedPodatki.nadomestiloOdpoved.nadomestiloProduktKatalog.znestekOstaleGod = tw.local.rezultati[0].rows[i].indexedMap.ZNESEK_OSTALE_GOD;&#xD;
	tw.local.odpovedPodatki.nadomestiloOdpoved.nadomestiloProduktKatalog.znesekOstaleGodOdstotek = tw.local.rezultati[0].rows[i].indexedMap.ZNESEK_OSTALE_GOD_ODST;&#xD;
	tw.local.odpovedPodatki.nadomestiloOdpoved.nadomestiloProduktKatalog.minZnesek = tw.local.rezultati[0].rows[i].indexedMap.MIN_ZNESEK;&#xD;
	tw.local.odpovedPodatki.nadomestiloOdpoved.nadomestiloProduktKatalog.maxZnesek = tw.local.rezultati[0].rows[i].indexedMap.MAX_ZNESEK;&#xD;
	tw.local.odpovedPodatki.nadomestiloOdpoved.nadomestiloProduktKatalog.minOstaleGod = tw.local.rezultati[0].rows[i].indexedMap.MIN_OSTALE_GOD;&#xD;
	tw.local.odpovedPodatki.nadomestiloOdpoved.nadomestiloProduktKatalog.zaFinanciranje = tw.local.rezultati[0].rows[i].indexedMap.ZA_FINANCIRANJE?"1":"0";&#xD;
	tw.local.odpovedPodatki.nadomestiloOdpoved.nadomestiloProduktKatalog.zaAneks = tw.local.rezultati[0].rows[i].indexedMap.ZA_ANEKS?"1":"0";&#xD;
	tw.local.odpovedPodatki.nadomestiloOdpoved.nadomestiloProduktKatalog.zaOdobrenje = tw.local.rezultati[0].rows[i].indexedMap.ZA_ODOBRENJE?"1":"0";&#xD;
}</script>
                <guid>71bac72d-2aac-4cb1-86d8-4dbc9fa33542</guid>
                <versionId>af7e8afe-3f90-4906-bf70-21feebf48048</versionId>
            </processPrePosts>
            <processPrePosts>
                <lastModified isNull="true" />
                <lastModifiedBy isNull="true" />
                <tenantId isNull="true" />
                <processItemPrePostId>2029.2a50c0c6-b9ef-491c-a056-70f6cc4b16c6</processItemPrePostId>
                <processItemId>2025.0d9c3df0-d2f7-4679-81bb-9451e4b0972b</processItemId>
                <location>1</location>
                <script>tw.local.sql = "SELECT \&#xD;
			  sn.naziv_nadomestila as NAZIV_NADOMESTILA,\&#xD;
			  sn.id_nadomestila as ID_NADOMESTILA,\&#xD;
			  sn.opis as OPIS_NADOMESTILA,\&#xD;
			  sn.znesek as ZNESEK_FIKSNI,\&#xD;
			  sn.znesek_odstotek AS ZNESEK_ODSTOTEK,\&#xD;
			  sn.znesek_ostale_god AS ZNESEK_OSTALE_GOD,\&#xD;
			  sn.znesek_ostale_god_odstotek AS ZNESEK_OSTALE_GOD_ODST,\&#xD;
			  sn.min_eur AS MIN_ZNESEK,\&#xD;
			  sn.max_eur AS MAX_ZNESEK,\&#xD;
			  sn.min_ostale_god_eur AS MIN_OSTALE_GOD,\&#xD;
			  sn.zafinanciranje AS ZA_FINANCIRANJE,\&#xD;
			  sn.zaaneks AS ZA_ANEKS,\&#xD;
			  sn.zafinanciranje AS ZA_ODOBRENJE \&#xD;
		    FROM kp.sif_nadomestila sn \&#xD;
		    WHERE sn.id_nadomestila = ?";&#xD;
&#xD;
&#xD;
tw.local.parametrov = [];&#xD;
tw.local.parametrov[0] = {};&#xD;
tw.local.parametrov[0].mode = "IN";&#xD;
tw.local.parametrov[0].type = "NUMERIC";&#xD;
tw.local.parametrov[0].value = tw.epv.TabelaSifrantiEPV.idNadomestiloOdpoved.valueAt(new TWDate());</script>
                <guid>c8f88647-41f5-44f7-a4c3-55ae4db9c8c9</guid>
                <versionId>d38fe5e5-f649-4b6d-930a-33feb5945548</versionId>
            </processPrePosts>
            <layoutData x="252" y="57">
                <errorLink>
                    <controlPoints />
                    <showEndState>false</showEndState>
                    <showName>false</showName>
                </errorLink>
            </layoutData>
            <TWComponent>
                <lastModified isNull="true" />
                <lastModifiedBy isNull="true" />
                <tenantId isNull="true" />
                <subProcessId>3012.b20f4ec8-a89b-4271-b585-b685e20dcd2f</subProcessId>
                <attachedProcessRef>34b0d65f-7524-4bdf-81fb-fcf6680322a1/1.4e480adb-5741-4f5e-aead-27b3654e9cd2</attachedProcessRef>
                <guid>a37c1bea-e741-466d-89a2-38c10f341451</guid>
                <versionId>be4f7faf-9812-43ab-b2b0-4b0ce3a4543a</versionId>
                <parameterMapping name="maxRows">
                    <lastModified isNull="true" />
                    <lastModifiedBy isNull="true" />
                    <tenantId isNull="true" />
                    <parameterMappingId>2054.087f9e93-1dc9-4bec-a32c-0e0b48455b83</parameterMappingId>
                    <processParameterId>2055.53ee0328-837f-427d-b0a1-0255f36f7e0c</processParameterId>
                    <parameterMappingParentId>3012.b20f4ec8-a89b-4271-b585-b685e20dcd2f</parameterMappingParentId>
                    <useDefault>false</useDefault>
                    <value>null</value>
                    <classRef>/12.3fa0d7a0-828a-4d60-99cc-db5ed143fc2d</classRef>
                    <isList>false</isList>
                    <isInput>true</isInput>
                    <mappingMode isNull="true" />
                    <sourcePath isNull="true" />
                    <targetPath isNull="true" />
                    <guid>0a8496d2-0c84-41f4-893f-c1bd1004641b</guid>
                    <versionId>2d08d7c8-412c-48b3-ab5b-e42d0c6622d0</versionId>
                    <description isNull="true" />
                </parameterMapping>
                <parameterMapping name="sql">
                    <lastModified isNull="true" />
                    <lastModifiedBy isNull="true" />
                    <tenantId isNull="true" />
                    <parameterMappingId>2054.dae792b1-5ddd-4a63-92ad-7dbe3685da1b</parameterMappingId>
                    <processParameterId>2055.25f5990f-9abf-4cf6-9101-497d43dee141</processParameterId>
                    <parameterMappingParentId>3012.b20f4ec8-a89b-4271-b585-b685e20dcd2f</parameterMappingParentId>
                    <useDefault>false</useDefault>
                    <value>tw.local.sql</value>
                    <classRef>/12.db884a3c-c533-44b7-bb2d-47bec8ad4022</classRef>
                    <isList>false</isList>
                    <isInput>true</isInput>
                    <mappingMode isNull="true" />
                    <sourcePath isNull="true" />
                    <targetPath isNull="true" />
                    <guid>e63887c5-8d2a-430e-a0c7-0372c1b6cb7c</guid>
                    <versionId>3c6253ce-b361-479b-ade7-0db268d29cca</versionId>
                    <description isNull="true" />
                </parameterMapping>
                <parameterMapping name="dataSourceName">
                    <lastModified isNull="true" />
                    <lastModifiedBy isNull="true" />
                    <tenantId isNull="true" />
                    <parameterMappingId>2054.9e3a60d1-23c3-4cc8-9dd5-b7ec90b750ea</parameterMappingId>
                    <processParameterId>2055.81a41d09-a504-4a63-bdaa-a92bac26ad7e</processParameterId>
                    <parameterMappingParentId>3012.b20f4ec8-a89b-4271-b585-b685e20dcd2f</parameterMappingParentId>
                    <useDefault>false</useDefault>
                    <value>tw.env.SQL_VIR</value>
                    <classRef>/12.db884a3c-c533-44b7-bb2d-47bec8ad4022</classRef>
                    <isList>false</isList>
                    <isInput>true</isInput>
                    <mappingMode isNull="true" />
                    <sourcePath isNull="true" />
                    <targetPath isNull="true" />
                    <guid>7d6ed61a-ecb8-44d7-bded-a04321e46193</guid>
                    <versionId>97ca88c9-6190-4ce7-b6a5-aa16224a64ca</versionId>
                    <description isNull="true" />
                </parameterMapping>
                <parameterMapping name="parameters">
                    <lastModified isNull="true" />
                    <lastModifiedBy isNull="true" />
                    <tenantId isNull="true" />
                    <parameterMappingId>2054.6f5c4c32-06dd-4ecc-b8dd-ca55b5bb2c3d</parameterMappingId>
                    <processParameterId>2055.8b844f2a-0a1f-4f12-b34b-e9fd5191dc43</processParameterId>
                    <parameterMappingParentId>3012.b20f4ec8-a89b-4271-b585-b685e20dcd2f</parameterMappingParentId>
                    <useDefault>false</useDefault>
                    <value>tw.local.parametrov</value>
                    <classRef>/12.f453f500-ca4e-4264-a371-72c1892e8b7c</classRef>
                    <isList>true</isList>
                    <isInput>true</isInput>
                    <mappingMode isNull="true" />
                    <sourcePath isNull="true" />
                    <targetPath isNull="true" />
                    <guid>cd7a2e04-fd4b-4389-a085-de1003e1a72a</guid>
                    <versionId>d651e6f0-cd23-4d0a-a7f0-e4ca5115180b</versionId>
                    <description isNull="true" />
                </parameterMapping>
                <parameterMapping name="results">
                    <lastModified isNull="true" />
                    <lastModifiedBy isNull="true" />
                    <tenantId isNull="true" />
                    <parameterMappingId>2054.6c03eef9-9091-46a6-80e3-d0416ba0715c</parameterMappingId>
                    <processParameterId>2055.976cdc78-9d8d-41d4-ae85-f6c9a50c6764</processParameterId>
                    <parameterMappingParentId>3012.b20f4ec8-a89b-4271-b585-b685e20dcd2f</parameterMappingParentId>
                    <useDefault>false</useDefault>
                    <value>tw.local.rezultati</value>
                    <classRef>/12.3b1e3757-a1f4-4c3f-bbb8-16fecd4d65c1</classRef>
                    <isList>true</isList>
                    <isInput>false</isInput>
                    <mappingMode isNull="true" />
                    <sourcePath isNull="true" />
                    <targetPath isNull="true" />
                    <guid>f12eb547-dbf7-4d6b-acbc-eef4c878652e</guid>
                    <versionId>fec843fa-08cb-4008-9198-603b9d0a1191</versionId>
                    <description isNull="true" />
                </parameterMapping>
            </TWComponent>
        </item>
        <item>
            <lastModified isNull="true" />
            <lastModifiedBy isNull="true" />
            <tenantId isNull="true" />
            <processItemId>2025.985d0954-1038-4885-88ab-ee01876dd03f</processItemId>
            <processId>1.0cdf9c99-a5d1-43ba-bd71-22154d9bba47</processId>
            <name>Izracun nadomestila</name>
            <tWComponentName>SubProcess</tWComponentName>
            <tWComponentId>3012.df407880-f2e2-4f1f-8e9e-06431bd29a95</tWComponentId>
            <isLogEnabled>false</isLogEnabled>
            <isTraceEnabled>false</isTraceEnabled>
            <traceCategory isNull="true" />
            <traceLevel isNull="true" />
            <traceMessage isNull="true" />
            <traceSymbolTable isNull="true" />
            <isExecutionContextTraced>false</isExecutionContextTraced>
            <saveExecutionContext>false</saveExecutionContext>
            <documentation isNull="true" />
            <isErrorHandlerEnabled>false</isErrorHandlerEnabled>
            <errorHandlerItemId isNull="true" />
            <guid>guid:ebfbbea04b3d9bf4:-4768cefc:184da2d10c9:-2a73</guid>
            <versionId>c75c98c4-aced-415e-a1f5-ace0944be1af</versionId>
            <externalServiceRef isNull="true" />
            <externalServiceOp isNull="true" />
            <nodeColor isNull="true" />
            <layoutData x="453" y="57">
                <errorLink>
                    <controlPoints />
                    <showEndState>false</showEndState>
                    <showName>false</showName>
                </errorLink>
            </layoutData>
            <TWComponent>
                <lastModified isNull="true" />
                <lastModifiedBy isNull="true" />
                <tenantId isNull="true" />
                <subProcessId>3012.df407880-f2e2-4f1f-8e9e-06431bd29a95</subProcessId>
                <attachedProcessRef>/1.befedff3-1ff8-48c6-a44e-456adcc549b7</attachedProcessRef>
                <guid>6357b9a4-e3a0-4993-a69d-ad011dc08b6e</guid>
                <versionId>5941b86f-8f76-404e-9d65-49f3f075f0d6</versionId>
                <parameterMapping name="minZnesek">
                    <lastModified isNull="true" />
                    <lastModifiedBy isNull="true" />
                    <tenantId isNull="true" />
                    <parameterMappingId>2054.54ef6e1e-cb9a-4064-8b5f-f7d5779c81bf</parameterMappingId>
                    <processParameterId>2055.8e7109fa-c523-4f8b-8d9c-4ae4168d72a7</processParameterId>
                    <parameterMappingParentId>3012.df407880-f2e2-4f1f-8e9e-06431bd29a95</parameterMappingParentId>
                    <useDefault>false</useDefault>
                    <value>tw.local.odpovedPodatki.nadomestiloOdpoved.nadomestiloProduktKatalog.minZnesek</value>
                    <classRef>34b0d65f-7524-4bdf-81fb-fcf6680322a1/12.536b2aa5-a30f-4eca-87fa-3a28066753ee</classRef>
                    <isList>false</isList>
                    <isInput>true</isInput>
                    <mappingMode isNull="true" />
                    <sourcePath isNull="true" />
                    <targetPath isNull="true" />
                    <guid>35cd0290-5e8e-4750-ad05-469064beb137</guid>
                    <versionId>1bebb466-1084-4caa-a1c6-27d8bbbc027b</versionId>
                    <description isNull="true" />
                </parameterMapping>
                <parameterMapping name="izracunatiZnesek">
                    <lastModified isNull="true" />
                    <lastModifiedBy isNull="true" />
                    <tenantId isNull="true" />
                    <parameterMappingId>2054.b4f03cfc-6d90-47c3-9608-479145bc74ae</parameterMappingId>
                    <processParameterId>2055.a01c6067-2c14-4006-b877-5142bc0cef8d</processParameterId>
                    <parameterMappingParentId>3012.df407880-f2e2-4f1f-8e9e-06431bd29a95</parameterMappingParentId>
                    <useDefault>false</useDefault>
                    <value>tw.local.odpovedPodatki.nadomestiloOdpoved.izracunatiZnesek</value>
                    <classRef>34b0d65f-7524-4bdf-81fb-fcf6680322a1/12.536b2aa5-a30f-4eca-87fa-3a28066753ee</classRef>
                    <isList>false</isList>
                    <isInput>false</isInput>
                    <mappingMode isNull="true" />
                    <sourcePath isNull="true" />
                    <targetPath isNull="true" />
                    <guid>4011a044-11ff-41fc-9804-42afb18abe58</guid>
                    <versionId>2e495dee-e66e-4a14-b5df-a0d0c9a22c25</versionId>
                    <description isNull="true" />
                </parameterMapping>
                <parameterMapping name="znesekOdstotek">
                    <lastModified isNull="true" />
                    <lastModifiedBy isNull="true" />
                    <tenantId isNull="true" />
                    <parameterMappingId>2054.0da964c9-66e9-4a00-8b68-c2e18fed86d8</parameterMappingId>
                    <processParameterId>2055.dba01e60-3ea1-43a1-ade2-e001e123703c</processParameterId>
                    <parameterMappingParentId>3012.df407880-f2e2-4f1f-8e9e-06431bd29a95</parameterMappingParentId>
                    <useDefault>false</useDefault>
                    <value>tw.local.odpovedPodatki.nadomestiloOdpoved.nadomestiloProduktKatalog.znesekOdstotek</value>
                    <classRef>34b0d65f-7524-4bdf-81fb-fcf6680322a1/12.536b2aa5-a30f-4eca-87fa-3a28066753ee</classRef>
                    <isList>false</isList>
                    <isInput>true</isInput>
                    <mappingMode isNull="true" />
                    <sourcePath isNull="true" />
                    <targetPath isNull="true" />
                    <guid>eca8839c-70ee-4946-b6ec-2d9da0382db6</guid>
                    <versionId>3971a604-8121-4e78-a983-2d9719fe0d66</versionId>
                    <description isNull="true" />
                </parameterMapping>
                <parameterMapping name="rocnost">
                    <lastModified isNull="true" />
                    <lastModifiedBy isNull="true" />
                    <tenantId isNull="true" />
                    <parameterMappingId>2054.cef80f37-5454-424e-a96a-c39e53ddc331</parameterMappingId>
                    <processParameterId>2055.386891ce-a8e1-480d-8cb7-92e22b23a945</processParameterId>
                    <parameterMappingParentId>3012.df407880-f2e2-4f1f-8e9e-06431bd29a95</parameterMappingParentId>
                    <useDefault>false</useDefault>
                    <value>tw.local.rocnostSkupajZMoratorijem</value>
                    <classRef>34b0d65f-7524-4bdf-81fb-fcf6680322a1/12.3fa0d7a0-828a-4d60-99cc-db5ed143fc2d</classRef>
                    <isList>false</isList>
                    <isInput>true</isInput>
                    <mappingMode isNull="true" />
                    <sourcePath isNull="true" />
                    <targetPath isNull="true" />
                    <guid>1e78ecea-2cb5-4ab9-abe3-9cc4655a2bce</guid>
                    <versionId>77d3ac6d-aa8d-4914-b7ae-2f68842a693e</versionId>
                    <description isNull="true" />
                </parameterMapping>
                <parameterMapping name="znesekOstaleGodOdstotek">
                    <lastModified isNull="true" />
                    <lastModifiedBy isNull="true" />
                    <tenantId isNull="true" />
                    <parameterMappingId>2054.f221309f-7cee-4a67-8bc1-6e9505060601</parameterMappingId>
                    <processParameterId>2055.6b7f4ede-8a67-487c-8124-82edde05db6d</processParameterId>
                    <parameterMappingParentId>3012.df407880-f2e2-4f1f-8e9e-06431bd29a95</parameterMappingParentId>
                    <useDefault>false</useDefault>
                    <value>tw.local.odpovedPodatki.nadomestiloOdpoved.nadomestiloProduktKatalog.znesekOstaleGodOdstotek</value>
                    <classRef>34b0d65f-7524-4bdf-81fb-fcf6680322a1/12.db884a3c-c533-44b7-bb2d-47bec8ad4022</classRef>
                    <isList>false</isList>
                    <isInput>true</isInput>
                    <mappingMode isNull="true" />
                    <sourcePath isNull="true" />
                    <targetPath isNull="true" />
                    <guid>036459f4-1874-4fb0-a29c-8401fbf40c15</guid>
                    <versionId>85f2cfcd-f336-4096-826c-31ef753c9140</versionId>
                    <description isNull="true" />
                </parameterMapping>
                <parameterMapping name="maxZnesek">
                    <lastModified isNull="true" />
                    <lastModifiedBy isNull="true" />
                    <tenantId isNull="true" />
                    <parameterMappingId>2054.eed80937-3394-4903-986f-bc466b6debec</parameterMappingId>
                    <processParameterId>2055.3a1e4d47-4c86-459a-8225-1ff7e3d58f6b</processParameterId>
                    <parameterMappingParentId>3012.df407880-f2e2-4f1f-8e9e-06431bd29a95</parameterMappingParentId>
                    <useDefault>false</useDefault>
                    <value>tw.local.odpovedPodatki.nadomestiloOdpoved.nadomestiloProduktKatalog.maxZnesek</value>
                    <classRef>34b0d65f-7524-4bdf-81fb-fcf6680322a1/12.536b2aa5-a30f-4eca-87fa-3a28066753ee</classRef>
                    <isList>false</isList>
                    <isInput>true</isInput>
                    <mappingMode isNull="true" />
                    <sourcePath isNull="true" />
                    <targetPath isNull="true" />
                    <guid>36045bd0-d248-482b-88ab-980530faf6d9</guid>
                    <versionId>93e62361-d7bc-43af-b49d-efcd6cbd1578</versionId>
                    <description isNull="true" />
                </parameterMapping>
                <parameterMapping name="znesekFiksni">
                    <lastModified isNull="true" />
                    <lastModifiedBy isNull="true" />
                    <tenantId isNull="true" />
                    <parameterMappingId>2054.6447af06-3b66-41b8-80e2-70f243998ed3</parameterMappingId>
                    <processParameterId>2055.b333e302-d80c-45bb-adb6-4fa43fedac92</processParameterId>
                    <parameterMappingParentId>3012.df407880-f2e2-4f1f-8e9e-06431bd29a95</parameterMappingParentId>
                    <useDefault>false</useDefault>
                    <value>tw.local.odpovedPodatki.nadomestiloOdpoved.nadomestiloProduktKatalog.znesekFiksni</value>
                    <classRef>34b0d65f-7524-4bdf-81fb-fcf6680322a1/12.536b2aa5-a30f-4eca-87fa-3a28066753ee</classRef>
                    <isList>false</isList>
                    <isInput>true</isInput>
                    <mappingMode isNull="true" />
                    <sourcePath isNull="true" />
                    <targetPath isNull="true" />
                    <guid>fbba2494-c604-4b68-8970-776174b27673</guid>
                    <versionId>9e4db5ae-1caa-4162-8f23-57095117a43e</versionId>
                    <description isNull="true" />
                </parameterMapping>
                <parameterMapping name="minOstaleGod">
                    <lastModified isNull="true" />
                    <lastModifiedBy isNull="true" />
                    <tenantId isNull="true" />
                    <parameterMappingId>2054.f8fc09b0-40ff-4d8e-b669-7e74d2d733a0</parameterMappingId>
                    <processParameterId>2055.5deea956-8850-4cfb-8b94-08b6e2ff9c7f</processParameterId>
                    <parameterMappingParentId>3012.df407880-f2e2-4f1f-8e9e-06431bd29a95</parameterMappingParentId>
                    <useDefault>false</useDefault>
                    <value>tw.local.odpovedPodatki.nadomestiloOdpoved.nadomestiloProduktKatalog.minOstaleGod</value>
                    <classRef>34b0d65f-7524-4bdf-81fb-fcf6680322a1/12.536b2aa5-a30f-4eca-87fa-3a28066753ee</classRef>
                    <isList>false</isList>
                    <isInput>true</isInput>
                    <mappingMode isNull="true" />
                    <sourcePath isNull="true" />
                    <targetPath isNull="true" />
                    <guid>15917230-8814-4561-8044-013f4e74dead</guid>
                    <versionId>c1adcbc4-c540-4f0e-bf9a-66ba8e3b89bb</versionId>
                    <description isNull="true" />
                </parameterMapping>
                <parameterMapping name="znesek">
                    <lastModified isNull="true" />
                    <lastModifiedBy isNull="true" />
                    <tenantId isNull="true" />
                    <parameterMappingId>2054.d5f24be8-a8bb-47ff-ba7d-ee09bdc56e65</parameterMappingId>
                    <processParameterId>2055.b6e0f4af-3361-48ed-ab15-8e52b3029c2a</processParameterId>
                    <parameterMappingParentId>3012.df407880-f2e2-4f1f-8e9e-06431bd29a95</parameterMappingParentId>
                    <useDefault>false</useDefault>
                    <value>tw.local.znesek</value>
                    <classRef>34b0d65f-7524-4bdf-81fb-fcf6680322a1/12.536b2aa5-a30f-4eca-87fa-3a28066753ee</classRef>
                    <isList>false</isList>
                    <isInput>true</isInput>
                    <mappingMode isNull="true" />
                    <sourcePath isNull="true" />
                    <targetPath isNull="true" />
                    <guid>2f737df9-4034-4038-89be-030450e10f4f</guid>
                    <versionId>d1fd74fb-100e-430a-840a-d31be03779b0</versionId>
                    <description isNull="true" />
                </parameterMapping>
                <parameterMapping name="znestekOstaleGod">
                    <lastModified isNull="true" />
                    <lastModifiedBy isNull="true" />
                    <tenantId isNull="true" />
                    <parameterMappingId>2054.000ebbdf-adfc-4026-80d8-8f49f1dca022</parameterMappingId>
                    <processParameterId>2055.c612db64-9976-487e-aec9-c689ecccde08</processParameterId>
                    <parameterMappingParentId>3012.df407880-f2e2-4f1f-8e9e-06431bd29a95</parameterMappingParentId>
                    <useDefault>false</useDefault>
                    <value>tw.local.odpovedPodatki.nadomestiloOdpoved.nadomestiloProduktKatalog.znestekOstaleGod</value>
                    <classRef>34b0d65f-7524-4bdf-81fb-fcf6680322a1/12.536b2aa5-a30f-4eca-87fa-3a28066753ee</classRef>
                    <isList>false</isList>
                    <isInput>true</isInput>
                    <mappingMode isNull="true" />
                    <sourcePath isNull="true" />
                    <targetPath isNull="true" />
                    <guid>34de2174-7bd4-4b24-bc29-6baf84342e8d</guid>
                    <versionId>f735b66b-493d-4593-a8cd-7c1988486ffa</versionId>
                    <description isNull="true" />
                </parameterMapping>
            </TWComponent>
        </item>
        <EPV_PROCESS_LINK>
            <lastModified isNull="true" />
            <lastModifiedBy isNull="true" />
            <tenantId isNull="true" />
            <epvProcessLinkId>2058.f1043a7b-efa7-488f-a3fb-7f348ef8d54d</epvProcessLinkId>
            <epvId>/21.c56aa906-f64d-47a1-8b56-1f82535d412e</epvId>
            <processId>1.0cdf9c99-a5d1-43ba-bd71-22154d9bba47</processId>
            <guid>ecdc49d8-99d0-438d-979c-9572b7c1297b</guid>
            <versionId>56bcd9c3-7a80-45f5-82ab-8d52250ea043</versionId>
        </EPV_PROCESS_LINK>
        <startingProcessItemId>2025.0d9c3df0-d2f7-4679-81bb-9451e4b0972b</startingProcessItemId>
        <errorHandlerItemId isNull="true" />
        <layoutData noConversion="true">
            <errorLink>
                <controlPoints />
                <showEndState>false</showEndState>
                <showName>false</showName>
            </errorLink>
        </layoutData>
        <startPoint>
            <layoutData x="25" y="80">
                <errorLink>
                    <controlPoints />
                    <showEndState>false</showEndState>
                    <showName>false</showName>
                </errorLink>
            </layoutData>
        </startPoint>
        <startLink>
            <fromPort locationId="rightCenter" portType="1" />
            <toPort locationId="leftCenter" portType="2" />
            <layoutData>
                <controlPoints />
                <showEndState>false</showEndState>
                <showName>false</showName>
            </layoutData>
        </startLink>
        <bpmn2Model>
            <ns16:definitions xmlns:ns16="http://www.omg.org/spec/BPMN/20100524/MODEL" xmlns:ns2="http://www.ibm.com/xmlns/prod/bpm/bpmn/ext/trackinggroup" xmlns:ns3="http://www.ibm.com/xmlns/prod/bpm/bpmn/ext/process" xmlns:ns4="http://www.ibm.com/xmlns/prod/bpm/bpmn/ext/process/wle" xmlns:ns5="http://www.ibm.com/xmlns/prod/bpm/bpmn/ext/process/case" xmlns:ns6="http://www.ibm.com/bpm/Extensions" xmlns:ns7="http://www.ibm.com/xmlns/prod/bpm/uca" xmlns:ns8="http://www.ibm.com/xmlns/prod/bpm/bpmn/ext/team" xmlns:ns9="http://www.ibm.com/xmlns/bpmnx/20100524/v1/BusinessVocabulary" xmlns:ns10="http://www.omg.org/spec/DD/20100524/DI" xmlns:ns11="http://www.omg.org/spec/DD/20100524/DC" xmlns:ns12="http://www.omg.org/spec/BPMN/20100524/BPMNDI" xmlns:ns13="http://www.ibm.com/xmlns/prod/bpm/graph" xmlns:ns14="http://www.ibm.com/xmlns/prod/bpm/bpmn/ext/process/auth" xmlns:ns15="http://www.ibm.com/xmlns/prod/bpm/bpmn/ext/extservice" xmlns:ns17="http://www.ibm.com/bpm/processappsettings" xmlns:ns18="http://www.ibm.com/xmlns/links" xmlns:ns19="http://www.ibm.com/bpm/CoachDesignerNG" xmlns:ns20="http://www.ibm.com/xmlns/tagging" xmlns:ns21="http://www.ibm.com/bpm/uitheme" xmlns:ns22="http://www.ibm.com/bpm/coachview" targetNamespace="" expressionLanguage="http://www.ibm.com/xmlns/prod/bpm/expression-lang/javascript" typeLanguage="http://www.w3.org/2001/XMLSchema">
                <ns16:process name="Nadomestilo odpoved SF" id="1.0cdf9c99-a5d1-43ba-bd71-22154d9bba47" ns3:executionMode="microflow">
                    <ns16:documentation textFormat="text/plain">Servis za preuzimanje nadomestila za odpoved i preracunavanje iznosa</ns16:documentation>
                    <ns16:extensionElements>
                        <ns3:isSecured>true</ns3:isSecured>
                        <ns3:isAjaxExposed>true</ns3:isAjaxExposed>
                        <ns3:sboSyncEnabled>true</ns3:sboSyncEnabled>
                    </ns16:extensionElements>
                    <ns16:ioSpecification>
                        <ns16:extensionElements>
                            <ns3:epvProcessLinks>
                                <ns3:epvProcessLinkRef epvId="21.c56aa906-f64d-47a1-8b56-1f82535d412e" epvProcessLinkId="40dcf9e5-e899-4fdf-8946-20e20e39407f" />
                            </ns3:epvProcessLinks>
                        </ns16:extensionElements>
                        <ns16:dataInput name="znesek" itemSubjectRef="itm.12.536b2aa5-a30f-4eca-87fa-3a28066753ee" isCollection="false" id="2055.c129ac80-6f19-4520-8019-503c5bb6b509">
                            <ns16:extensionElements>
                                <ns3:defaultValue useDefault="false">2000000.0</ns3:defaultValue>
                            </ns16:extensionElements>
                        </ns16:dataInput>
                        <ns16:dataInput name="rocnostSkupajZMoratorijem" itemSubjectRef="itm.12.3fa0d7a0-828a-4d60-99cc-db5ed143fc2d" isCollection="false" id="2055.c8ebeaad-0e34-45df-83e1-17ea676312b5">
                            <ns16:extensionElements>
                                <ns3:defaultValue useDefault="false">90</ns3:defaultValue>
                            </ns16:extensionElements>
                        </ns16:dataInput>
                        <ns16:dataInput name="odpovedPodatki" itemSubjectRef="itm.12.a767ec74-1f45-4d8e-9aa5-1cc3e7050d88" isCollection="false" id="2055.7ed55fc3-513e-48a2-8cae-3ecbec4e226e">
                            <ns16:extensionElements>
                                <ns3:defaultValue useDefault="false">var autoObject = new tw.object.OdpovedPodatki_BO();
autoObject.opravilo = new tw.object.Opravilo_BO();
autoObject.opravilo.vloga = new tw.object.toolkit.CTCT.Sifrant_BO();
autoObject.opravilo.vloga.id = 0;
autoObject.opravilo.vloga.naziv = "";
autoObject.opravilo.vloga.koda = "";
autoObject.opravilo.uporabnik = new tw.object.Uporabnik_BO();
autoObject.opravilo.uporabnik.imeInPriimek = "";
autoObject.opravilo.uporabnik.uporabniskoIme = "";
autoObject.opravilo.opravilo = new tw.object.toolkit.CTCT.Sifrant_BO();
autoObject.opravilo.opravilo.id = 0;
autoObject.opravilo.opravilo.naziv = "";
autoObject.opravilo.opravilo.koda = "";
autoObject.opravilo.datumZakljucka = new TWDate();
autoObject.opravilo.komentarMnenje = "";
autoObject.opravilo.odlocitev = new tw.object.toolkit.CTCT.Sifrant_BO();
autoObject.opravilo.odlocitev.id = 0;
autoObject.opravilo.odlocitev.naziv = "";
autoObject.opravilo.odlocitev.koda = "";
autoObject.opravilo.zaKoga = new tw.object.toolkit.CTCT.Sifrant_BO();
autoObject.opravilo.zaKoga.id = 0;
autoObject.opravilo.zaKoga.naziv = "";
autoObject.opravilo.zaKoga.koda = "";
autoObject.opravilo.statusVloge = new tw.object.toolkit.CTCT.Sifrant_BO();
autoObject.opravilo.statusVloge.id = 0;
autoObject.opravilo.statusVloge.naziv = "";
autoObject.opravilo.statusVloge.koda = "";
autoObject.opravilo.dodatniPodatki = new tw.object.listOf.DodatniPodatkiObdelava_BO();
autoObject.opravilo.dodatniPodatki[0] = new tw.object.DodatniPodatkiObdelava_BO();
autoObject.opravilo.dodatniPodatki[0].vprasanje = "";
autoObject.opravilo.dodatniPodatki[0].odgovor = "";
autoObject.opravilo.dodatniPodatki[0].dodatniPodatek = new tw.object.toolkit.CTCT.Sifrant_BO();
autoObject.opravilo.dodatniPodatki[0].dodatniPodatek.id = 0;
autoObject.opravilo.dodatniPodatki[0].dodatniPodatek.naziv = "";
autoObject.opravilo.dodatniPodatki[0].dodatniPodatek.koda = "";
autoObject.opravilo.datumPrejema = new TWDate();
autoObject.opravilo.datumZacetka = new TWDate();
autoObject.idStatusVlogeObOddaniOdpovedi = 0;
autoObject.idStatusVlogeKoncni = 0;
autoObject.obrazlozitevStrankeObOdstopu = "";
autoObject.obrazlozitevZaStranko = "";
autoObject.obrazecZavrnitve = new tw.object.DokumentNKA_BO();
autoObject.obrazecZavrnitve.idTipDokumenta = 0;
autoObject.obrazecZavrnitve.prvotniNazivDokumenta = "";
autoObject.obrazecZavrnitve.nazivDokumenta = "";
autoObject.obrazecZavrnitve.linkKDokumentu = "";
autoObject.obrazecZavrnitve.dokumentId = "";
autoObject.obrazecZavrnitve.nalozilUporabnik = "";
autoObject.obrazecZavrnitve.datumInCas = new TWDate();
autoObject.obrazecZavrnitve.strankaAliBanka = "";
autoObject.obrazecZavrnitve.status = "";
autoObject.obrazecZavrnitve.idSkupinaDokumenta = "";
autoObject.obrazecZavrnitve.izbraniIndeks = 0;
autoObject.obrazecZavrnitve.izbrisiDokument = "";
autoObject.obrazecZavrnitve.noviDokument = "";
autoObject.obrazecZavrnitve.idOpravilo = 0;
autoObject.odpovedOddanaOd = "";
autoObject.mozniStatusiVlogeSifrant = new tw.object.listOf.toolkit.TWSYS.String();
autoObject.mozniStatusiVlogeSifrant[0] = "";
autoObject.obrazecZavrnitveGeneriran = false;
autoObject</ns3:defaultValue>
                            </ns16:extensionElements>
                        </ns16:dataInput>
                        <ns16:dataOutput name="odpovedPodatki" itemSubjectRef="itm.12.a767ec74-1f45-4d8e-9aa5-1cc3e7050d88" isCollection="false" id="2055.3044895b-2b05-4899-806d-daf4b7930be4" />
                        <ns16:inputSet>
                            <ns16:dataInputRefs>2055.c129ac80-6f19-4520-8019-503c5bb6b509</ns16:dataInputRefs>
                            <ns16:dataInputRefs>2055.c8ebeaad-0e34-45df-83e1-17ea676312b5</ns16:dataInputRefs>
                            <ns16:dataInputRefs>2055.7ed55fc3-513e-48a2-8cae-3ecbec4e226e</ns16:dataInputRefs>
                        </ns16:inputSet>
                        <ns16:outputSet>
                            <ns16:dataOutputRefs>2055.3044895b-2b05-4899-806d-daf4b7930be4</ns16:dataOutputRefs>
                        </ns16:outputSet>
                    </ns16:ioSpecification>
                    <ns16:laneSet id="f1d72417-79ef-4701-b884-20afb938c4e4">
                        <ns16:lane name="System" partitionElementRef="24.6fd38d02-81cf-48ab-bd42-8ff4c0a1628b" id="77edd00d-2a62-4fc2-863e-0f70449258d6" ns4:isSystemLane="true">
                            <ns16:extensionElements>
                                <ns13:nodeVisualInfo x="0" y="0" width="3000" height="500" color="#F8F8F8" />
                            </ns16:extensionElements>
                            <ns16:flowNodeRef>42a0c56e-8546-4975-b12d-aacbd296bfe0</ns16:flowNodeRef>
                            <ns16:flowNodeRef>54e1d052-bca6-481c-ad63-a099b033caf8</ns16:flowNodeRef>
                            <ns16:flowNodeRef>0d9c3df0-d2f7-4679-81bb-9451e4b0972b</ns16:flowNodeRef>
                            <ns16:flowNodeRef>985d0954-1038-4885-88ab-ee01876dd03f</ns16:flowNodeRef>
                        </ns16:lane>
                    </ns16:laneSet>
                    <ns16:startEvent isInterrupting="false" parallelMultiple="false" name="Start" id="42a0c56e-8546-4975-b12d-aacbd296bfe0">
                        <ns16:extensionElements>
                            <ns13:nodeVisualInfo x="25" y="80" width="24" height="24" color="#F8F8F8" />
                        </ns16:extensionElements>
                        <ns16:outgoing>38c285f5-95d3-4f7b-b1c6-eaf7fac41661</ns16:outgoing>
                    </ns16:startEvent>
                    <ns16:endEvent name="End" id="54e1d052-bca6-481c-ad63-a099b033caf8">
                        <ns16:extensionElements>
                            <ns13:nodeVisualInfo x="721" y="80" width="24" height="24" color="#F8F8F8" />
                            <ns4:saveExecutionContext>true</ns4:saveExecutionContext>
                            <ns3:endStateId>guid:ebfbbea04b3d9bf4:-4768cefc:184da2d10c9:-2b4a</ns3:endStateId>
                        </ns16:extensionElements>
                        <ns16:incoming>fdc82de4-55be-465e-86a9-04bd159b3b6d</ns16:incoming>
                    </ns16:endEvent>
                    <ns16:callActivity calledElement="1.4e480adb-5741-4f5e-aead-27b3654e9cd2" name="Pridobi nadomestila" id="0d9c3df0-d2f7-4679-81bb-9451e4b0972b">
                        <ns16:extensionElements>
                            <ns13:nodeVisualInfo x="252" y="57" width="95" height="70" />
                            <ns4:activityType>CalledProcess</ns4:activityType>
                            <ns3:postAssignmentScript>tw.local.odpovedPodatki.nadomestiloOdpoved = {};&#xD;
for (var i=0; i&lt;tw.local.rezultati[0].rows.length; i++) {&#xD;
	tw.local.odpovedPodatki.nadomestiloOdpoved.nadomestiloProduktKatalog = {};&#xD;
	tw.local.odpovedPodatki.nadomestiloOdpoved.nadomestiloProduktKatalog.nadomestilo = {};&#xD;
	tw.local.odpovedPodatki.nadomestiloOdpoved.nadomestiloProduktKatalog.nadomestilo.id = tw.local.rezultati[0].rows[i].indexedMap.ID_NADOMESTILA;&#xD;
	tw.local.odpovedPodatki.nadomestiloOdpoved.nadomestiloProduktKatalog.nadomestilo.naziv = tw.local.rezultati[0].rows[i].indexedMap.NAZIV_NADOMESTILA;&#xD;
	tw.local.odpovedPodatki.nadomestiloOdpoved.nadomestiloProduktKatalog.opis = tw.local.rezultati[0].rows[i].indexedMap.OPIS_NADOMESTILA;&#xD;
	tw.local.odpovedPodatki.nadomestiloOdpoved.nadomestiloProduktKatalog.znesekFiksni = tw.local.rezultati[0].rows[i].indexedMap.ZNESEK_FIKSNI;&#xD;
	tw.local.odpovedPodatki.nadomestiloOdpoved.nadomestiloProduktKatalog.znesekOdstotek = tw.local.rezultati[0].rows[i].indexedMap.ZNESEK_ODSTOTEK;&#xD;
	tw.local.odpovedPodatki.nadomestiloOdpoved.nadomestiloProduktKatalog.znestekOstaleGod = tw.local.rezultati[0].rows[i].indexedMap.ZNESEK_OSTALE_GOD;&#xD;
	tw.local.odpovedPodatki.nadomestiloOdpoved.nadomestiloProduktKatalog.znesekOstaleGodOdstotek = tw.local.rezultati[0].rows[i].indexedMap.ZNESEK_OSTALE_GOD_ODST;&#xD;
	tw.local.odpovedPodatki.nadomestiloOdpoved.nadomestiloProduktKatalog.minZnesek = tw.local.rezultati[0].rows[i].indexedMap.MIN_ZNESEK;&#xD;
	tw.local.odpovedPodatki.nadomestiloOdpoved.nadomestiloProduktKatalog.maxZnesek = tw.local.rezultati[0].rows[i].indexedMap.MAX_ZNESEK;&#xD;
	tw.local.odpovedPodatki.nadomestiloOdpoved.nadomestiloProduktKatalog.minOstaleGod = tw.local.rezultati[0].rows[i].indexedMap.MIN_OSTALE_GOD;&#xD;
	tw.local.odpovedPodatki.nadomestiloOdpoved.nadomestiloProduktKatalog.zaFinanciranje = tw.local.rezultati[0].rows[i].indexedMap.ZA_FINANCIRANJE?"1":"0";&#xD;
	tw.local.odpovedPodatki.nadomestiloOdpoved.nadomestiloProduktKatalog.zaAneks = tw.local.rezultati[0].rows[i].indexedMap.ZA_ANEKS?"1":"0";&#xD;
	tw.local.odpovedPodatki.nadomestiloOdpoved.nadomestiloProduktKatalog.zaOdobrenje = tw.local.rezultati[0].rows[i].indexedMap.ZA_ODOBRENJE?"1":"0";&#xD;
}</ns3:postAssignmentScript>
                            <ns3:preAssignmentScript>tw.local.sql = "SELECT \&#xD;
			  sn.naziv_nadomestila as NAZIV_NADOMESTILA,\&#xD;
			  sn.id_nadomestila as ID_NADOMESTILA,\&#xD;
			  sn.opis as OPIS_NADOMESTILA,\&#xD;
			  sn.znesek as ZNESEK_FIKSNI,\&#xD;
			  sn.znesek_odstotek AS ZNESEK_ODSTOTEK,\&#xD;
			  sn.znesek_ostale_god AS ZNESEK_OSTALE_GOD,\&#xD;
			  sn.znesek_ostale_god_odstotek AS ZNESEK_OSTALE_GOD_ODST,\&#xD;
			  sn.min_eur AS MIN_ZNESEK,\&#xD;
			  sn.max_eur AS MAX_ZNESEK,\&#xD;
			  sn.min_ostale_god_eur AS MIN_OSTALE_GOD,\&#xD;
			  sn.zafinanciranje AS ZA_FINANCIRANJE,\&#xD;
			  sn.zaaneks AS ZA_ANEKS,\&#xD;
			  sn.zafinanciranje AS ZA_ODOBRENJE \&#xD;
		    FROM kp.sif_nadomestila sn \&#xD;
		    WHERE sn.id_nadomestila = ?";&#xD;
&#xD;
&#xD;
tw.local.parametrov = [];&#xD;
tw.local.parametrov[0] = {};&#xD;
tw.local.parametrov[0].mode = "IN";&#xD;
tw.local.parametrov[0].type = "NUMERIC";&#xD;
tw.local.parametrov[0].value = tw.epv.TabelaSifrantiEPV.idNadomestiloOdpoved.valueAt(new TWDate());</ns3:preAssignmentScript>
                        </ns16:extensionElements>
                        <ns16:incoming>38c285f5-95d3-4f7b-b1c6-eaf7fac41661</ns16:incoming>
                        <ns16:outgoing>15ec4654-02fe-475d-9f5f-ddc54a86a3d4</ns16:outgoing>
                        <ns16:dataInputAssociation>
                            <ns16:targetRef>2055.25f5990f-9abf-4cf6-9101-497d43dee141</ns16:targetRef>
                            <ns16:assignment>
                                <ns16:from xmlns:xsi="http://www.w3.org/2001/XMLSchema-instance" xsi:type="ns16:tFormalExpression" evaluatesToTypeRef="itm.12.db884a3c-c533-44b7-bb2d-47bec8ad4022">tw.local.sql</ns16:from>
                            </ns16:assignment>
                        </ns16:dataInputAssociation>
                        <ns16:dataInputAssociation>
                            <ns16:targetRef>2055.8b844f2a-0a1f-4f12-b34b-e9fd5191dc43</ns16:targetRef>
                            <ns16:assignment>
                                <ns16:from xmlns:xsi="http://www.w3.org/2001/XMLSchema-instance" xsi:type="ns16:tFormalExpression" evaluatesToTypeRef="itm.12.f453f500-ca4e-4264-a371-72c1892e8b7c">tw.local.parametrov</ns16:from>
                            </ns16:assignment>
                        </ns16:dataInputAssociation>
                        <ns16:dataInputAssociation>
                            <ns16:targetRef>2055.53ee0328-837f-427d-b0a1-0255f36f7e0c</ns16:targetRef>
                            <ns16:assignment>
                                <ns16:from xmlns:xsi="http://www.w3.org/2001/XMLSchema-instance" xsi:type="ns16:tFormalExpression" evaluatesToTypeRef="itm.12.c09c9b6e-aabd-4897-bef2-ed61db106297">null</ns16:from>
                            </ns16:assignment>
                        </ns16:dataInputAssociation>
                        <ns16:dataInputAssociation>
                            <ns16:targetRef>2055.81a41d09-a504-4a63-bdaa-a92bac26ad7e</ns16:targetRef>
                            <ns16:assignment>
                                <ns16:from xmlns:xsi="http://www.w3.org/2001/XMLSchema-instance" xsi:type="ns16:tFormalExpression" evaluatesToTypeRef="itm.12.c09c9b6e-aabd-4897-bef2-ed61db106297">tw.env.SQL_VIR</ns16:from>
                            </ns16:assignment>
                        </ns16:dataInputAssociation>
                        <ns16:dataOutputAssociation>
                            <ns16:sourceRef>2055.976cdc78-9d8d-41d4-ae85-f6c9a50c6764</ns16:sourceRef>
                            <ns16:assignment>
                                <ns16:to xmlns:xsi="http://www.w3.org/2001/XMLSchema-instance" xsi:type="ns16:tFormalExpression" evaluatesToTypeRef="itm.12.3b1e3757-a1f4-4c3f-bbb8-16fecd4d65c1">tw.local.rezultati</ns16:to>
                            </ns16:assignment>
                        </ns16:dataOutputAssociation>
                    </ns16:callActivity>
                    <ns16:sequenceFlow sourceRef="0d9c3df0-d2f7-4679-81bb-9451e4b0972b" targetRef="985d0954-1038-4885-88ab-ee01876dd03f" name="To Izracun nadomestila" id="15ec4654-02fe-475d-9f5f-ddc54a86a3d4">
                        <ns16:extensionElements>
                            <ns3:sequenceFlowImplementation sboSyncEnabled="true" />
                            <ns13:linkVisualInfo>
                                <ns13:sourcePortLocation>rightCenter</ns13:sourcePortLocation>
                                <ns13:targetPortLocation>leftCenter</ns13:targetPortLocation>
                                <ns13:showLabel>false</ns13:showLabel>
                                <ns13:showCoachControlLabel>false</ns13:showCoachControlLabel>
                                <ns13:labelPosition>0.0</ns13:labelPosition>
                                <ns13:saveExecutionContext>true</ns13:saveExecutionContext>
                            </ns13:linkVisualInfo>
                            <ns3:endStateId>guid:d7766b7587753602:16bdf27c:11586c10093:-7fe7</ns3:endStateId>
                        </ns16:extensionElements>
                    </ns16:sequenceFlow>
                    <ns16:dataObject itemSubjectRef="itm.12.db884a3c-c533-44b7-bb2d-47bec8ad4022" isCollection="false" name="sql" id="2056.7d5984ec-22fd-4b0f-8665-992779eb541e" />
                    <ns16:dataObject itemSubjectRef="itm.12.f453f500-ca4e-4264-a371-72c1892e8b7c" isCollection="true" name="parametrov" id="2056.90cad7ee-3212-4190-9755-eee3e1c3fe4b" />
                    <ns16:dataObject itemSubjectRef="itm.12.3b1e3757-a1f4-4c3f-bbb8-16fecd4d65c1" isCollection="true" name="rezultati" id="2056.ddcec8b9-00be-49e4-afdf-6cf72653132a" />
                    <ns16:sequenceFlow sourceRef="42a0c56e-8546-4975-b12d-aacbd296bfe0" targetRef="0d9c3df0-d2f7-4679-81bb-9451e4b0972b" name="To Pridobi nadomestila" id="38c285f5-95d3-4f7b-b1c6-eaf7fac41661">
                        <ns16:extensionElements>
                            <ns13:linkVisualInfo>
                                <ns13:sourcePortLocation>rightCenter</ns13:sourcePortLocation>
                                <ns13:targetPortLocation>leftCenter</ns13:targetPortLocation>
                                <ns13:showLabel>false</ns13:showLabel>
                                <ns13:showCoachControlLabel>false</ns13:showCoachControlLabel>
                                <ns13:labelPosition>0.0</ns13:labelPosition>
                                <ns13:saveExecutionContext>false</ns13:saveExecutionContext>
                            </ns13:linkVisualInfo>
                        </ns16:extensionElements>
                    </ns16:sequenceFlow>
                    <ns16:callActivity calledElement="1.befedff3-1ff8-48c6-a44e-456adcc549b7" isForCompensation="false" startQuantity="1" completionQuantity="1" name="Izracun nadomestila" id="985d0954-1038-4885-88ab-ee01876dd03f">
                        <ns16:extensionElements>
                            <ns13:nodeVisualInfo x="453" y="57" width="95" height="70" />
                            <ns4:activityType>CalledProcess</ns4:activityType>
                        </ns16:extensionElements>
                        <ns16:incoming>15ec4654-02fe-475d-9f5f-ddc54a86a3d4</ns16:incoming>
                        <ns16:outgoing>fdc82de4-55be-465e-86a9-04bd159b3b6d</ns16:outgoing>
                        <ns16:dataInputAssociation>
                            <ns16:targetRef>2055.b6e0f4af-3361-48ed-ab15-8e52b3029c2a</ns16:targetRef>
                            <ns16:assignment>
                                <ns16:from xmlns:xsi="http://www.w3.org/2001/XMLSchema-instance" xsi:type="ns16:tFormalExpression" evaluatesToTypeRef="itm.12.536b2aa5-a30f-4eca-87fa-3a28066753ee">tw.local.znesek</ns16:from>
                            </ns16:assignment>
                        </ns16:dataInputAssociation>
                        <ns16:dataInputAssociation>
                            <ns16:targetRef>2055.386891ce-a8e1-480d-8cb7-92e22b23a945</ns16:targetRef>
                            <ns16:assignment>
                                <ns16:from xmlns:xsi="http://www.w3.org/2001/XMLSchema-instance" xsi:type="ns16:tFormalExpression" evaluatesToTypeRef="itm.12.3fa0d7a0-828a-4d60-99cc-db5ed143fc2d">tw.local.rocnostSkupajZMoratorijem</ns16:from>
                            </ns16:assignment>
                        </ns16:dataInputAssociation>
                        <ns16:dataInputAssociation>
                            <ns16:targetRef>2055.b333e302-d80c-45bb-adb6-4fa43fedac92</ns16:targetRef>
                            <ns16:assignment>
                                <ns16:from xmlns:xsi="http://www.w3.org/2001/XMLSchema-instance" xsi:type="ns16:tFormalExpression" evaluatesToTypeRef="itm.12.536b2aa5-a30f-4eca-87fa-3a28066753ee">tw.local.odpovedPodatki.nadomestiloOdpoved.nadomestiloProduktKatalog.znesekFiksni</ns16:from>
                            </ns16:assignment>
                        </ns16:dataInputAssociation>
                        <ns16:dataInputAssociation>
                            <ns16:targetRef>2055.dba01e60-3ea1-43a1-ade2-e001e123703c</ns16:targetRef>
                            <ns16:assignment>
                                <ns16:from xmlns:xsi="http://www.w3.org/2001/XMLSchema-instance" xsi:type="ns16:tFormalExpression" evaluatesToTypeRef="itm.12.536b2aa5-a30f-4eca-87fa-3a28066753ee">tw.local.odpovedPodatki.nadomestiloOdpoved.nadomestiloProduktKatalog.znesekOdstotek</ns16:from>
                            </ns16:assignment>
                        </ns16:dataInputAssociation>
                        <ns16:dataInputAssociation>
                            <ns16:targetRef>2055.8e7109fa-c523-4f8b-8d9c-4ae4168d72a7</ns16:targetRef>
                            <ns16:assignment>
                                <ns16:from xmlns:xsi="http://www.w3.org/2001/XMLSchema-instance" xsi:type="ns16:tFormalExpression" evaluatesToTypeRef="itm.12.536b2aa5-a30f-4eca-87fa-3a28066753ee">tw.local.odpovedPodatki.nadomestiloOdpoved.nadomestiloProduktKatalog.minZnesek</ns16:from>
                            </ns16:assignment>
                        </ns16:dataInputAssociation>
                        <ns16:dataInputAssociation>
                            <ns16:targetRef>2055.5deea956-8850-4cfb-8b94-08b6e2ff9c7f</ns16:targetRef>
                            <ns16:assignment>
                                <ns16:from xmlns:xsi="http://www.w3.org/2001/XMLSchema-instance" xsi:type="ns16:tFormalExpression" evaluatesToTypeRef="itm.12.536b2aa5-a30f-4eca-87fa-3a28066753ee">tw.local.odpovedPodatki.nadomestiloOdpoved.nadomestiloProduktKatalog.minOstaleGod</ns16:from>
                            </ns16:assignment>
                        </ns16:dataInputAssociation>
                        <ns16:dataInputAssociation>
                            <ns16:targetRef>2055.3a1e4d47-4c86-459a-8225-1ff7e3d58f6b</ns16:targetRef>
                            <ns16:assignment>
                                <ns16:from xmlns:xsi="http://www.w3.org/2001/XMLSchema-instance" xsi:type="ns16:tFormalExpression" evaluatesToTypeRef="itm.12.536b2aa5-a30f-4eca-87fa-3a28066753ee">tw.local.odpovedPodatki.nadomestiloOdpoved.nadomestiloProduktKatalog.maxZnesek</ns16:from>
                            </ns16:assignment>
                        </ns16:dataInputAssociation>
                        <ns16:dataInputAssociation>
                            <ns16:targetRef>2055.6b7f4ede-8a67-487c-8124-82edde05db6d</ns16:targetRef>
                            <ns16:assignment>
                                <ns16:from xmlns:xsi="http://www.w3.org/2001/XMLSchema-instance" xsi:type="ns16:tFormalExpression" evaluatesToTypeRef="itm.12.db884a3c-c533-44b7-bb2d-47bec8ad4022">tw.local.odpovedPodatki.nadomestiloOdpoved.nadomestiloProduktKatalog.znesekOstaleGodOdstotek</ns16:from>
                            </ns16:assignment>
                        </ns16:dataInputAssociation>
                        <ns16:dataInputAssociation>
                            <ns16:targetRef>2055.c612db64-9976-487e-aec9-c689ecccde08</ns16:targetRef>
                            <ns16:assignment>
                                <ns16:from xmlns:xsi="http://www.w3.org/2001/XMLSchema-instance" xsi:type="ns16:tFormalExpression" evaluatesToTypeRef="itm.12.536b2aa5-a30f-4eca-87fa-3a28066753ee">tw.local.odpovedPodatki.nadomestiloOdpoved.nadomestiloProduktKatalog.znestekOstaleGod</ns16:from>
                            </ns16:assignment>
                        </ns16:dataInputAssociation>
                        <ns16:dataOutputAssociation>
                            <ns16:sourceRef>2055.a01c6067-2c14-4006-b877-5142bc0cef8d</ns16:sourceRef>
                            <ns16:assignment>
                                <ns16:to xmlns:xsi="http://www.w3.org/2001/XMLSchema-instance" xsi:type="ns16:tFormalExpression" evaluatesToTypeRef="itm.12.536b2aa5-a30f-4eca-87fa-3a28066753ee">tw.local.odpovedPodatki.nadomestiloOdpoved.izracunatiZnesek</ns16:to>
                            </ns16:assignment>
                        </ns16:dataOutputAssociation>
                    </ns16:callActivity>
                    <ns16:sequenceFlow sourceRef="985d0954-1038-4885-88ab-ee01876dd03f" targetRef="54e1d052-bca6-481c-ad63-a099b033caf8" name="To Pogostost Placil Obstaja?" id="fdc82de4-55be-465e-86a9-04bd159b3b6d">
                        <ns16:extensionElements>
                            <ns3:sequenceFlowImplementation sboSyncEnabled="true" />
                            <ns13:linkVisualInfo>
                                <ns13:sourcePortLocation>rightCenter</ns13:sourcePortLocation>
                                <ns13:targetPortLocation>leftCenter</ns13:targetPortLocation>
                                <ns13:showLabel>false</ns13:showLabel>
                                <ns13:showCoachControlLabel>false</ns13:showCoachControlLabel>
                                <ns13:labelPosition>0.0</ns13:labelPosition>
                                <ns13:saveExecutionContext>true</ns13:saveExecutionContext>
                            </ns13:linkVisualInfo>
                            <ns3:endStateId>guid:ffa39a69ad70d565:-16cfe7dc:183a68a4d27:-107d</ns3:endStateId>
                        </ns16:extensionElements>
                    </ns16:sequenceFlow>
                </ns16:process>
            </ns16:definitions>
        </bpmn2Model>
        <link name="To Pogostost Placil Obstaja?">
            <lastModified isNull="true" />
            <lastModifiedBy isNull="true" />
            <tenantId isNull="true" />
            <processLinkId>2027.fdc82de4-55be-465e-86a9-04bd159b3b6d</processLinkId>
            <processId>1.0cdf9c99-a5d1-43ba-bd71-22154d9bba47</processId>
            <description isNull="true" />
            <fromProcessItemId>2025.985d0954-1038-4885-88ab-ee01876dd03f</fromProcessItemId>
            <endStateId>guid:ffa39a69ad70d565:-16cfe7dc:183a68a4d27:-107d</endStateId>
            <toProcessItemId>2025.54e1d052-bca6-481c-ad63-a099b033caf8</toProcessItemId>
            <guid>0b3ff656-8d1a-4dd4-9e7c-ac8a23cd6222</guid>
            <versionId>87f46741-dfa0-4458-891f-8cddcecaaa4f</versionId>
            <layoutData>
                <controlPoints />
                <showEndState>false</showEndState>
                <showName>false</showName>
            </layoutData>
            <fromItemPort locationId="rightCenter" portType="1" />
            <toItemPort locationId="leftCenter" portType="2" />
            <fromProcessItemId>2025.985d0954-1038-4885-88ab-ee01876dd03f</fromProcessItemId>
            <toProcessItemId>2025.54e1d052-bca6-481c-ad63-a099b033caf8</toProcessItemId>
        </link>
        <link name="To Izracun nadomestila">
            <lastModified isNull="true" />
            <lastModifiedBy isNull="true" />
            <tenantId isNull="true" />
            <processLinkId>2027.15ec4654-02fe-475d-9f5f-ddc54a86a3d4</processLinkId>
            <processId>1.0cdf9c99-a5d1-43ba-bd71-22154d9bba47</processId>
            <description isNull="true" />
            <fromProcessItemId>2025.0d9c3df0-d2f7-4679-81bb-9451e4b0972b</fromProcessItemId>
            <endStateId>guid:d7766b7587753602:16bdf27c:11586c10093:-7fe7</endStateId>
            <toProcessItemId>2025.985d0954-1038-4885-88ab-ee01876dd03f</toProcessItemId>
            <guid>fd83810f-3fc4-41ea-af33-124e1c7e38af</guid>
            <versionId>ffd78cb9-566a-41d7-87d2-cce408e93d06</versionId>
            <layoutData>
                <controlPoints />
                <showEndState>false</showEndState>
                <showName>false</showName>
            </layoutData>
            <fromItemPort locationId="rightCenter" portType="1" />
            <toItemPort locationId="leftCenter" portType="2" />
            <fromProcessItemId>2025.0d9c3df0-d2f7-4679-81bb-9451e4b0972b</fromProcessItemId>
            <toProcessItemId>2025.985d0954-1038-4885-88ab-ee01876dd03f</toProcessItemId>
        </link>
    </process>
</teamworks>

