<?xml version="1.0" encoding="UTF-8"?>
<teamworks>
    <process id="1.27f0a2af-b88c-46f9-8206-31524c175074" name="Zavarovanja kalkulator podatki izhod SF">
        <lastModified>1732890808591</lastModified>
        <lastModifiedBy>bmihajlovic</lastModifiedBy>
        <tenantId isNull="true" />
        <processId>1.27f0a2af-b88c-46f9-8206-31524c175074</processId>
        <image isNull="true" />
        <tabGroup isNull="true" />
        <startingProcessItemId>2025.f986b7d5-90ef-42d0-8015-43d2a679256d</startingProcessItemId>
        <isRootProcess>false</isRootProcess>
        <processType>12</processType>
        <isErrorHandlerEnabled>false</isErrorHandlerEnabled>
        <errorHandlerItemId isNull="true" />
        <isLoggingVariables>false</isLoggingVariables>
        <isTransactional>false</isTransactional>
        <processTimingLevel isNull="true" />
        <participantRef isNull="true" />
        <exposedType>0</exposedType>
        <isTrackingEnabled>true</isTrackingEnabled>
        <xmlData isNull="true" />
        <cachingType>false</cachingType>
        <itemLabel isNull="true" />
        <cacheLength>0</cacheLength>
        <mobileReady>false</mobileReady>
        <sboSyncEnabled>true</sboSyncEnabled>
        <externalId isNull="true" />
        <isSecured>true</isSecured>
        <isAjaxExposed>true</isAjaxExposed>
        <isInvokedAsynchronously>false</isInvokedAsynchronously>
        <isTransactionalFlow>false</isTransactionalFlow>
        <description isNull="true" />
        <guid>guid:db6fa55d48cfd3c0:-371f1425:1907e30c15d:38cb</guid>
        <versionId>7ad1a8d7-75a5-40d0-97c9-6d4997a6d52c</versionId>
        <dependencySummary>&lt;dependencySummary id="bpdid:bf29ac560168794e:3ee19f14:19372dc680d:7d49" /&gt;</dependencySummary>
        <jsonData>{"rootElement":[{"flowElement":[{"parallelMultiple":false,"outgoing":["2027.6b43a89b-8a92-4879-8912-34f1ff7cc7d9"],"isInterrupting":false,"extensionElements":{"nodeVisualInfo":[{"color":"#F8F8F8","width":24,"x":25,"y":80,"declaredType":"TNodeVisualInfo","height":24}]},"name":"Start","declaredType":"startEvent","id":"1b539e8f-ba41-402f-881d-b232b94f4d76"},{"incoming":["9169576e-0434-4666-8912-e2b05a6b4388"],"extensionElements":{"nodeVisualInfo":[{"color":"#F8F8F8","width":24,"x":650,"y":80,"declaredType":"TNodeVisualInfo","height":24}],"endStateId":["guid:db6fa55d48cfd3c0:-371f1425:1907e30c15d:38cd"],"saveExecutionContext":[true]},"name":"End","declaredType":"endEvent","id":"7a2764f6-7a69-4b72-8b81-a1f7dd43c0b9"},{"targetRef":"f986b7d5-90ef-42d0-8015-43d2a679256d","extensionElements":{"linkVisualInfo":[{"sourcePortLocation":"rightCenter","showCoachControlLabel":false,"labelPosition":0.0,"targetPortLocation":"leftCenter","declaredType":"TLinkVisualInfo","saveExecutionContext":false,"showLabel":false}]},"name":"To Nastavitev podatkov z kalkulatorja","declaredType":"sequenceFlow","id":"2027.6b43a89b-8a92-4879-8912-34f1ff7cc7d9","sourceRef":"1b539e8f-ba41-402f-881d-b232b94f4d76"},{"startQuantity":1,"outgoing":["9169576e-0434-4666-8912-e2b05a6b4388"],"incoming":["2027.6b43a89b-8a92-4879-8912-34f1ff7cc7d9"],"extensionElements":{"nodeVisualInfo":[{"width":95,"x":208,"y":57,"declaredType":"TNodeVisualInfo","height":70}],"preAssignmentScript":[]},"name":"Nastavitev podatkov z kalkulatorja","isForCompensation":false,"completionQuantity":1,"declaredType":"scriptTask","id":"f986b7d5-90ef-42d0-8015-43d2a679256d","scriptFormat":"text\/x-javascript","script":{"content":["for (var i=0; i&lt;tw.local.zavarovanjaShared.predlogZavarovanja.length; i++) {\r\n\tfor (var j=0; j&lt;tw.local.kalkulatorShared.izhodniPodatkiKalkulatorja.zavarovanja.length; j++) {\r\n\t\tif(tw.local.zavarovanjaShared.predlogZavarovanja[i].uniqueId == tw.local.kalkulatorShared.izhodniPodatkiKalkulatorja.zavarovanja[j].uniqueId){\r\n\t\t\tif(tw.local.zavarovanjaShared.predlogZavarovanja[i].sklop == tw.epv.ZavarovanjeEPV.sklopNepremicnina){\r\n\t\t\t\tfor (var k=0; k&lt;tw.local.zavarovanjaShared.predlogZavarovanja[i].podatkiKalkulatorjaNepremicnine.length; k++) {\r\n\t\t\t\t\tfor (var m=0; m&lt;tw.local.kalkulatorShared.izhodniPodatkiKalkulatorja.zavarovanja[j].vlozki.length; m++) {\r\n\t\t\t\t\t\tif(tw.local.kalkulatorShared.izhodniPodatkiKalkulatorja.zavarovanja[j].vlozki[m].uniqueId == tw.local.zavarovanjaShared.predlogZavarovanja[i].podatkiKalkulatorjaNepremicnine[k].uniqueId){\r\n\t\t\t\t\t\t\ttw.local.zavarovanjaShared.predlogZavarovanja[i].podatkiKalkulatorjaNepremicnine[k].podatkiKalkulatorja = {};\r\n\t\t\t\t\t\t\ttw.local.zavarovanjaShared.predlogZavarovanja[i].podatkiKalkulatorjaNepremicnine[k].podatkiKalkulatorja.vrednostZUpostevanjemDeleza = tw.local.kalkulatorShared.izhodniPodatkiKalkulatorja.zavarovanja[j].vlozki[m].sidEstimatedValueM;\r\n\t\t\t\t\t\t\ttw.local.zavarovanjaShared.predlogZavarovanja[i].podatkiKalkulatorjaNepremicnine[k].podatkiKalkulatorja.vrednostZOdstetimi = tw.local.kalkulatorShared.izhodniPodatkiKalkulatorja.zavarovanja[j].vlozki[m].sidInsuranceValueWithoutExistingLoadValueM;\r\n\t\t\t\t\t\t\ttw.local.zavarovanjaShared.predlogZavarovanja[i].podatkiKalkulatorjaNepremicnine[k].podatkiKalkulatorja.dejanskoRazmerje = tw.local.kalkulatorShared.izhodniPodatkiKalkulatorja.zavarovanja[j].vlozki[m].actualInsuranceInvestmentRatioM;\r\n\t\t\t\t\t\t\ttw.local.zavarovanjaShared.predlogZavarovanja[i].podatkiKalkulatorjaNepremicnine[k].podatkiKalkulatorja.vrednostPredhodnihObremenitevZahtevanegaRazmerja = tw.local.kalkulatorShared.izhodniPodatkiKalkulatorja.zavarovanja[j].vlozki[m].existingLoadValueByPZNPM;\r\n\t\t\t\t\t\t\ttw.local.zavarovanjaShared.predlogZavarovanja[i].podatkiKalkulatorjaNepremicnine[k].podatkiKalkulatorja.ostaneZaZavarovanjeNalozbenegaPosla = tw.local.kalkulatorShared.izhodniPodatkiKalkulatorja.zavarovanja[j].vlozki[m].sidInsuranceValueFinalValueM;\r\n\t\t\t\t\t\t\ttw.local.zavarovanjaShared.predlogZavarovanja[i].podatkiKalkulatorjaNepremicnine[k].podatkiKalkulatorja.vrednostZavarovanjaZaSID = tw.local.kalkulatorShared.izhodniPodatkiKalkulatorja.zavarovanja[j].vlozki[m].sidInsuranceValueFinalValueVsLoanValueM;\r\n\t\t\t\t\t\t\ttw.local.zavarovanjaShared.predlogZavarovanja[i].podatkiKalkulatorjaNepremicnine[k].podatkiKalkulatorja.znesekNalozbenegaPosla = tw.local.kalkulatorShared.izhodniPodatkiKalkulatorja.zavarovanja[j].vlozki[m].sidInsuranceFinValVsValWithoutExistingLoadValueVsLoanValueC;\r\n\t\t\t\t\t\t\ttw.local.zavarovanjaShared.predlogZavarovanja[i].podatkiKalkulatorjaNepremicnine[k].podatkiKalkulatorja.zahtevanoRazmerje = tw.local.kalkulatorShared.izhodniPodatkiKalkulatorja.zavarovanja[j].vlozki[m].insuranceValueWithoutExistingLoadValueM;\r\n\t\t\t\t\t\t\tbreak;\r\n\t\t\t\t\t\t}\r\n\t\t\t\t\t}\r\n\t\t\t\t}\r\n\t\t\t} else if(tw.local.zavarovanjaShared.predlogZavarovanja[i].sklop == tw.epv.ZavarovanjeEPV.sklopPoslovnaOprema){\r\n\t\t\t\tfor (var k=0; k&lt;tw.local.zavarovanjaShared.predlogZavarovanja[i].podatkiKalkulatorjaPremicnine.length; k++) {\r\n\t\t\t\t\tfor (var m=0; m&lt;tw.local.kalkulatorShared.izhodniPodatkiKalkulatorja.zavarovanja[j].vlozki.length; m++) {\r\n\t\t\t\t\t\tif(tw.local.kalkulatorShared.izhodniPodatkiKalkulatorja.zavarovanja[j].vlozki[m].uniqueId == tw.local.zavarovanjaShared.predlogZavarovanja[i].podatkiKalkulatorjaPremicnine[k].uniqueId){\r\n\t\t\t\t\t\t\ttw.local.zavarovanjaShared.predlogZavarovanja[i].podatkiKalkulatorjaPremicnine[k].podatkiKalkulatorja = {};\r\n\t\t\t\t\t\t\ttw.local.zavarovanjaShared.predlogZavarovanja[i].podatkiKalkulatorjaPremicnine[k].podatkiKalkulatorja.vrednostZUpostevanjemDeleza = tw.local.kalkulatorShared.izhodniPodatkiKalkulatorja.zavarovanja[j].vlozki[m].sidEstimatedValueM;\r\n\t\t\t\t\t\t\ttw.local.zavarovanjaShared.predlogZavarovanja[i].podatkiKalkulatorjaPremicnine[k].podatkiKalkulatorja.vrednostZOdstetimi = tw.local.kalkulatorShared.izhodniPodatkiKalkulatorja.zavarovanja[j].vlozki[m].sidInsuranceValueWithoutExistingLoadValueM;\r\n\t\t\t\t\t\t\ttw.local.zavarovanjaShared.predlogZavarovanja[i].podatkiKalkulatorjaPremicnine[k].podatkiKalkulatorja.dejanskoRazmerje = tw.local.kalkulatorShared.izhodniPodatkiKalkulatorja.zavarovanja[j].vlozki[m].actualInsuranceInvestmentRatioM;\r\n\t\t\t\t\t\t\ttw.local.zavarovanjaShared.predlogZavarovanja[i].podatkiKalkulatorjaPremicnine[k].podatkiKalkulatorja.vrednostPredhodnihObremenitevZahtevanegaRazmerja = tw.local.kalkulatorShared.izhodniPodatkiKalkulatorja.zavarovanja[j].vlozki[m].existingLoadValueByPZNPM;\r\n\t\t\t\t\t\t\ttw.local.zavarovanjaShared.predlogZavarovanja[i].podatkiKalkulatorjaPremicnine[k].podatkiKalkulatorja.ostaneZaZavarovanjeNalozbenegaPosla = tw.local.kalkulatorShared.izhodniPodatkiKalkulatorja.zavarovanja[j].vlozki[m].sidInsuranceValueFinalValueM;\r\n\t\t\t\t\t\t\ttw.local.zavarovanjaShared.predlogZavarovanja[i].podatkiKalkulatorjaPremicnine[k].podatkiKalkulatorja.vrednostZavarovanjaZaSID = tw.local.kalkulatorShared.izhodniPodatkiKalkulatorja.zavarovanja[j].vlozki[m].sidInsuranceValueFinalValueVsLoanValueM;\r\n\t\t\t\t\t\t\ttw.local.zavarovanjaShared.predlogZavarovanja[i].podatkiKalkulatorjaPremicnine[k].podatkiKalkulatorja.znesekNalozbenegaPosla = tw.local.kalkulatorShared.izhodniPodatkiKalkulatorja.zavarovanja[j].vlozki[m].sidInsuranceFinValVsValWithoutExistingLoadValueVsLoanValueC;\r\n\t\t\t\t\t\t\ttw.local.zavarovanjaShared.predlogZavarovanja[i].podatkiKalkulatorjaPremicnine[k].podatkiKalkulatorja.zahtevanoRazmerje = tw.local.kalkulatorShared.izhodniPodatkiKalkulatorja.zavarovanja[j].vlozki[m].insuranceValueWithoutExistingLoadValueM;\r\n\t\t\t\t\t\t\tbreak;\r\n\t\t\t\t\t\t}\r\n\t\t\t\t\t}\r\n\t\t\t\t}\r\n\t\t\t} else {\r\n\t\t\t\ttw.local.zavarovanjaShared.predlogZavarovanja[i].podatkiKalkulatorja.vrednostZUpostevanjemDeleza = tw.local.kalkulatorShared.izhodniPodatkiKalkulatorja.zavarovanja[j].sidEstimatedValueC;\r\n\t\t\t\ttw.local.zavarovanjaShared.predlogZavarovanja[i].podatkiKalkulatorja.vrednostZOdstetimi = tw.local.kalkulatorShared.izhodniPodatkiKalkulatorja.zavarovanja[j].sidInsuranceValueWithoutExistingLoadValueC;\r\n\t\t\t\ttw.local.zavarovanjaShared.predlogZavarovanja[i].podatkiKalkulatorja.dejanskoRazmerje = tw.local.kalkulatorShared.izhodniPodatkiKalkulatorja.zavarovanja[j].actualInsuranceInvestmentRatioC;\r\n\t\t\t\ttw.local.zavarovanjaShared.predlogZavarovanja[i].podatkiKalkulatorja.vrednostPredhodnihObremenitevZahtevanegaRazmerja = tw.local.kalkulatorShared.izhodniPodatkiKalkulatorja.zavarovanja[j].existingLoadValueByPZNPC;\r\n\t\t\t\ttw.local.zavarovanjaShared.predlogZavarovanja[i].podatkiKalkulatorja.ostaneZaZavarovanjeNalozbenegaPosla = tw.local.kalkulatorShared.izhodniPodatkiKalkulatorja.zavarovanja[j].sidInsuranceValueFinalValueC;\r\n\t\t\t\ttw.local.zavarovanjaShared.predlogZavarovanja[i].podatkiKalkulatorja.vrednostZavarovanjaZaSID = tw.local.kalkulatorShared.izhodniPodatkiKalkulatorja.zavarovanja[j].sidInsuranceValueFinalValueVsLoanValueC;\r\n\t\t\t\ttw.local.zavarovanjaShared.predlogZavarovanja[i].podatkiKalkulatorja.znesekNalozbenegaPosla = tw.local.kalkulatorShared.izhodniPodatkiKalkulatorja.zavarovanja[j].sidInsuranceFinValVsValWithoutExistingLoadValueVsLoanValueC;\r\n\t\t\t\ttw.local.zavarovanjaShared.predlogZavarovanja[i].podatkiKalkulatorja.zahtevanoRazmerje = tw.local.kalkulatorShared.izhodniPodatkiKalkulatorja.zavarovanja[j].insuranceValueWithoutExistingLoadValueC;\r\n\t\t\t\r\n\t\t\t}\r\n\t\t\tbreak;\t\t\r\n\t\t}\r\n\t}\r\n}\r\n\r\ntw.local.zavarovanjaShared.save();"]}},{"targetRef":"7a2764f6-7a69-4b72-8b81-a1f7dd43c0b9","extensionElements":{"sequenceFlowImplementation":[{"fireValidation":"Never","sboSyncEnabled":true,"declaredType":"com.ibm.bpmsdk.model.bpmn20.ibmext.TSequenceFlowImplementation"}],"linkVisualInfo":[{"sourcePortLocation":"rightCenter","showCoachControlLabel":false,"labelPosition":0.0,"targetPortLocation":"leftCenter","declaredType":"TLinkVisualInfo","saveExecutionContext":true,"showLabel":false}]},"name":"To Shrani dokument","declaredType":"sequenceFlow","id":"9169576e-0434-4666-8912-e2b05a6b4388","sourceRef":"f986b7d5-90ef-42d0-8015-43d2a679256d"},{"itemSubjectRef":"itm.12.0e4e4b7e-d74f-4ab7-9b27-5fdfda9f67be","name":"document","isCollection":false,"declaredType":"dataObject","id":"2056.864db7db-df99-4eb1-8351-82f57e1a6505"},{"itemSubjectRef":"itm.12.68474ab0-d56f-47ee-b7e9-510b45a2a8be","name":"date","isCollection":false,"declaredType":"dataObject","id":"2056.d8c773c5-83a5-4e21-8f36-5d68b4a413b0"}],"laneSet":[{"id":"628bb995-5afb-450f-8bd0-8405cb723c8c","lane":[{"flowNodeRef":["1b539e8f-ba41-402f-881d-b232b94f4d76","7a2764f6-7a69-4b72-8b81-a1f7dd43c0b9","f986b7d5-90ef-42d0-8015-43d2a679256d"],"extensionElements":{"nodeVisualInfo":[{"color":"#F8F8F8","width":3000,"x":0,"y":0,"declaredType":"TNodeVisualInfo","height":500}]},"name":"System","partitionElementRef":"24.6fd38d02-81cf-48ab-bd42-8ff4c0a1628b","declaredType":"lane","id":"91d08202-dfd3-470a-8a0e-2d48b6a17b06","otherAttributes":{"{http:\/\/www.ibm.com\/xmlns\/prod\/bpm\/bpmn\/ext\/process\/wle}isSystemLane":"true"}}]}],"isClosed":false,"extensionElements":{"isSecured":[true],"isAjaxExposed":[true],"sboSyncEnabled":[true]},"documentation":[{"textFormat":"text\/plain"}],"name":"Zavarovanja kalkulator podatki izhod SF","declaredType":"process","id":"1.27f0a2af-b88c-46f9-8206-31524c175074","processType":"None","otherAttributes":{"{http:\/\/www.ibm.com\/xmlns\/prod\/bpm\/bpmn\/ext\/process}executionMode":"microflow"},"ioSpecification":{"extensionElements":{"epvProcessLinks":[{"epvProcessLinkRef":[{"epvId":"21.4ec13dcc-524d-4df4-88f3-f0b9e3128a66","epvProcessLinkId":"d37c0a2d-81b8-4ed5-861a-5da911da062c","declaredType":"com.ibm.bpmsdk.model.bpmn20.ibmext.TEpvProcessLinkRef"}],"declaredType":"com.ibm.bpmsdk.model.bpmn20.ibmext.TEpvProcessLinks"}]},"inputSet":[{"dataInputRefs":["2055.c8827717-20c1-42b2-873c-839ecc16c797","2055.4eebaec3-7607-4a53-8390-7056d0d46b6a"]}],"outputSet":[{}],"dataInput":[{"itemSubjectRef":"itm.12.8d93b681-8a4d-4a06-939e-f70974e643de","name":"zavarovanjaShared","isCollection":false,"id":"2055.c8827717-20c1-42b2-873c-839ecc16c797"},{"itemSubjectRef":"itm.12.802fe1a2-4e47-4de2-a6db-c93387c5b9b1","name":"kalkulatorShared","isCollection":false,"id":"2055.4eebaec3-7607-4a53-8390-7056d0d46b6a"}]}}],"targetNamespace":"","typeLanguage":"http:\/\/www.w3.org\/2001\/XMLSchema","expressionLanguage":"http:\/\/www.ibm.com\/xmlns\/prod\/bpm\/expression-lang\/javascript"}</jsonData>
        <field1 isNull="true" />
        <field2 isNull="true" />
        <field3>0</field3>
        <field4 isNull="true" />
        <field5>false</field5>
        <clobField1 isNull="true" />
        <blobField1 isNull="true" />
        <processParameter name="zavarovanjaShared">
            <lastModified isNull="true" />
            <lastModifiedBy isNull="true" />
            <tenantId isNull="true" />
            <processParameterId>2055.c8827717-20c1-42b2-873c-839ecc16c797</processParameterId>
            <processId>1.27f0a2af-b88c-46f9-8206-31524c175074</processId>
            <parameterType>1</parameterType>
            <isArrayOf>false</isArrayOf>
            <classId>d1c7fa2c-a052-4748-be6a-977a7d99a19b/12.8d93b681-8a4d-4a06-939e-f70974e643de</classId>
            <seq>1</seq>
            <hasDefault>false</hasDefault>
            <defaultValue isNull="true" />
            <isLocked>false</isLocked>
            <description isNull="true" />
            <guid>ed52107e-3506-41a5-b06a-a8110676980a</guid>
            <versionId>b4cb6da0-0a88-4c1c-aa97-94b0075a1136</versionId>
        </processParameter>
        <processParameter name="kalkulatorShared">
            <lastModified isNull="true" />
            <lastModifiedBy isNull="true" />
            <tenantId isNull="true" />
            <processParameterId>2055.4eebaec3-7607-4a53-8390-7056d0d46b6a</processParameterId>
            <processId>1.27f0a2af-b88c-46f9-8206-31524c175074</processId>
            <parameterType>1</parameterType>
            <isArrayOf>false</isArrayOf>
            <classId>77bfa0d9-4d58-4875-98d9-9978e4eed760/12.802fe1a2-4e47-4de2-a6db-c93387c5b9b1</classId>
            <seq>2</seq>
            <hasDefault>false</hasDefault>
            <defaultValue isNull="true" />
            <isLocked>false</isLocked>
            <description isNull="true" />
            <guid>8cce8e4d-7cf2-414e-b4f0-60df165863c9</guid>
            <versionId>4585b8c4-b1d6-4e58-a779-cbed5a3fca01</versionId>
        </processParameter>
        <processVariable name="document">
            <lastModified isNull="true" />
            <lastModifiedBy isNull="true" />
            <tenantId isNull="true" />
            <processVariableId>2056.864db7db-df99-4eb1-8351-82f57e1a6505</processVariableId>
            <description isNull="true" />
            <processId>1.27f0a2af-b88c-46f9-8206-31524c175074</processId>
            <namespace>2</namespace>
            <seq>1</seq>
            <isArrayOf>false</isArrayOf>
            <isTransient>false</isTransient>
            <classId>77bfa0d9-4d58-4875-98d9-9978e4eed760/12.0e4e4b7e-d74f-4ab7-9b27-5fdfda9f67be</classId>
            <hasDefault>false</hasDefault>
            <defaultValue isNull="true" />
            <guid>506f8a91-f21a-41da-9998-bffec64785b4</guid>
            <versionId>487308f6-bb19-42bd-acc9-887d89ea2ff4</versionId>
        </processVariable>
        <processVariable name="date">
            <lastModified isNull="true" />
            <lastModifiedBy isNull="true" />
            <tenantId isNull="true" />
            <processVariableId>2056.d8c773c5-83a5-4e21-8f36-5d68b4a413b0</processVariableId>
            <description isNull="true" />
            <processId>1.27f0a2af-b88c-46f9-8206-31524c175074</processId>
            <namespace>2</namespace>
            <seq>2</seq>
            <isArrayOf>false</isArrayOf>
            <isTransient>false</isTransient>
            <classId>34b0d65f-7524-4bdf-81fb-fcf6680322a1/12.68474ab0-d56f-47ee-b7e9-510b45a2a8be</classId>
            <hasDefault>false</hasDefault>
            <defaultValue isNull="true" />
            <guid>37107709-e2b5-4571-a6ec-c02030a6b992</guid>
            <versionId>b8be3790-cb02-4b60-a03e-2599d1964f44</versionId>
        </processVariable>
        <item>
            <lastModified isNull="true" />
            <lastModifiedBy isNull="true" />
            <tenantId isNull="true" />
            <processItemId>2025.f986b7d5-90ef-42d0-8015-43d2a679256d</processItemId>
            <processId>1.27f0a2af-b88c-46f9-8206-31524c175074</processId>
            <name>Nastavitev podatkov z kalkulatorja</name>
            <tWComponentName>Script</tWComponentName>
            <tWComponentId>3011.772eea42-e736-4218-aa2e-49234ad1b86a</tWComponentId>
            <isLogEnabled>false</isLogEnabled>
            <isTraceEnabled>false</isTraceEnabled>
            <traceCategory isNull="true" />
            <traceLevel isNull="true" />
            <traceMessage isNull="true" />
            <traceSymbolTable isNull="true" />
            <isExecutionContextTraced>false</isExecutionContextTraced>
            <saveExecutionContext>false</saveExecutionContext>
            <documentation isNull="true" />
            <isErrorHandlerEnabled>false</isErrorHandlerEnabled>
            <errorHandlerItemId isNull="true" />
            <guid>guid:db6fa55d48cfd3c0:-371f1425:1907e30c15d:6963</guid>
            <versionId>2ec19ca7-9ac5-474b-8332-c5c1d6d0707f</versionId>
            <externalServiceRef isNull="true" />
            <externalServiceOp isNull="true" />
            <nodeColor isNull="true" />
            <processPrePosts>
                <lastModified isNull="true" />
                <lastModifiedBy isNull="true" />
                <tenantId isNull="true" />
                <processItemPrePostId>2029.e63f6885-62d7-43d5-a3fe-2edd92d28792</processItemPrePostId>
                <processItemId>2025.f986b7d5-90ef-42d0-8015-43d2a679256d</processItemId>
                <location>1</location>
                <script isNull="true" />
                <guid>ec60af57-7183-4829-95a0-2a89679c8497</guid>
                <versionId>3691203e-8d26-4026-9ec4-0d8dc2e13403</versionId>
            </processPrePosts>
            <layoutData x="208" y="57">
                <errorLink>
                    <controlPoints />
                    <showEndState>false</showEndState>
                    <showName>false</showName>
                </errorLink>
            </layoutData>
            <TWComponent>
                <lastModified isNull="true" />
                <lastModifiedBy isNull="true" />
                <tenantId isNull="true" />
                <scriptId>3011.772eea42-e736-4218-aa2e-49234ad1b86a</scriptId>
                <scriptTypeId>2</scriptTypeId>
                <isActive>true</isActive>
                <script>for (var i=0; i&lt;tw.local.zavarovanjaShared.predlogZavarovanja.length; i++) {&#xD;
	for (var j=0; j&lt;tw.local.kalkulatorShared.izhodniPodatkiKalkulatorja.zavarovanja.length; j++) {&#xD;
		if(tw.local.zavarovanjaShared.predlogZavarovanja[i].uniqueId == tw.local.kalkulatorShared.izhodniPodatkiKalkulatorja.zavarovanja[j].uniqueId){&#xD;
			if(tw.local.zavarovanjaShared.predlogZavarovanja[i].sklop == tw.epv.ZavarovanjeEPV.sklopNepremicnina){&#xD;
				for (var k=0; k&lt;tw.local.zavarovanjaShared.predlogZavarovanja[i].podatkiKalkulatorjaNepremicnine.length; k++) {&#xD;
					for (var m=0; m&lt;tw.local.kalkulatorShared.izhodniPodatkiKalkulatorja.zavarovanja[j].vlozki.length; m++) {&#xD;
						if(tw.local.kalkulatorShared.izhodniPodatkiKalkulatorja.zavarovanja[j].vlozki[m].uniqueId == tw.local.zavarovanjaShared.predlogZavarovanja[i].podatkiKalkulatorjaNepremicnine[k].uniqueId){&#xD;
							tw.local.zavarovanjaShared.predlogZavarovanja[i].podatkiKalkulatorjaNepremicnine[k].podatkiKalkulatorja = {};&#xD;
							tw.local.zavarovanjaShared.predlogZavarovanja[i].podatkiKalkulatorjaNepremicnine[k].podatkiKalkulatorja.vrednostZUpostevanjemDeleza = tw.local.kalkulatorShared.izhodniPodatkiKalkulatorja.zavarovanja[j].vlozki[m].sidEstimatedValueM;&#xD;
							tw.local.zavarovanjaShared.predlogZavarovanja[i].podatkiKalkulatorjaNepremicnine[k].podatkiKalkulatorja.vrednostZOdstetimi = tw.local.kalkulatorShared.izhodniPodatkiKalkulatorja.zavarovanja[j].vlozki[m].sidInsuranceValueWithoutExistingLoadValueM;&#xD;
							tw.local.zavarovanjaShared.predlogZavarovanja[i].podatkiKalkulatorjaNepremicnine[k].podatkiKalkulatorja.dejanskoRazmerje = tw.local.kalkulatorShared.izhodniPodatkiKalkulatorja.zavarovanja[j].vlozki[m].actualInsuranceInvestmentRatioM;&#xD;
							tw.local.zavarovanjaShared.predlogZavarovanja[i].podatkiKalkulatorjaNepremicnine[k].podatkiKalkulatorja.vrednostPredhodnihObremenitevZahtevanegaRazmerja = tw.local.kalkulatorShared.izhodniPodatkiKalkulatorja.zavarovanja[j].vlozki[m].existingLoadValueByPZNPM;&#xD;
							tw.local.zavarovanjaShared.predlogZavarovanja[i].podatkiKalkulatorjaNepremicnine[k].podatkiKalkulatorja.ostaneZaZavarovanjeNalozbenegaPosla = tw.local.kalkulatorShared.izhodniPodatkiKalkulatorja.zavarovanja[j].vlozki[m].sidInsuranceValueFinalValueM;&#xD;
							tw.local.zavarovanjaShared.predlogZavarovanja[i].podatkiKalkulatorjaNepremicnine[k].podatkiKalkulatorja.vrednostZavarovanjaZaSID = tw.local.kalkulatorShared.izhodniPodatkiKalkulatorja.zavarovanja[j].vlozki[m].sidInsuranceValueFinalValueVsLoanValueM;&#xD;
							tw.local.zavarovanjaShared.predlogZavarovanja[i].podatkiKalkulatorjaNepremicnine[k].podatkiKalkulatorja.znesekNalozbenegaPosla = tw.local.kalkulatorShared.izhodniPodatkiKalkulatorja.zavarovanja[j].vlozki[m].sidInsuranceFinValVsValWithoutExistingLoadValueVsLoanValueC;&#xD;
							tw.local.zavarovanjaShared.predlogZavarovanja[i].podatkiKalkulatorjaNepremicnine[k].podatkiKalkulatorja.zahtevanoRazmerje = tw.local.kalkulatorShared.izhodniPodatkiKalkulatorja.zavarovanja[j].vlozki[m].insuranceValueWithoutExistingLoadValueM;&#xD;
							break;&#xD;
						}&#xD;
					}&#xD;
				}&#xD;
			} else if(tw.local.zavarovanjaShared.predlogZavarovanja[i].sklop == tw.epv.ZavarovanjeEPV.sklopPoslovnaOprema){&#xD;
				for (var k=0; k&lt;tw.local.zavarovanjaShared.predlogZavarovanja[i].podatkiKalkulatorjaPremicnine.length; k++) {&#xD;
					for (var m=0; m&lt;tw.local.kalkulatorShared.izhodniPodatkiKalkulatorja.zavarovanja[j].vlozki.length; m++) {&#xD;
						if(tw.local.kalkulatorShared.izhodniPodatkiKalkulatorja.zavarovanja[j].vlozki[m].uniqueId == tw.local.zavarovanjaShared.predlogZavarovanja[i].podatkiKalkulatorjaPremicnine[k].uniqueId){&#xD;
							tw.local.zavarovanjaShared.predlogZavarovanja[i].podatkiKalkulatorjaPremicnine[k].podatkiKalkulatorja = {};&#xD;
							tw.local.zavarovanjaShared.predlogZavarovanja[i].podatkiKalkulatorjaPremicnine[k].podatkiKalkulatorja.vrednostZUpostevanjemDeleza = tw.local.kalkulatorShared.izhodniPodatkiKalkulatorja.zavarovanja[j].vlozki[m].sidEstimatedValueM;&#xD;
							tw.local.zavarovanjaShared.predlogZavarovanja[i].podatkiKalkulatorjaPremicnine[k].podatkiKalkulatorja.vrednostZOdstetimi = tw.local.kalkulatorShared.izhodniPodatkiKalkulatorja.zavarovanja[j].vlozki[m].sidInsuranceValueWithoutExistingLoadValueM;&#xD;
							tw.local.zavarovanjaShared.predlogZavarovanja[i].podatkiKalkulatorjaPremicnine[k].podatkiKalkulatorja.dejanskoRazmerje = tw.local.kalkulatorShared.izhodniPodatkiKalkulatorja.zavarovanja[j].vlozki[m].actualInsuranceInvestmentRatioM;&#xD;
							tw.local.zavarovanjaShared.predlogZavarovanja[i].podatkiKalkulatorjaPremicnine[k].podatkiKalkulatorja.vrednostPredhodnihObremenitevZahtevanegaRazmerja = tw.local.kalkulatorShared.izhodniPodatkiKalkulatorja.zavarovanja[j].vlozki[m].existingLoadValueByPZNPM;&#xD;
							tw.local.zavarovanjaShared.predlogZavarovanja[i].podatkiKalkulatorjaPremicnine[k].podatkiKalkulatorja.ostaneZaZavarovanjeNalozbenegaPosla = tw.local.kalkulatorShared.izhodniPodatkiKalkulatorja.zavarovanja[j].vlozki[m].sidInsuranceValueFinalValueM;&#xD;
							tw.local.zavarovanjaShared.predlogZavarovanja[i].podatkiKalkulatorjaPremicnine[k].podatkiKalkulatorja.vrednostZavarovanjaZaSID = tw.local.kalkulatorShared.izhodniPodatkiKalkulatorja.zavarovanja[j].vlozki[m].sidInsuranceValueFinalValueVsLoanValueM;&#xD;
							tw.local.zavarovanjaShared.predlogZavarovanja[i].podatkiKalkulatorjaPremicnine[k].podatkiKalkulatorja.znesekNalozbenegaPosla = tw.local.kalkulatorShared.izhodniPodatkiKalkulatorja.zavarovanja[j].vlozki[m].sidInsuranceFinValVsValWithoutExistingLoadValueVsLoanValueC;&#xD;
							tw.local.zavarovanjaShared.predlogZavarovanja[i].podatkiKalkulatorjaPremicnine[k].podatkiKalkulatorja.zahtevanoRazmerje = tw.local.kalkulatorShared.izhodniPodatkiKalkulatorja.zavarovanja[j].vlozki[m].insuranceValueWithoutExistingLoadValueM;&#xD;
							break;&#xD;
						}&#xD;
					}&#xD;
				}&#xD;
			} else {&#xD;
				tw.local.zavarovanjaShared.predlogZavarovanja[i].podatkiKalkulatorja.vrednostZUpostevanjemDeleza = tw.local.kalkulatorShared.izhodniPodatkiKalkulatorja.zavarovanja[j].sidEstimatedValueC;&#xD;
				tw.local.zavarovanjaShared.predlogZavarovanja[i].podatkiKalkulatorja.vrednostZOdstetimi = tw.local.kalkulatorShared.izhodniPodatkiKalkulatorja.zavarovanja[j].sidInsuranceValueWithoutExistingLoadValueC;&#xD;
				tw.local.zavarovanjaShared.predlogZavarovanja[i].podatkiKalkulatorja.dejanskoRazmerje = tw.local.kalkulatorShared.izhodniPodatkiKalkulatorja.zavarovanja[j].actualInsuranceInvestmentRatioC;&#xD;
				tw.local.zavarovanjaShared.predlogZavarovanja[i].podatkiKalkulatorja.vrednostPredhodnihObremenitevZahtevanegaRazmerja = tw.local.kalkulatorShared.izhodniPodatkiKalkulatorja.zavarovanja[j].existingLoadValueByPZNPC;&#xD;
				tw.local.zavarovanjaShared.predlogZavarovanja[i].podatkiKalkulatorja.ostaneZaZavarovanjeNalozbenegaPosla = tw.local.kalkulatorShared.izhodniPodatkiKalkulatorja.zavarovanja[j].sidInsuranceValueFinalValueC;&#xD;
				tw.local.zavarovanjaShared.predlogZavarovanja[i].podatkiKalkulatorja.vrednostZavarovanjaZaSID = tw.local.kalkulatorShared.izhodniPodatkiKalkulatorja.zavarovanja[j].sidInsuranceValueFinalValueVsLoanValueC;&#xD;
				tw.local.zavarovanjaShared.predlogZavarovanja[i].podatkiKalkulatorja.znesekNalozbenegaPosla = tw.local.kalkulatorShared.izhodniPodatkiKalkulatorja.zavarovanja[j].sidInsuranceFinValVsValWithoutExistingLoadValueVsLoanValueC;&#xD;
				tw.local.zavarovanjaShared.predlogZavarovanja[i].podatkiKalkulatorja.zahtevanoRazmerje = tw.local.kalkulatorShared.izhodniPodatkiKalkulatorja.zavarovanja[j].insuranceValueWithoutExistingLoadValueC;&#xD;
			&#xD;
			}&#xD;
			break;		&#xD;
		}&#xD;
	}&#xD;
}&#xD;
&#xD;
tw.local.zavarovanjaShared.save();</script>
                <isRule>false</isRule>
                <guid>aa63fb93-afb4-4b8d-9b88-341bbe4ccafd</guid>
                <versionId>446719b7-bcc3-4d0a-ad12-00eef3630c40</versionId>
            </TWComponent>
        </item>
        <item>
            <lastModified isNull="true" />
            <lastModifiedBy isNull="true" />
            <tenantId isNull="true" />
            <processItemId>2025.7a2764f6-7a69-4b72-8b81-a1f7dd43c0b9</processItemId>
            <processId>1.27f0a2af-b88c-46f9-8206-31524c175074</processId>
            <name>End</name>
            <tWComponentName>ExitPoint</tWComponentName>
            <tWComponentId>3008.a9d63b4d-958a-4926-b9df-4bdfd7554305</tWComponentId>
            <isLogEnabled>false</isLogEnabled>
            <isTraceEnabled>false</isTraceEnabled>
            <traceCategory isNull="true" />
            <traceLevel isNull="true" />
            <traceMessage isNull="true" />
            <traceSymbolTable isNull="true" />
            <isExecutionContextTraced>false</isExecutionContextTraced>
            <saveExecutionContext>true</saveExecutionContext>
            <documentation isNull="true" />
            <isErrorHandlerEnabled>false</isErrorHandlerEnabled>
            <errorHandlerItemId isNull="true" />
            <guid>guid:db6fa55d48cfd3c0:-371f1425:1907e30c15d:38cd</guid>
            <versionId>bb6b42dd-e917-4823-bff5-1d413418269f</versionId>
            <externalServiceRef isNull="true" />
            <externalServiceOp isNull="true" />
            <nodeColor isNull="true" />
            <layoutData x="650" y="80">
                <errorLink>
                    <controlPoints />
                    <showEndState>false</showEndState>
                    <showName>false</showName>
                </errorLink>
            </layoutData>
            <TWComponent>
                <lastModified isNull="true" />
                <lastModifiedBy isNull="true" />
                <tenantId isNull="true" />
                <exitPointId>3008.a9d63b4d-958a-4926-b9df-4bdfd7554305</exitPointId>
                <haltProcess>false</haltProcess>
                <guid>6af0502d-89fa-4606-8509-fd1fa9be80ae</guid>
                <versionId>56045a81-178d-4947-9847-00a9faba4b4c</versionId>
            </TWComponent>
        </item>
        <EPV_PROCESS_LINK>
            <lastModified isNull="true" />
            <lastModifiedBy isNull="true" />
            <tenantId isNull="true" />
            <epvProcessLinkId>2058.1304818b-9800-4a6c-8cfd-6ca0e7fe31c7</epvProcessLinkId>
            <epvId>d1c7fa2c-a052-4748-be6a-977a7d99a19b/21.4ec13dcc-524d-4df4-88f3-f0b9e3128a66</epvId>
            <processId>1.27f0a2af-b88c-46f9-8206-31524c175074</processId>
            <guid>25ee717f-081b-4f7c-9931-fc55acc50412</guid>
            <versionId>71ad8ac8-0781-4a5b-8431-157d46739931</versionId>
        </EPV_PROCESS_LINK>
        <startingProcessItemId>2025.f986b7d5-90ef-42d0-8015-43d2a679256d</startingProcessItemId>
        <errorHandlerItemId isNull="true" />
        <layoutData noConversion="true">
            <errorLink>
                <controlPoints />
                <showEndState>false</showEndState>
                <showName>false</showName>
            </errorLink>
        </layoutData>
        <startPoint>
            <layoutData x="25" y="80">
                <errorLink>
                    <controlPoints />
                    <showEndState>false</showEndState>
                    <showName>false</showName>
                </errorLink>
            </layoutData>
        </startPoint>
        <startLink>
            <fromPort locationId="rightCenter" portType="1" />
            <toPort locationId="leftCenter" portType="2" />
            <layoutData>
                <controlPoints />
                <showEndState>false</showEndState>
                <showName>false</showName>
            </layoutData>
        </startLink>
        <bpmn2Model>
            <ns16:definitions xmlns:ns16="http://www.omg.org/spec/BPMN/20100524/MODEL" xmlns:ns2="http://www.ibm.com/xmlns/prod/bpm/bpmn/ext/trackinggroup" xmlns:ns3="http://www.ibm.com/xmlns/prod/bpm/bpmn/ext/process" xmlns:ns4="http://www.ibm.com/xmlns/prod/bpm/bpmn/ext/process/wle" xmlns:ns5="http://www.ibm.com/xmlns/prod/bpm/bpmn/ext/process/case" xmlns:ns6="http://www.ibm.com/bpm/Extensions" xmlns:ns7="http://www.ibm.com/xmlns/prod/bpm/uca" xmlns:ns8="http://www.ibm.com/xmlns/prod/bpm/bpmn/ext/team" xmlns:ns9="http://www.ibm.com/xmlns/bpmnx/20100524/v1/BusinessVocabulary" xmlns:ns10="http://www.omg.org/spec/DD/20100524/DI" xmlns:ns11="http://www.omg.org/spec/DD/20100524/DC" xmlns:ns12="http://www.omg.org/spec/BPMN/20100524/BPMNDI" xmlns:ns13="http://www.ibm.com/xmlns/prod/bpm/graph" xmlns:ns14="http://www.ibm.com/xmlns/prod/bpm/bpmn/ext/process/auth" xmlns:ns15="http://www.ibm.com/xmlns/prod/bpm/bpmn/ext/extservice" xmlns:ns17="http://www.ibm.com/bpm/processappsettings" xmlns:ns18="http://www.ibm.com/xmlns/links" xmlns:ns19="http://www.ibm.com/bpm/CoachDesignerNG" xmlns:ns20="http://www.ibm.com/xmlns/tagging" xmlns:ns21="http://www.ibm.com/bpm/uitheme" xmlns:ns22="http://www.ibm.com/bpm/coachview" targetNamespace="" expressionLanguage="http://www.ibm.com/xmlns/prod/bpm/expression-lang/javascript" typeLanguage="http://www.w3.org/2001/XMLSchema">
                <ns16:process name="Zavarovanja kalkulator podatki izhod SF" id="1.27f0a2af-b88c-46f9-8206-31524c175074" ns3:executionMode="microflow">
                    <ns16:documentation textFormat="text/plain" />
                    <ns16:extensionElements>
                        <ns3:isSecured>true</ns3:isSecured>
                        <ns3:isAjaxExposed>true</ns3:isAjaxExposed>
                        <ns3:sboSyncEnabled>true</ns3:sboSyncEnabled>
                    </ns16:extensionElements>
                    <ns16:ioSpecification>
                        <ns16:extensionElements>
                            <ns3:epvProcessLinks>
                                <ns3:epvProcessLinkRef epvId="21.4ec13dcc-524d-4df4-88f3-f0b9e3128a66" epvProcessLinkId="d37c0a2d-81b8-4ed5-861a-5da911da062c" />
                            </ns3:epvProcessLinks>
                        </ns16:extensionElements>
                        <ns16:dataInput name="zavarovanjaShared" itemSubjectRef="itm.12.8d93b681-8a4d-4a06-939e-f70974e643de" isCollection="false" id="2055.c8827717-20c1-42b2-873c-839ecc16c797" />
                        <ns16:dataInput name="kalkulatorShared" itemSubjectRef="itm.12.802fe1a2-4e47-4de2-a6db-c93387c5b9b1" isCollection="false" id="2055.4eebaec3-7607-4a53-8390-7056d0d46b6a" />
                        <ns16:inputSet>
                            <ns16:dataInputRefs>2055.c8827717-20c1-42b2-873c-839ecc16c797</ns16:dataInputRefs>
                            <ns16:dataInputRefs>2055.4eebaec3-7607-4a53-8390-7056d0d46b6a</ns16:dataInputRefs>
                        </ns16:inputSet>
                        <ns16:outputSet />
                    </ns16:ioSpecification>
                    <ns16:laneSet id="628bb995-5afb-450f-8bd0-8405cb723c8c">
                        <ns16:lane name="System" partitionElementRef="24.6fd38d02-81cf-48ab-bd42-8ff4c0a1628b" id="91d08202-dfd3-470a-8a0e-2d48b6a17b06" ns4:isSystemLane="true">
                            <ns16:extensionElements>
                                <ns13:nodeVisualInfo x="0" y="0" width="3000" height="500" color="#F8F8F8" />
                            </ns16:extensionElements>
                            <ns16:flowNodeRef>1b539e8f-ba41-402f-881d-b232b94f4d76</ns16:flowNodeRef>
                            <ns16:flowNodeRef>7a2764f6-7a69-4b72-8b81-a1f7dd43c0b9</ns16:flowNodeRef>
                            <ns16:flowNodeRef>f986b7d5-90ef-42d0-8015-43d2a679256d</ns16:flowNodeRef>
                        </ns16:lane>
                    </ns16:laneSet>
                    <ns16:startEvent isInterrupting="false" parallelMultiple="false" name="Start" id="1b539e8f-ba41-402f-881d-b232b94f4d76">
                        <ns16:extensionElements>
                            <ns13:nodeVisualInfo x="25" y="80" width="24" height="24" color="#F8F8F8" />
                        </ns16:extensionElements>
                        <ns16:outgoing>2027.6b43a89b-8a92-4879-8912-34f1ff7cc7d9</ns16:outgoing>
                    </ns16:startEvent>
                    <ns16:endEvent name="End" id="7a2764f6-7a69-4b72-8b81-a1f7dd43c0b9">
                        <ns16:extensionElements>
                            <ns13:nodeVisualInfo x="650" y="80" width="24" height="24" color="#F8F8F8" />
                            <ns4:saveExecutionContext>true</ns4:saveExecutionContext>
                            <ns3:endStateId>guid:db6fa55d48cfd3c0:-371f1425:1907e30c15d:38cd</ns3:endStateId>
                        </ns16:extensionElements>
                        <ns16:incoming>9169576e-0434-4666-8912-e2b05a6b4388</ns16:incoming>
                    </ns16:endEvent>
                    <ns16:sequenceFlow sourceRef="1b539e8f-ba41-402f-881d-b232b94f4d76" targetRef="f986b7d5-90ef-42d0-8015-43d2a679256d" name="To Nastavitev podatkov z kalkulatorja" id="2027.6b43a89b-8a92-4879-8912-34f1ff7cc7d9">
                        <ns16:extensionElements>
                            <ns13:linkVisualInfo>
                                <ns13:sourcePortLocation>rightCenter</ns13:sourcePortLocation>
                                <ns13:targetPortLocation>leftCenter</ns13:targetPortLocation>
                                <ns13:showLabel>false</ns13:showLabel>
                                <ns13:showCoachControlLabel>false</ns13:showCoachControlLabel>
                                <ns13:labelPosition>0.0</ns13:labelPosition>
                                <ns13:saveExecutionContext>false</ns13:saveExecutionContext>
                            </ns13:linkVisualInfo>
                        </ns16:extensionElements>
                    </ns16:sequenceFlow>
                    <ns16:scriptTask scriptFormat="text/x-javascript" name="Nastavitev podatkov z kalkulatorja" id="f986b7d5-90ef-42d0-8015-43d2a679256d">
                        <ns16:extensionElements>
                            <ns13:nodeVisualInfo x="208" y="57" width="95" height="70" />
                            <ns3:preAssignmentScript />
                        </ns16:extensionElements>
                        <ns16:incoming>2027.6b43a89b-8a92-4879-8912-34f1ff7cc7d9</ns16:incoming>
                        <ns16:outgoing>9169576e-0434-4666-8912-e2b05a6b4388</ns16:outgoing>
                        <ns16:script>for (var i=0; i&lt;tw.local.zavarovanjaShared.predlogZavarovanja.length; i++) {&#xD;
	for (var j=0; j&lt;tw.local.kalkulatorShared.izhodniPodatkiKalkulatorja.zavarovanja.length; j++) {&#xD;
		if(tw.local.zavarovanjaShared.predlogZavarovanja[i].uniqueId == tw.local.kalkulatorShared.izhodniPodatkiKalkulatorja.zavarovanja[j].uniqueId){&#xD;
			if(tw.local.zavarovanjaShared.predlogZavarovanja[i].sklop == tw.epv.ZavarovanjeEPV.sklopNepremicnina){&#xD;
				for (var k=0; k&lt;tw.local.zavarovanjaShared.predlogZavarovanja[i].podatkiKalkulatorjaNepremicnine.length; k++) {&#xD;
					for (var m=0; m&lt;tw.local.kalkulatorShared.izhodniPodatkiKalkulatorja.zavarovanja[j].vlozki.length; m++) {&#xD;
						if(tw.local.kalkulatorShared.izhodniPodatkiKalkulatorja.zavarovanja[j].vlozki[m].uniqueId == tw.local.zavarovanjaShared.predlogZavarovanja[i].podatkiKalkulatorjaNepremicnine[k].uniqueId){&#xD;
							tw.local.zavarovanjaShared.predlogZavarovanja[i].podatkiKalkulatorjaNepremicnine[k].podatkiKalkulatorja = {};&#xD;
							tw.local.zavarovanjaShared.predlogZavarovanja[i].podatkiKalkulatorjaNepremicnine[k].podatkiKalkulatorja.vrednostZUpostevanjemDeleza = tw.local.kalkulatorShared.izhodniPodatkiKalkulatorja.zavarovanja[j].vlozki[m].sidEstimatedValueM;&#xD;
							tw.local.zavarovanjaShared.predlogZavarovanja[i].podatkiKalkulatorjaNepremicnine[k].podatkiKalkulatorja.vrednostZOdstetimi = tw.local.kalkulatorShared.izhodniPodatkiKalkulatorja.zavarovanja[j].vlozki[m].sidInsuranceValueWithoutExistingLoadValueM;&#xD;
							tw.local.zavarovanjaShared.predlogZavarovanja[i].podatkiKalkulatorjaNepremicnine[k].podatkiKalkulatorja.dejanskoRazmerje = tw.local.kalkulatorShared.izhodniPodatkiKalkulatorja.zavarovanja[j].vlozki[m].actualInsuranceInvestmentRatioM;&#xD;
							tw.local.zavarovanjaShared.predlogZavarovanja[i].podatkiKalkulatorjaNepremicnine[k].podatkiKalkulatorja.vrednostPredhodnihObremenitevZahtevanegaRazmerja = tw.local.kalkulatorShared.izhodniPodatkiKalkulatorja.zavarovanja[j].vlozki[m].existingLoadValueByPZNPM;&#xD;
							tw.local.zavarovanjaShared.predlogZavarovanja[i].podatkiKalkulatorjaNepremicnine[k].podatkiKalkulatorja.ostaneZaZavarovanjeNalozbenegaPosla = tw.local.kalkulatorShared.izhodniPodatkiKalkulatorja.zavarovanja[j].vlozki[m].sidInsuranceValueFinalValueM;&#xD;
							tw.local.zavarovanjaShared.predlogZavarovanja[i].podatkiKalkulatorjaNepremicnine[k].podatkiKalkulatorja.vrednostZavarovanjaZaSID = tw.local.kalkulatorShared.izhodniPodatkiKalkulatorja.zavarovanja[j].vlozki[m].sidInsuranceValueFinalValueVsLoanValueM;&#xD;
							tw.local.zavarovanjaShared.predlogZavarovanja[i].podatkiKalkulatorjaNepremicnine[k].podatkiKalkulatorja.znesekNalozbenegaPosla = tw.local.kalkulatorShared.izhodniPodatkiKalkulatorja.zavarovanja[j].vlozki[m].sidInsuranceFinValVsValWithoutExistingLoadValueVsLoanValueC;&#xD;
							tw.local.zavarovanjaShared.predlogZavarovanja[i].podatkiKalkulatorjaNepremicnine[k].podatkiKalkulatorja.zahtevanoRazmerje = tw.local.kalkulatorShared.izhodniPodatkiKalkulatorja.zavarovanja[j].vlozki[m].insuranceValueWithoutExistingLoadValueM;&#xD;
							break;&#xD;
						}&#xD;
					}&#xD;
				}&#xD;
			} else if(tw.local.zavarovanjaShared.predlogZavarovanja[i].sklop == tw.epv.ZavarovanjeEPV.sklopPoslovnaOprema){&#xD;
				for (var k=0; k&lt;tw.local.zavarovanjaShared.predlogZavarovanja[i].podatkiKalkulatorjaPremicnine.length; k++) {&#xD;
					for (var m=0; m&lt;tw.local.kalkulatorShared.izhodniPodatkiKalkulatorja.zavarovanja[j].vlozki.length; m++) {&#xD;
						if(tw.local.kalkulatorShared.izhodniPodatkiKalkulatorja.zavarovanja[j].vlozki[m].uniqueId == tw.local.zavarovanjaShared.predlogZavarovanja[i].podatkiKalkulatorjaPremicnine[k].uniqueId){&#xD;
							tw.local.zavarovanjaShared.predlogZavarovanja[i].podatkiKalkulatorjaPremicnine[k].podatkiKalkulatorja = {};&#xD;
							tw.local.zavarovanjaShared.predlogZavarovanja[i].podatkiKalkulatorjaPremicnine[k].podatkiKalkulatorja.vrednostZUpostevanjemDeleza = tw.local.kalkulatorShared.izhodniPodatkiKalkulatorja.zavarovanja[j].vlozki[m].sidEstimatedValueM;&#xD;
							tw.local.zavarovanjaShared.predlogZavarovanja[i].podatkiKalkulatorjaPremicnine[k].podatkiKalkulatorja.vrednostZOdstetimi = tw.local.kalkulatorShared.izhodniPodatkiKalkulatorja.zavarovanja[j].vlozki[m].sidInsuranceValueWithoutExistingLoadValueM;&#xD;
							tw.local.zavarovanjaShared.predlogZavarovanja[i].podatkiKalkulatorjaPremicnine[k].podatkiKalkulatorja.dejanskoRazmerje = tw.local.kalkulatorShared.izhodniPodatkiKalkulatorja.zavarovanja[j].vlozki[m].actualInsuranceInvestmentRatioM;&#xD;
							tw.local.zavarovanjaShared.predlogZavarovanja[i].podatkiKalkulatorjaPremicnine[k].podatkiKalkulatorja.vrednostPredhodnihObremenitevZahtevanegaRazmerja = tw.local.kalkulatorShared.izhodniPodatkiKalkulatorja.zavarovanja[j].vlozki[m].existingLoadValueByPZNPM;&#xD;
							tw.local.zavarovanjaShared.predlogZavarovanja[i].podatkiKalkulatorjaPremicnine[k].podatkiKalkulatorja.ostaneZaZavarovanjeNalozbenegaPosla = tw.local.kalkulatorShared.izhodniPodatkiKalkulatorja.zavarovanja[j].vlozki[m].sidInsuranceValueFinalValueM;&#xD;
							tw.local.zavarovanjaShared.predlogZavarovanja[i].podatkiKalkulatorjaPremicnine[k].podatkiKalkulatorja.vrednostZavarovanjaZaSID = tw.local.kalkulatorShared.izhodniPodatkiKalkulatorja.zavarovanja[j].vlozki[m].sidInsuranceValueFinalValueVsLoanValueM;&#xD;
							tw.local.zavarovanjaShared.predlogZavarovanja[i].podatkiKalkulatorjaPremicnine[k].podatkiKalkulatorja.znesekNalozbenegaPosla = tw.local.kalkulatorShared.izhodniPodatkiKalkulatorja.zavarovanja[j].vlozki[m].sidInsuranceFinValVsValWithoutExistingLoadValueVsLoanValueC;&#xD;
							tw.local.zavarovanjaShared.predlogZavarovanja[i].podatkiKalkulatorjaPremicnine[k].podatkiKalkulatorja.zahtevanoRazmerje = tw.local.kalkulatorShared.izhodniPodatkiKalkulatorja.zavarovanja[j].vlozki[m].insuranceValueWithoutExistingLoadValueM;&#xD;
							break;&#xD;
						}&#xD;
					}&#xD;
				}&#xD;
			} else {&#xD;
				tw.local.zavarovanjaShared.predlogZavarovanja[i].podatkiKalkulatorja.vrednostZUpostevanjemDeleza = tw.local.kalkulatorShared.izhodniPodatkiKalkulatorja.zavarovanja[j].sidEstimatedValueC;&#xD;
				tw.local.zavarovanjaShared.predlogZavarovanja[i].podatkiKalkulatorja.vrednostZOdstetimi = tw.local.kalkulatorShared.izhodniPodatkiKalkulatorja.zavarovanja[j].sidInsuranceValueWithoutExistingLoadValueC;&#xD;
				tw.local.zavarovanjaShared.predlogZavarovanja[i].podatkiKalkulatorja.dejanskoRazmerje = tw.local.kalkulatorShared.izhodniPodatkiKalkulatorja.zavarovanja[j].actualInsuranceInvestmentRatioC;&#xD;
				tw.local.zavarovanjaShared.predlogZavarovanja[i].podatkiKalkulatorja.vrednostPredhodnihObremenitevZahtevanegaRazmerja = tw.local.kalkulatorShared.izhodniPodatkiKalkulatorja.zavarovanja[j].existingLoadValueByPZNPC;&#xD;
				tw.local.zavarovanjaShared.predlogZavarovanja[i].podatkiKalkulatorja.ostaneZaZavarovanjeNalozbenegaPosla = tw.local.kalkulatorShared.izhodniPodatkiKalkulatorja.zavarovanja[j].sidInsuranceValueFinalValueC;&#xD;
				tw.local.zavarovanjaShared.predlogZavarovanja[i].podatkiKalkulatorja.vrednostZavarovanjaZaSID = tw.local.kalkulatorShared.izhodniPodatkiKalkulatorja.zavarovanja[j].sidInsuranceValueFinalValueVsLoanValueC;&#xD;
				tw.local.zavarovanjaShared.predlogZavarovanja[i].podatkiKalkulatorja.znesekNalozbenegaPosla = tw.local.kalkulatorShared.izhodniPodatkiKalkulatorja.zavarovanja[j].sidInsuranceFinValVsValWithoutExistingLoadValueVsLoanValueC;&#xD;
				tw.local.zavarovanjaShared.predlogZavarovanja[i].podatkiKalkulatorja.zahtevanoRazmerje = tw.local.kalkulatorShared.izhodniPodatkiKalkulatorja.zavarovanja[j].insuranceValueWithoutExistingLoadValueC;&#xD;
			&#xD;
			}&#xD;
			break;		&#xD;
		}&#xD;
	}&#xD;
}&#xD;
&#xD;
tw.local.zavarovanjaShared.save();</ns16:script>
                    </ns16:scriptTask>
                    <ns16:sequenceFlow sourceRef="f986b7d5-90ef-42d0-8015-43d2a679256d" targetRef="7a2764f6-7a69-4b72-8b81-a1f7dd43c0b9" name="To Shrani dokument" id="9169576e-0434-4666-8912-e2b05a6b4388">
                        <ns16:extensionElements>
                            <ns3:sequenceFlowImplementation sboSyncEnabled="true" />
                            <ns13:linkVisualInfo>
                                <ns13:sourcePortLocation>rightCenter</ns13:sourcePortLocation>
                                <ns13:targetPortLocation>leftCenter</ns13:targetPortLocation>
                                <ns13:showLabel>false</ns13:showLabel>
                                <ns13:showCoachControlLabel>false</ns13:showCoachControlLabel>
                                <ns13:labelPosition>0.0</ns13:labelPosition>
                                <ns13:saveExecutionContext>true</ns13:saveExecutionContext>
                            </ns13:linkVisualInfo>
                        </ns16:extensionElements>
                    </ns16:sequenceFlow>
                    <ns16:dataObject itemSubjectRef="itm.12.0e4e4b7e-d74f-4ab7-9b27-5fdfda9f67be" isCollection="false" name="document" id="2056.864db7db-df99-4eb1-8351-82f57e1a6505" />
                    <ns16:dataObject itemSubjectRef="itm.12.68474ab0-d56f-47ee-b7e9-510b45a2a8be" isCollection="false" name="date" id="2056.d8c773c5-83a5-4e21-8f36-5d68b4a413b0" />
                </ns16:process>
            </ns16:definitions>
        </bpmn2Model>
        <link name="To Shrani dokument">
            <lastModified isNull="true" />
            <lastModifiedBy isNull="true" />
            <tenantId isNull="true" />
            <processLinkId>2027.9169576e-0434-4666-8912-e2b05a6b4388</processLinkId>
            <processId>1.27f0a2af-b88c-46f9-8206-31524c175074</processId>
            <description isNull="true" />
            <fromProcessItemId>2025.f986b7d5-90ef-42d0-8015-43d2a679256d</fromProcessItemId>
            <endStateId>Out</endStateId>
            <toProcessItemId>2025.7a2764f6-7a69-4b72-8b81-a1f7dd43c0b9</toProcessItemId>
            <guid>187864b9-0abd-44ba-bbae-069d5de21a6c</guid>
            <versionId>968720ad-de28-41bc-bb09-63727d83c01b</versionId>
            <layoutData>
                <controlPoints />
                <showEndState>false</showEndState>
                <showName>false</showName>
            </layoutData>
            <fromItemPort locationId="rightCenter" portType="1" />
            <toItemPort locationId="leftCenter" portType="2" />
            <fromProcessItemId>2025.f986b7d5-90ef-42d0-8015-43d2a679256d</fromProcessItemId>
            <toProcessItemId>2025.7a2764f6-7a69-4b72-8b81-a1f7dd43c0b9</toProcessItemId>
        </link>
    </process>
</teamworks>

