<?xml version="1.0" encoding="UTF-8"?>
<teamworks>
    <process id="1.39189752-adbf-4957-b5dd-862349e14fa3" name="SOR Vloga Zaproseni Kredit SF">
        <lastModified>1727700894645</lastModified>
        <lastModifiedBy>amanojlovic</lastModifiedBy>
        <tenantId isNull="true" />
        <processId>1.39189752-adbf-4957-b5dd-862349e14fa3</processId>
        <image isNull="true" />
        <tabGroup isNull="true" />
        <startingProcessItemId>2025.642b60c9-a547-47be-90ff-937c72d77e7a</startingProcessItemId>
        <isRootProcess>false</isRootProcess>
        <processType>12</processType>
        <isErrorHandlerEnabled>false</isErrorHandlerEnabled>
        <errorHandlerItemId isNull="true" />
        <isLoggingVariables>false</isLoggingVariables>
        <isTransactional>false</isTransactional>
        <processTimingLevel isNull="true" />
        <participantRef isNull="true" />
        <exposedType>0</exposedType>
        <isTrackingEnabled>true</isTrackingEnabled>
        <xmlData isNull="true" />
        <cachingType>false</cachingType>
        <itemLabel isNull="true" />
        <cacheLength>0</cacheLength>
        <mobileReady>false</mobileReady>
        <sboSyncEnabled>true</sboSyncEnabled>
        <externalId isNull="true" />
        <isSecured>true</isSecured>
        <isAjaxExposed>true</isAjaxExposed>
        <isInvokedAsynchronously>false</isInvokedAsynchronously>
        <isTransactionalFlow>false</isTransactionalFlow>
        <description isNull="true" />
        <guid>00917107-9db9-4304-9b6c-220ea92c0b6d</guid>
        <versionId>9ba163a0-7446-4eb3-b266-3bbe55fd693b</versionId>
        <dependencySummary>&lt;dependencySummary id="bpdid:7e1fd33f9a67b19e:-6c73fbc6:19242b65117:-294a" /&gt;</dependencySummary>
        <jsonData>{"rootElement":[{"flowElement":[{"parallelMultiple":false,"outgoing":["2027.2b7e4d4c-7512-4368-916d-ceac0c0524dc"],"isInterrupting":false,"extensionElements":{"nodeVisualInfo":[{"color":"#F8F8F8","width":24,"x":25,"y":80,"declaredType":"TNodeVisualInfo","height":24}]},"name":"Start","declaredType":"startEvent","id":"58c9d85b-14d1-4ae8-9c0c-b23f7f11ab39"},{"incoming":["82c815ce-8021-4fd3-94c4-7f060bc3cbd6"],"extensionElements":{"nodeVisualInfo":[{"color":"#F8F8F8","width":24,"x":701,"y":80,"declaredType":"TNodeVisualInfo","height":24}],"endStateId":["guid:a84ea2eeee47998d:-7a0fa062:1852c21a032:-d86"],"saveExecutionContext":[true]},"name":"End","declaredType":"endEvent","id":"ab017b61-f28c-4371-b6fc-33e5aa774fe7"},{"targetRef":"642b60c9-a547-47be-90ff-937c72d77e7a","extensionElements":{"linkVisualInfo":[{"sourcePortLocation":"rightCenter","showCoachControlLabel":false,"labelPosition":0.0,"targetPortLocation":"leftCenter","declaredType":"TLinkVisualInfo","saveExecutionContext":false,"showLabel":false}]},"name":"To Priprava SQL","declaredType":"sequenceFlow","id":"2027.2b7e4d4c-7512-4368-916d-ceac0c0524dc","sourceRef":"58c9d85b-14d1-4ae8-9c0c-b23f7f11ab39"},{"startQuantity":1,"outgoing":["78a41db8-cfcc-43a2-a4a6-f74f3112f61f"],"incoming":["72f5e6f3-347b-4f46-bc12-168dc1b01bc0"],"extensionElements":{"postAssignmentScript":[],"nodeVisualInfo":[{"width":95,"x":338,"y":57,"declaredType":"TNodeVisualInfo","height":70}],"preAssignmentScript":[],"activityType":["CalledProcess"]},"name":"Izvedba SQL","dataInputAssociation":[{"targetRef":"2055.25f5990f-9abf-4cf6-9101-497d43dee141","assignment":[{"from":{"evaluatesToTypeRef":"itm.12.db884a3c-c533-44b7-bb2d-47bec8ad4022","declaredType":"TFormalExpression","content":["tw.local.sql"]}}]},{"targetRef":"2055.8b844f2a-0a1f-4f12-b34b-e9fd5191dc43","assignment":[{"from":{"evaluatesToTypeRef":"itm.12.f453f500-ca4e-4264-a371-72c1892e8b7c","declaredType":"TFormalExpression","content":["tw.local.parameters"]}}]},{"targetRef":"2055.81a41d09-a504-4a63-bdaa-a92bac26ad7e","assignment":[{"from":{"evaluatesToTypeRef":"itm.12.c09c9b6e-aabd-4897-bef2-ed61db106297","declaredType":"TFormalExpression","content":["tw.env.SQL_VIR"]}}]},{"targetRef":"2055.53ee0328-837f-427d-b0a1-0255f36f7e0c","assignment":[{"from":{"evaluatesToTypeRef":"itm.12.c09c9b6e-aabd-4897-bef2-ed61db106297","declaredType":"TFormalExpression","content":["null"]}}]}],"isForCompensation":false,"completionQuantity":1,"declaredType":"callActivity","id":"5e08eefe-b780-4b93-956f-eb985b427c38","dataOutputAssociation":[{"assignment":[{"to":{"evaluatesToTypeRef":"itm.12.3b1e3757-a1f4-4c3f-bbb8-16fecd4d65c1","declaredType":"TFormalExpression","content":["tw.local.results"]}}],"sourceRef":["2055.976cdc78-9d8d-41d4-ae85-f6c9a50c6764"]}],"calledElement":"1.4e480adb-5741-4f5e-aead-27b3654e9cd2"},{"targetRef":"e285151a-7180-464b-a54f-ac11d037f0d4","extensionElements":{"sequenceFlowImplementation":[{"fireValidation":"Never","sboSyncEnabled":true,"declaredType":"com.ibm.bpmsdk.model.bpmn20.ibmext.TSequenceFlowImplementation"}],"endStateId":["guid:d7766b7587753602:16bdf27c:11586c10093:-7fe7"],"linkVisualInfo":[{"sourcePortLocation":"rightCenter","showCoachControlLabel":false,"labelPosition":0.0,"targetPortLocation":"leftCenter","declaredType":"TLinkVisualInfo","saveExecutionContext":true,"showLabel":false}]},"name":"To SQL rezultati","declaredType":"sequenceFlow","id":"78a41db8-cfcc-43a2-a4a6-f74f3112f61f","sourceRef":"5e08eefe-b780-4b93-956f-eb985b427c38"},{"startQuantity":1,"outgoing":["72f5e6f3-347b-4f46-bc12-168dc1b01bc0"],"incoming":["2027.2b7e4d4c-7512-4368-916d-ceac0c0524dc"],"extensionElements":{"nodeVisualInfo":[{"width":95,"x":145,"y":57,"declaredType":"TNodeVisualInfo","height":70}]},"name":"Priprava SQL","isForCompensation":false,"completionQuantity":1,"declaredType":"scriptTask","id":"642b60c9-a547-47be-90ff-937c72d77e7a","scriptFormat":"text\/x-javascript","script":{"content":["if(!!tw.local.idVlogaZaprKreditSOR &amp;&amp; tw.local.spremembaPogoji){\r\n\ttw.local.sql = \"UPDATE dbo.VLOGA_ZAPROSEN_KREDIT SET \\\r\n\t\t\t\t    ZNESEK_KREDITA = ?,\\\r\n\t\t\t\t    ROCNOST_Z_MORATORIJEM = ?,\\\r\n\t\t\t\t    MORATORIJ_ODPLACILA_V_MESECIH = ?,\\\r\n\t\t\t\t    DATUM_SPREMEMBE = ?,\\\r\n\t\t\t\t    SISTEM_SPREMEMBE = ?,\\\r\n\t\t\t\t    UPORABNIK_SPREMEMBE = ? \\\r\n\t\t\t    WHERE ID_KREDIT = ?\";\r\n\t\r\n\ttw.local.parameters = [];\r\n\tnewParameter(\"NUMERIC\",tw.local.vloga.kreditniPredlog.pogojiFinanciranja.znesekKredita,true);\/\/ZNESEK_KREDITA\r\n\tnewParameter(\"NUMERIC\",tw.local.vloga.kreditniPredlog.pogojiFinanciranja.rocnostKreditaZMoratorijem,true);\/\/ROCNOST_Z_MORATORIJEM\r\n\tnewParameter(\"NUMERIC\",tw.local.vloga.kreditniPredlog.pogojiFinanciranja.moratorijOdplacilaVMesecih,true);\/\/MORATORIJ_ODPLACILA_V_MESECIH\r\n\tnewParameter(\"TIMESTAMP\",new TWDate());\/\/DATUM_SPREMEMBE\r\n\tnewParameter(\"NUMERIC\",tw.epv.SOREPVs.sistemKreiranja.valueAt(new TWDate()));\/\/SISTEM_SPREMEMBE\r\n\tnewParameter(\"VARCHAR\",tw.epv.SOREPVs.uporabnikKreiranja.valueAt(new TWDate()));\/\/UPORABNIK_SPREMEMBE\r\n\tnewParameter(\"NUMERIC\",tw.local.idVlogaZaprKreditSOR);\/\/ID_KREDIT\t\r\n}else if(!!tw.local.idVlogaZaprKreditSOR &amp;&amp; !tw.local.spremembaPogoji){\r\n\ttw.local.sql = \"UPDATE dbo.VLOGA_ZAPROSEN_KREDIT SET \\\r\n\t\t\t\t    ID_TIP_FINANCIRANJA = ?, \\\r\n\t\t\t\t    ID_VLOGA = ?, \\\r\n\t\t\t\t    ID_PRODUKT_VERZIJA = ?,\\\r\n\t\t\t\t    ZNESEK_KREDITA = ?,\\\r\n\t\t\t\t    ZNESEK_KREDITA_INICIJALNO = ?,\\\r\n\t\t\t\t    ID_VALUTA = ?,\\\r\n\t\t\t\t    ID_POGOSTOST_PLACIL_GLAVNICE = ?,\\\r\n\t\t\t\t    ROCNOST_Z_MORATORIJEM = ?,\\\r\n\t\t\t\t    ROCNOST_Z_MORATORIJEM_INICIJALNO = ?,\\\r\n\t\t\t\t    MORATORIJ_ODPLACILA_V_MESECIH = ?,\\\r\n\t\t\t\t    MORATOR_ODPLACILA_V_MESEC_INIC = ?,\\\r\n\t\t\t\t    ID_NACIN_CRPANJA = ?,\\\r\n\t\t\t\t    DATUM_PRVEGA_CRPANJA = ?,\\\r\n\t\t\t\t    SKRAJNI_ROK_CRPANJA = ?,\\\r\n\t\t\t\t    DELEZ_UPRAVICENIH_STROSKOV_ODS = ?,\\\r\n\t\t\t\t    ROK_PONUDBE_OBCINI = ?,\\\r\n\t\t\t\t    PREDVID_ROK_SKLENITVE_POGODBE = ?,\\\r\n\t\t\t\t    ZNESEK_MASE_PLAC_V2019 = ?,\\\r\n\t\t\t\t    KREDIT_ZARADI_COVID19 = ?,\\\r\n\t\t\t\t    STAT_REGIJA_STRANKE = ?,\\\r\n\t\t\t\t    ID_VRSTA_POSLA = ?,\\\r\n\t\t\t          POVP_SKUPNI_PROMET_TREH_LET = ?, \\\r\n\t\t\t          DVA_2_MAX_KREDIT_2_3_KOMISIJA = ?, \\\r\n\t\t\t          VISINA_STROSK_ENERGIJE_12_MES = ?, \\\r\n\t\t\t          DVA_4_MAX_KREDIT_2_3_KOMISIJA = ?, \\\r\n\t\t\t          DVA_5_MAX_KREDIT_2_3_KOMISIJA = ?, \\\r\n\t\t\t          DVA_6_MAX_KREDIT_2_1_KOMISIJA = ?, \\\r\n\t\t\t\t    DATUM_SPREMEMBE = ?,\\\r\n\t\t\t\t    SISTEM_SPREMEMBE = ?,\\\r\n\t\t\t\t    UPORABNIK_SPREMEMBE = ?, \\\r\n\t\t\t\t    JE_AKTIVEN = ? \\\r\n\t\t\t    WHERE ID_KREDIT = ?\";\r\n\t\r\n\ttw.local.parameters = [];\r\n\tnewParameter(\"NUMERIC\",tw.epv.TabelaSifrantiEPV.idTipFinanciranjaNF.valueAt(new TWDate()));\/\/ID_TIP_FINANCIRANJA\r\n\tnewParameter(\"NUMERIC\",tw.local.idVlogaSOR);\/\/ID_VLOGA\r\n\tnewParameter(\"NUMERIC\",tw.local.vloga.zaproseniKredit.produkt.idProduktVerzija);\/\/ID_PRODUKT_VERZIJA\r\n\tnewParameter(\"NUMERIC\",tw.local.vloga.kreditniPredlog.pogojiFinanciranja.znesekKredita,true);\/\/ZNESEK_KREDITA\r\n\tnewParameter(\"NUMERIC\",tw.local.vloga.zaproseniKredit.znesekKredita,true);\/\/ZNESEK_KREDITA_INICIJALNO\r\n\tnewParameter(\"NUMERIC\",tw.epv.TabelaSifrantiEPV.idValutaEUR.valueAt(new TWDate()));\/\/ID_VALUTA\r\n\tnewParameter(\"NUMERIC\",tw.local.vloga.zaproseniKredit.periodaOdplacevanjaGlav.id);\/\/ID_POGOSTOST_PLACIL_GLAVNICE\r\n\tnewParameter(\"NUMERIC\",tw.local.vloga.kreditniPredlog.pogojiFinanciranja.rocnostKreditaZMoratorijem,true);\/\/ROCNOST_Z_MORATORIJEM\r\n\tnewParameter(\"NUMERIC\",tw.local.vloga.zaproseniKredit.rocnostZMoratorijem);\/\/ROCNOST_Z_MORATORIJEM_INICIJALNO\r\n\tnewParameter(\"NUMERIC\",tw.local.vloga.kreditniPredlog.pogojiFinanciranja.moratorijOdplacilaVMesecih,true);\/\/MORATORIJ_ODPLACILA_V_MESECIH\r\n\tnewParameter(\"NUMERIC\",tw.local.vloga.zaproseniKredit.moratorijOdplacilaVMesecih,true);\/\/MORATOR_ODPLACILA_V_MESEC_INIC\r\n\tnewParameter(\"NUMERIC\",tw.local.vloga.zaproseniKredit.nacinCrpanja.id);\/\/ID_NACIN_CRPANJA\r\n\tnewParameter(\"TIMESTAMP\",tw.local.vloga.zaproseniKredit.datumPrvegaCrpanja);\/\/DATUM_PRVEGA_CRPANJA\r\n\tnewParameter(\"TIMESTAMP\",tw.local.vloga.zaproseniKredit.skrajsniRokCrpanja);\/\/SKRAJNI_ROK_CRPANJA\r\n\tnewParameter(\"NUMERIC\",tw.local.vloga.zaproseniKredit.delezUpravStroskovOdstotek);\/\/DELEZ_UPRAVICENIH_STROSKOV_ODS\r\n\tnewParameter(\"TIMESTAMP\",tw.local.vloga.zaproseniKredit.rokPonudbeObcini);\/\/ROK_PONUDBE_OBCINI\r\n\tnewParameter(\"TIMESTAMP\",tw.local.vloga.zaproseniKredit.rokSklenitvePogodbe);\/\/PREDVID_ROK_SKLENITVE_POGODBE\r\n\tnewParameter(\"NUMERIC\",tw.local.vloga.zaproseniKredit.znesekMasePlacV2019,true);\/\/ZNESEK_MASE_PLAC_V2019\r\n\tnewParameter(\"NUMERIC\",sidt.pridobiDaNeStringToInt(tw.local.vloga.zaproseniKredit.kreditZaradiCOVID19));\/\/KREDIT_ZARADI_COVID19\r\n\tnewParameter(\"VARCHAR\",tw.local.statRegijaStranke);\/\/STAT_REGIJA_STRANKE\r\n\tnewParameter(\"VARCHAR\",tw.local.vloga.dodatniPodatkiVloge.idVrstaPosla);\/\/ID_VRSTA_POSLA\r\n\tnewParameter(\"NUMERIC\",tw.local.vloga.zaproseniKredit.povprecniSkupniLetniPromet2_1,true);\/\/POVP_SKUPNI_PROMET_TREH_LET\r\n\tnewParameter(\"NUMERIC\",tw.local.vloga.zaproseniKredit.maxVisinaKredita2_2,true);\/\/DVA_2_MAX_KREDIT_2_3_KOMISIJA\r\n\tnewParameter(\"NUMERIC\",tw.local.vloga.zaproseniKredit.visinaStroskovEnergije2_3,true);\/\/VISINA_STROSK_ENERGIJE_12_MES\r\n\tnewParameter(\"NUMERIC\",tw.local.vloga.zaproseniKredit.maxVisinaKredita2_4,true);\/\/DVA_4_MAX_KREDIT_2_3_KOMISIJA\r\n\tnewParameter(\"NUMERIC\",tw.local.vloga.zaproseniKredit.maxVisinaKredita2_5,true);\/\/DVA_5_MAX_KREDIT_2_3_KOMISIJA\r\n\tnewParameter(\"NUMERIC\",tw.local.vloga.zaproseniKredit.maxVisinaKredita2_6,true);\/\/DVA_6_MAX_KREDIT_2_1_KOMISIJA\r\n\tnewParameter(\"TIMESTAMP\",new TWDate());\/\/DATUM_SPREMEMBE\r\n\tnewParameter(\"NUMERIC\",tw.epv.SOREPVs.sistemKreiranja.valueAt(new TWDate()));\/\/SISTEM_SPREMEMBE\r\n\tnewParameter(\"VARCHAR\",tw.epv.SOREPVs.uporabnikKreiranja.valueAt(new TWDate()));\/\/UPORABNIK_SPREMEMBE\r\n\tnewParameter(\"NUMERIC\",1);\/\/JE_AKTIVEN\r\n\tnewParameter(\"NUMERIC\",tw.local.idVlogaZaprKreditSOR);\/\/ID_KREDIT\r\n}else{\r\n\ttw.local.sql = \"INSERT INTO dbo.VLOGA_ZAPROSEN_KREDIT (\\\r\n\t\t\t\t    ID_TIP_FINANCIRANJA,\\\r\n\t\t\t\t    ID_VLOGA,\\\r\n\t\t\t\t    ID_PRODUKT_VERZIJA,\\\r\n\t\t\t\t    ZNESEK_KREDITA,\\\r\n\t\t\t\t    ZNESEK_KREDITA_INICIJALNO,\\\r\n\t\t\t\t    ID_VALUTA,\\\r\n\t\t\t\t    ID_POGOSTOST_PLACIL_GLAVNICE,\\\r\n\t\t\t\t    ROCNOST_Z_MORATORIJEM,\\\r\n\t\t\t\t    ROCNOST_Z_MORATORIJEM_INICIJALNO,\\\r\n\t\t\t\t    MORATORIJ_ODPLACILA_V_MESECIH,\\\r\n\t\t\t\t    MORATOR_ODPLACILA_V_MESEC_INIC,\\\r\n\t\t\t\t    ID_NACIN_CRPANJA,\\\r\n\t\t\t\t    DATUM_PRVEGA_CRPANJA,\\\r\n\t\t\t\t    SKRAJNI_ROK_CRPANJA,\\\r\n\t\t\t\t    DELEZ_UPRAVICENIH_STROSKOV_ODS,\\\r\n\t\t\t\t    ROK_PONUDBE_OBCINI,\\\r\n\t\t\t\t    PREDVID_ROK_SKLENITVE_POGODBE,\\\r\n\t\t\t\t    ZNESEK_MASE_PLAC_V2019,\\\r\n\t\t\t\t    KREDIT_ZARADI_COVID19,\\\r\n\t\t\t\t    STAT_REGIJA_STRANKE,\\\r\n\t\t\t\t    POVP_SKUPNI_PROMET_TREH_LET, \\\r\n\t\t\t          DVA_2_MAX_KREDIT_2_3_KOMISIJA, \\\r\n\t\t\t          VISINA_STROSK_ENERGIJE_12_MES, \\\r\n\t\t\t          DVA_4_MAX_KREDIT_2_3_KOMISIJA, \\\r\n\t\t\t          DVA_5_MAX_KREDIT_2_3_KOMISIJA, \\\r\n\t\t\t          DVA_6_MAX_KREDIT_2_1_KOMISIJA, \\\r\n\t\t\t\t    DATUM_KREIRANJA,\\\r\n\t\t\t\t    SISTEM_KREIRANJA,\\\r\n\t\t\t\t    UPORABNIK_KREIRANJA,\\\r\n\t\t\t\t    JE_AKTIVEN) \\\r\n\t\t\t    VALUES (?,?,?,?,?,?,?,?,?,?,?,?,?,?,?,?,?,?,?,?,?,?,?,?,?,?,?,?,?,?) \\\r\n\t\t\t    SELECT SCOPE_IDENTITY() AS ID\";\r\n\t\r\n\ttw.local.parameters = [];\r\n\tnewParameter(\"NUMERIC\",tw.epv.TabelaSifrantiEPV.idTipFinanciranjaNF.valueAt(new TWDate()));\/\/ID_TIP_FINANCIRANJA\r\n\tnewParameter(\"NUMERIC\",tw.local.idVlogaSOR);\/\/ID_VLOGA\r\n\tnewParameter(\"NUMERIC\",tw.local.vloga.zaproseniKredit.produkt.idProduktVerzija);\/\/ID_PRODUKT_VERZIJA\r\n\tnewParameter(\"NUMERIC\",tw.local.vloga.kreditniPredlog.pogojiFinanciranja.znesekKredita,true);\/\/ZNESEK_KREDITA\r\n\tnewParameter(\"NUMERIC\",tw.local.vloga.zaproseniKredit.znesekKredita,true);\/\/ZNESEK_KREDITA_INICIJALNO\r\n\tnewParameter(\"NUMERIC\",tw.epv.TabelaSifrantiEPV.idValutaEUR.valueAt(new TWDate()));\/\/ID_VALUTA\r\n\tnewParameter(\"NUMERIC\",tw.local.vloga.zaproseniKredit.periodaOdplacevanjaGlav.id);\/\/ID_POGOSTOST_PLACIL_GLAVNICE\r\n\tnewParameter(\"NUMERIC\",tw.local.vloga.kreditniPredlog.pogojiFinanciranja.rocnostKreditaZMoratorijem,true);\/\/ROCNOST_Z_MORATORIJEM\r\n\tnewParameter(\"NUMERIC\",tw.local.vloga.zaproseniKredit.rocnostZMoratorijem,true);\/\/ROCNOST_Z_MORATORIJEM_INICIJALNO\r\n\tnewParameter(\"NUMERIC\",tw.local.vloga.kreditniPredlog.pogojiFinanciranja.moratorijOdplacilaVMesecih,true);\/\/MORATORIJ_ODPLACILA_V_MESECIH\r\n\tnewParameter(\"NUMERIC\",tw.local.vloga.zaproseniKredit.moratorijOdplacilaVMesecih,true);\/\/MORATOR_ODPLACILA_V_MESEC_INIC\r\n\tnewParameter(\"NUMERIC\",tw.local.vloga.zaproseniKredit.nacinCrpanja.id);\/\/ID_NACIN_CRPANJA\r\n\tnewParameter(\"TIMESTAMP\",tw.local.vloga.zaproseniKredit.datumPrvegaCrpanja);\/\/DATUM_PRVEGA_CRPANJA\r\n\tnewParameter(\"TIMESTAMP\",tw.local.vloga.zaproseniKredit.skrajsniRokCrpanja);\/\/SKRAJNI_ROK_CRPANJA\r\n\tnewParameter(\"NUMERIC\",tw.local.vloga.zaproseniKredit.delezUpravStroskovOdstotek,true);\/\/DELEZ_UPRAVICENIH_STROSKOV_ODS\r\n\tnewParameter(\"TIMESTAMP\",tw.local.vloga.zaproseniKredit.rokPonudbeObcini);\/\/ROK_PONUDBE_OBCINI\r\n\tnewParameter(\"TIMESTAMP\",tw.local.vloga.zaproseniKredit.rokSklenitvePogodbe);\/\/PREDVID_ROK_SKLENITVE_POGODBE\r\n\tnewParameter(\"NUMERIC\",tw.local.vloga.zaproseniKredit.znesekMasePlacV2019,true);\/\/ZNESEK_MASE_PLAC_V2019\r\n\tnewParameter(\"NUMERIC\",sidt.pridobiDaNeStringToInt(tw.local.vloga.zaproseniKredit.kreditZaradiCOVID19));\/\/KREDIT_ZARADI_COVID19\r\n\tnewParameter(\"VARCHAR\",tw.local.statRegijaStranke);\/\/STAT_REGIJA_STRANKE\r\n\tnewParameter(\"NUMERIC\",tw.local.vloga.zaproseniKredit.povprecniSkupniLetniPromet2_1,true);\/\/POVP_SKUPNI_PROMET_TREH_LET\r\n\tnewParameter(\"NUMERIC\",tw.local.vloga.zaproseniKredit.maxVisinaKredita2_2,true);\/\/DVA_2_MAX_KREDIT_2_3_KOMISIJA\r\n\tnewParameter(\"NUMERIC\",tw.local.vloga.zaproseniKredit.visinaStroskovEnergije2_3,true);\/\/VISINA_STROSK_ENERGIJE_12_MES\r\n\tnewParameter(\"NUMERIC\",tw.local.vloga.zaproseniKredit.maxVisinaKredita2_4,true);\/\/DVA_4_MAX_KREDIT_2_3_KOMISIJA\r\n\tnewParameter(\"NUMERIC\",tw.local.vloga.zaproseniKredit.maxVisinaKredita2_5,true);\/\/DVA_5_MAX_KREDIT_2_3_KOMISIJA\r\n\tnewParameter(\"NUMERIC\",tw.local.vloga.zaproseniKredit.maxVisinaKredita2_6,true);\/\/DVA_6_MAX_KREDIT_2_1_KOMISIJA\r\n\tnewParameter(\"TIMESTAMP\",new TWDate());\/\/DATUM_KREIRANJA\r\n\tnewParameter(\"NUMERIC\",tw.epv.SOREPVs.sistemKreiranja.valueAt(new TWDate()));\/\/SISTEM_KREIRANJA\r\n\tnewParameter(\"VARCHAR\",tw.epv.SOREPVs.uporabnikKreiranja.valueAt(new TWDate()));\/\/UPORABNIK_KREIRANJA\r\n\tnewParameter(\"NUMERIC\",1);\/\/JE_AKTIVEN\r\n\r\n}\r\n\r\n\r\nfunction newParameter(type,value,zeroAllowed){\r\n\tvar parameter = new tw.object.SQLParameter();\r\n\tparameter.mode = \"IN\";\r\n\tparameter.type = type;\r\n\tparameter.value = zeroAllowed?value:(value?value:null);\r\n\t\r\n\ttw.local.parameters.insertIntoList(tw.local.parameters.listLength, parameter);\r\n}"]}},{"targetRef":"5e08eefe-b780-4b93-956f-eb985b427c38","extensionElements":{"linkVisualInfo":[{"sourcePortLocation":"rightCenter","showCoachControlLabel":false,"labelPosition":0.0,"targetPortLocation":"leftCenter","declaredType":"TLinkVisualInfo","saveExecutionContext":false,"showLabel":false}]},"name":"To End","declaredType":"sequenceFlow","id":"72f5e6f3-347b-4f46-bc12-168dc1b01bc0","sourceRef":"642b60c9-a547-47be-90ff-937c72d77e7a"},{"itemSubjectRef":"itm.12.f453f500-ca4e-4264-a371-72c1892e8b7c","name":"parameters","isCollection":true,"declaredType":"dataObject","id":"2056.6c3ada19-387e-4e53-904f-1e0a297bd507"},{"itemSubjectRef":"itm.12.db884a3c-c533-44b7-bb2d-47bec8ad4022","name":"sql","isCollection":false,"declaredType":"dataObject","id":"2056.f771f9f5-aff0-460a-b1e9-7a8dc719e034"},{"itemSubjectRef":"itm.12.3b1e3757-a1f4-4c3f-bbb8-16fecd4d65c1","name":"results","isCollection":true,"declaredType":"dataObject","id":"2056.6bd70d75-c607-45f9-8b01-6933487d494e"},{"startQuantity":1,"outgoing":["82c815ce-8021-4fd3-94c4-7f060bc3cbd6"],"incoming":["78a41db8-cfcc-43a2-a4a6-f74f3112f61f"],"extensionElements":{"nodeVisualInfo":[{"width":95,"x":505,"y":57,"declaredType":"TNodeVisualInfo","height":70}]},"name":"SQL rezultati","isForCompensation":false,"completionQuantity":1,"declaredType":"scriptTask","id":"e285151a-7180-464b-a54f-ac11d037f0d4","scriptFormat":"text\/x-javascript","script":{"content":["if(!tw.local.idVlogaZaprKreditSOR){\r\n\tif(tw.local.results[1].rows.listLength &gt; 0){\r\n\t\ttw.local.idVlogaZaprKreditSOR = tw.local.results[1].rows[0].indexedMap.ID;\r\n\t}else{\r\n\t\tthrow new Error(\"Unos podataka u tabelu dbo.VLOGA_ZAPROSENI_KREDIT nije uspe\u0161an.\")\r\n\t}\r\n}"]}},{"targetRef":"ab017b61-f28c-4371-b6fc-33e5aa774fe7","extensionElements":{"sequenceFlowImplementation":[{"fireValidation":"Never","sboSyncEnabled":true,"declaredType":"com.ibm.bpmsdk.model.bpmn20.ibmext.TSequenceFlowImplementation"}],"linkVisualInfo":[{"sourcePortLocation":"rightCenter","showCoachControlLabel":false,"labelPosition":0.0,"targetPortLocation":"leftCenter","declaredType":"TLinkVisualInfo","saveExecutionContext":true,"showLabel":false}]},"name":"To End","declaredType":"sequenceFlow","id":"82c815ce-8021-4fd3-94c4-7f060bc3cbd6","sourceRef":"e285151a-7180-464b-a54f-ac11d037f0d4"}],"laneSet":[{"id":"6b189419-6267-4528-878f-635f08287538","lane":[{"flowNodeRef":["58c9d85b-14d1-4ae8-9c0c-b23f7f11ab39","ab017b61-f28c-4371-b6fc-33e5aa774fe7","5e08eefe-b780-4b93-956f-eb985b427c38","642b60c9-a547-47be-90ff-937c72d77e7a","e285151a-7180-464b-a54f-ac11d037f0d4"],"extensionElements":{"nodeVisualInfo":[{"color":"#F8F8F8","width":3000,"x":0,"y":0,"declaredType":"TNodeVisualInfo","height":500}]},"name":"System","partitionElementRef":"24.6fd38d02-81cf-48ab-bd42-8ff4c0a1628b","declaredType":"lane","id":"6d0824da-57c8-4187-8920-4ed0e31e0ba6","otherAttributes":{"{http:\/\/www.ibm.com\/xmlns\/prod\/bpm\/bpmn\/ext\/process\/wle}isSystemLane":"true"}}]}],"isClosed":false,"extensionElements":{"isSecured":[true],"isAjaxExposed":[true],"sboSyncEnabled":[true]},"documentation":[{"textFormat":"text\/plain"}],"name":"SOR Vloga Zaproseni Kredit SF","declaredType":"process","id":"1.39189752-adbf-4957-b5dd-862349e14fa3","processType":"None","otherAttributes":{"{http:\/\/www.ibm.com\/xmlns\/prod\/bpm\/bpmn\/ext\/process}executionMode":"microflow"},"ioSpecification":{"dataOutput":[{"itemSubjectRef":"itm.12.3fa0d7a0-828a-4d60-99cc-db5ed143fc2d","name":"idVlogaZaprKreditSOR","isCollection":false,"id":"2055.88a0f122-3b7e-4dba-ad95-fbdc45c626f0"}],"extensionElements":{"epvProcessLinks":[{"epvProcessLinkRef":[{"epvId":"21.94c78b90-3c48-425f-b641-f736c602440e","epvProcessLinkId":"1a539618-7fe0-4514-8cfd-9392e641f781","declaredType":"com.ibm.bpmsdk.model.bpmn20.ibmext.TEpvProcessLinkRef"},{"epvId":"21.c56aa906-f64d-47a1-8b56-1f82535d412e","epvProcessLinkId":"606d3015-41a6-4041-85a2-d068d60d3d04","declaredType":"com.ibm.bpmsdk.model.bpmn20.ibmext.TEpvProcessLinkRef"}],"declaredType":"com.ibm.bpmsdk.model.bpmn20.ibmext.TEpvProcessLinks"}]},"inputSet":[{"dataInputRefs":["2055.b0aa2685-0035-4b7c-bb23-22a9880488d2","2055.05d4304d-47c9-463e-8259-5320fe8418d6","2055.99e8b12d-2715-4c04-8b7a-9a4ba033ae38","2055.8b1e8787-c9af-4cfc-86ac-034841d04cdd","2055.5f64ca75-fd87-4d65-8522-d98fbfe8c24e"]}],"outputSet":[{"dataOutputRefs":["2055.88a0f122-3b7e-4dba-ad95-fbdc45c626f0"]}],"dataInput":[{"itemSubjectRef":"itm.12.3fa0d7a0-828a-4d60-99cc-db5ed143fc2d","name":"idVlogaZaprKreditSOR","isCollection":false,"id":"2055.b0aa2685-0035-4b7c-bb23-22a9880488d2"},{"itemSubjectRef":"itm.12.3fa0d7a0-828a-4d60-99cc-db5ed143fc2d","name":"idVlogaSOR","isCollection":false,"id":"2055.05d4304d-47c9-463e-8259-5320fe8418d6"},{"itemSubjectRef":"itm.12.634308ba-40cc-42ae-949e-a44fe1af365e","name":"vloga","isCollection":false,"id":"2055.99e8b12d-2715-4c04-8b7a-9a4ba033ae38"},{"itemSubjectRef":"itm.12.83ff975e-8dbc-42e5-b738-fa8bc08274a2","documentation":[{"content":["true - Menjaju se samo pogoji financiranja i to je update u kreditnom predlogu&lt;div&gt;false - Menjaju se svi podaci preko dopolnitve portal&lt;\/div&gt;"],"textFormat":"text\/plain"}],"name":"spremembaPogoji","isCollection":false,"id":"2055.8b1e8787-c9af-4cfc-86ac-034841d04cdd"},{"itemSubjectRef":"itm.12.db884a3c-c533-44b7-bb2d-47bec8ad4022","name":"statRegijaStranke","isCollection":false,"id":"2055.5f64ca75-fd87-4d65-8522-d98fbfe8c24e"}]}}],"targetNamespace":"","typeLanguage":"http:\/\/www.w3.org\/2001\/XMLSchema","expressionLanguage":"http:\/\/www.ibm.com\/xmlns\/prod\/bpm\/expression-lang\/javascript"}</jsonData>
        <field1 isNull="true" />
        <field2 isNull="true" />
        <field3>0</field3>
        <field4 isNull="true" />
        <field5>false</field5>
        <clobField1 isNull="true" />
        <blobField1 isNull="true" />
        <processParameter name="idVlogaZaprKreditSOR">
            <lastModified isNull="true" />
            <lastModifiedBy isNull="true" />
            <tenantId isNull="true" />
            <processParameterId>2055.b0aa2685-0035-4b7c-bb23-22a9880488d2</processParameterId>
            <processId>1.39189752-adbf-4957-b5dd-862349e14fa3</processId>
            <parameterType>1</parameterType>
            <isArrayOf>false</isArrayOf>
            <classId>34b0d65f-7524-4bdf-81fb-fcf6680322a1/12.3fa0d7a0-828a-4d60-99cc-db5ed143fc2d</classId>
            <seq>1</seq>
            <hasDefault>false</hasDefault>
            <defaultValue isNull="true" />
            <isLocked>false</isLocked>
            <description isNull="true" />
            <guid>ba85723d-65b9-422f-9d9f-e9cab138d8e6</guid>
            <versionId>b25f618a-a8ad-4056-9347-0a9a43b382b0</versionId>
        </processParameter>
        <processParameter name="idVlogaSOR">
            <lastModified isNull="true" />
            <lastModifiedBy isNull="true" />
            <tenantId isNull="true" />
            <processParameterId>2055.05d4304d-47c9-463e-8259-5320fe8418d6</processParameterId>
            <processId>1.39189752-adbf-4957-b5dd-862349e14fa3</processId>
            <parameterType>1</parameterType>
            <isArrayOf>false</isArrayOf>
            <classId>34b0d65f-7524-4bdf-81fb-fcf6680322a1/12.3fa0d7a0-828a-4d60-99cc-db5ed143fc2d</classId>
            <seq>2</seq>
            <hasDefault>false</hasDefault>
            <defaultValue isNull="true" />
            <isLocked>false</isLocked>
            <description isNull="true" />
            <guid>292224df-5b5b-41fd-a363-93bcae7a662a</guid>
            <versionId>fd8d7595-fa01-41aa-809c-58a8a2c47c5d</versionId>
        </processParameter>
        <processParameter name="vloga">
            <lastModified isNull="true" />
            <lastModifiedBy isNull="true" />
            <tenantId isNull="true" />
            <processParameterId>2055.99e8b12d-2715-4c04-8b7a-9a4ba033ae38</processParameterId>
            <processId>1.39189752-adbf-4957-b5dd-862349e14fa3</processId>
            <parameterType>1</parameterType>
            <isArrayOf>false</isArrayOf>
            <classId>/12.634308ba-40cc-42ae-949e-a44fe1af365e</classId>
            <seq>3</seq>
            <hasDefault>false</hasDefault>
            <defaultValue isNull="true" />
            <isLocked>false</isLocked>
            <description isNull="true" />
            <guid>664d1d9b-17ae-4c49-b300-3b16cb51b7c6</guid>
            <versionId>3e13b711-fec0-4eed-adf5-6f21de69f101</versionId>
        </processParameter>
        <processParameter name="spremembaPogoji">
            <lastModified isNull="true" />
            <lastModifiedBy isNull="true" />
            <tenantId isNull="true" />
            <processParameterId>2055.8b1e8787-c9af-4cfc-86ac-034841d04cdd</processParameterId>
            <processId>1.39189752-adbf-4957-b5dd-862349e14fa3</processId>
            <parameterType>1</parameterType>
            <isArrayOf>false</isArrayOf>
            <classId>34b0d65f-7524-4bdf-81fb-fcf6680322a1/12.83ff975e-8dbc-42e5-b738-fa8bc08274a2</classId>
            <seq>4</seq>
            <hasDefault>false</hasDefault>
            <defaultValue isNull="true" />
            <isLocked>false</isLocked>
            <description>true - Menjaju se samo pogoji financiranja i to je update u kreditnom predlogu&lt;div&gt;false - Menjaju se svi podaci preko dopolnitve portal&lt;/div&gt;</description>
            <guid>83411887-6a5f-41ae-ae3b-8600c21dcd44</guid>
            <versionId>04f3eba2-60cf-4569-a925-61b63234d9ef</versionId>
        </processParameter>
        <processParameter name="statRegijaStranke">
            <lastModified isNull="true" />
            <lastModifiedBy isNull="true" />
            <tenantId isNull="true" />
            <processParameterId>2055.5f64ca75-fd87-4d65-8522-d98fbfe8c24e</processParameterId>
            <processId>1.39189752-adbf-4957-b5dd-862349e14fa3</processId>
            <parameterType>1</parameterType>
            <isArrayOf>false</isArrayOf>
            <classId>34b0d65f-7524-4bdf-81fb-fcf6680322a1/12.db884a3c-c533-44b7-bb2d-47bec8ad4022</classId>
            <seq>5</seq>
            <hasDefault>false</hasDefault>
            <defaultValue isNull="true" />
            <isLocked>false</isLocked>
            <description isNull="true" />
            <guid>bb3cc41c-2192-4acc-87fd-d5fabef731d4</guid>
            <versionId>ffaa813e-2555-4058-a52e-89070a32796a</versionId>
        </processParameter>
        <processParameter name="idVlogaZaprKreditSOR">
            <lastModified isNull="true" />
            <lastModifiedBy isNull="true" />
            <tenantId isNull="true" />
            <processParameterId>2055.88a0f122-3b7e-4dba-ad95-fbdc45c626f0</processParameterId>
            <processId>1.39189752-adbf-4957-b5dd-862349e14fa3</processId>
            <parameterType>2</parameterType>
            <isArrayOf>false</isArrayOf>
            <classId>34b0d65f-7524-4bdf-81fb-fcf6680322a1/12.3fa0d7a0-828a-4d60-99cc-db5ed143fc2d</classId>
            <seq>6</seq>
            <hasDefault>false</hasDefault>
            <defaultValue isNull="true" />
            <isLocked>false</isLocked>
            <description isNull="true" />
            <guid>85c6e10d-b7a0-4857-baaf-eed730cc73a9</guid>
            <versionId>e65222fe-37fa-41d6-90b4-de8f6496c843</versionId>
        </processParameter>
        <processVariable name="parameters">
            <lastModified isNull="true" />
            <lastModifiedBy isNull="true" />
            <tenantId isNull="true" />
            <processVariableId>2056.6c3ada19-387e-4e53-904f-1e0a297bd507</processVariableId>
            <description isNull="true" />
            <processId>1.39189752-adbf-4957-b5dd-862349e14fa3</processId>
            <namespace>2</namespace>
            <seq>1</seq>
            <isArrayOf>true</isArrayOf>
            <isTransient>false</isTransient>
            <classId>34b0d65f-7524-4bdf-81fb-fcf6680322a1/12.f453f500-ca4e-4264-a371-72c1892e8b7c</classId>
            <hasDefault>false</hasDefault>
            <defaultValue isNull="true" />
            <guid>7e3c5d3c-99f4-4314-bcee-459c4985c4fb</guid>
            <versionId>e87261cf-ef5d-4124-a287-bca3b3f82ac7</versionId>
        </processVariable>
        <processVariable name="sql">
            <lastModified isNull="true" />
            <lastModifiedBy isNull="true" />
            <tenantId isNull="true" />
            <processVariableId>2056.f771f9f5-aff0-460a-b1e9-7a8dc719e034</processVariableId>
            <description isNull="true" />
            <processId>1.39189752-adbf-4957-b5dd-862349e14fa3</processId>
            <namespace>2</namespace>
            <seq>2</seq>
            <isArrayOf>false</isArrayOf>
            <isTransient>false</isTransient>
            <classId>34b0d65f-7524-4bdf-81fb-fcf6680322a1/12.db884a3c-c533-44b7-bb2d-47bec8ad4022</classId>
            <hasDefault>false</hasDefault>
            <defaultValue isNull="true" />
            <guid>af751f51-446d-4876-beb0-3add6697f91b</guid>
            <versionId>9a354fe0-bc78-4d48-8b0b-7e885f68b1e1</versionId>
        </processVariable>
        <processVariable name="results">
            <lastModified isNull="true" />
            <lastModifiedBy isNull="true" />
            <tenantId isNull="true" />
            <processVariableId>2056.6bd70d75-c607-45f9-8b01-6933487d494e</processVariableId>
            <description isNull="true" />
            <processId>1.39189752-adbf-4957-b5dd-862349e14fa3</processId>
            <namespace>2</namespace>
            <seq>3</seq>
            <isArrayOf>true</isArrayOf>
            <isTransient>false</isTransient>
            <classId>34b0d65f-7524-4bdf-81fb-fcf6680322a1/12.3b1e3757-a1f4-4c3f-bbb8-16fecd4d65c1</classId>
            <hasDefault>false</hasDefault>
            <defaultValue isNull="true" />
            <guid>a29188fa-4c0d-4cb2-997c-5a4b45e5c4a7</guid>
            <versionId>4ae8828b-ea1d-4857-811c-02a320d48a7a</versionId>
        </processVariable>
        <item>
            <lastModified isNull="true" />
            <lastModifiedBy isNull="true" />
            <tenantId isNull="true" />
            <processItemId>2025.ab017b61-f28c-4371-b6fc-33e5aa774fe7</processItemId>
            <processId>1.39189752-adbf-4957-b5dd-862349e14fa3</processId>
            <name>End</name>
            <tWComponentName>ExitPoint</tWComponentName>
            <tWComponentId>3008.3d9c53dc-87b2-4d13-be45-995e035cc9ed</tWComponentId>
            <isLogEnabled>false</isLogEnabled>
            <isTraceEnabled>false</isTraceEnabled>
            <traceCategory isNull="true" />
            <traceLevel isNull="true" />
            <traceMessage isNull="true" />
            <traceSymbolTable isNull="true" />
            <isExecutionContextTraced>false</isExecutionContextTraced>
            <saveExecutionContext>true</saveExecutionContext>
            <documentation isNull="true" />
            <isErrorHandlerEnabled>false</isErrorHandlerEnabled>
            <errorHandlerItemId isNull="true" />
            <guid>guid:a84ea2eeee47998d:-7a0fa062:1852c21a032:-d86</guid>
            <versionId>2f9c7781-9ae8-429d-924a-d320f7b1ef66</versionId>
            <externalServiceRef isNull="true" />
            <externalServiceOp isNull="true" />
            <nodeColor isNull="true" />
            <layoutData x="701" y="80">
                <errorLink>
                    <controlPoints />
                    <showEndState>false</showEndState>
                    <showName>false</showName>
                </errorLink>
            </layoutData>
            <TWComponent>
                <lastModified isNull="true" />
                <lastModifiedBy isNull="true" />
                <tenantId isNull="true" />
                <exitPointId>3008.3d9c53dc-87b2-4d13-be45-995e035cc9ed</exitPointId>
                <haltProcess>false</haltProcess>
                <guid>56c6b3c6-6dc4-4498-b1f3-6db108d697c1</guid>
                <versionId>842086b7-4291-4946-bc3b-b507b85dc73e</versionId>
            </TWComponent>
        </item>
        <item>
            <lastModified isNull="true" />
            <lastModifiedBy isNull="true" />
            <tenantId isNull="true" />
            <processItemId>2025.5e08eefe-b780-4b93-956f-eb985b427c38</processItemId>
            <processId>1.39189752-adbf-4957-b5dd-862349e14fa3</processId>
            <name>Izvedba SQL</name>
            <tWComponentName>SubProcess</tWComponentName>
            <tWComponentId>3012.49587105-d68d-4fea-8867-8a0026d2a5b5</tWComponentId>
            <isLogEnabled>false</isLogEnabled>
            <isTraceEnabled>false</isTraceEnabled>
            <traceCategory isNull="true" />
            <traceLevel isNull="true" />
            <traceMessage isNull="true" />
            <traceSymbolTable isNull="true" />
            <isExecutionContextTraced>false</isExecutionContextTraced>
            <saveExecutionContext>false</saveExecutionContext>
            <documentation isNull="true" />
            <isErrorHandlerEnabled>false</isErrorHandlerEnabled>
            <errorHandlerItemId isNull="true" />
            <guid>guid:a84ea2eeee47998d:-7a0fa062:1852c21a032:-d84</guid>
            <versionId>883dd85b-cd9f-4731-9bcb-fc2714dac025</versionId>
            <externalServiceRef isNull="true" />
            <externalServiceOp isNull="true" />
            <nodeColor isNull="true" />
            <processPrePosts>
                <lastModified isNull="true" />
                <lastModifiedBy isNull="true" />
                <tenantId isNull="true" />
                <processItemPrePostId>2029.5fdced7a-4125-4094-ae27-ff4119b0dacd</processItemPrePostId>
                <processItemId>2025.5e08eefe-b780-4b93-956f-eb985b427c38</processItemId>
                <location>2</location>
                <script isNull="true" />
                <guid>209d9ef7-42c1-41b1-9869-320f1772d378</guid>
                <versionId>770a8b53-b388-4bff-ad9b-27ad8397fef1</versionId>
            </processPrePosts>
            <processPrePosts>
                <lastModified isNull="true" />
                <lastModifiedBy isNull="true" />
                <tenantId isNull="true" />
                <processItemPrePostId>2029.1f621211-74b2-4e11-b7c6-a0406d249a09</processItemPrePostId>
                <processItemId>2025.5e08eefe-b780-4b93-956f-eb985b427c38</processItemId>
                <location>1</location>
                <script isNull="true" />
                <guid>c12e53c5-c0ce-4363-8094-465156aa0180</guid>
                <versionId>a11bad9c-0110-4e21-a446-1aa0ff2545e1</versionId>
            </processPrePosts>
            <layoutData x="338" y="57">
                <errorLink>
                    <controlPoints />
                    <showEndState>false</showEndState>
                    <showName>false</showName>
                </errorLink>
            </layoutData>
            <TWComponent>
                <lastModified isNull="true" />
                <lastModifiedBy isNull="true" />
                <tenantId isNull="true" />
                <subProcessId>3012.49587105-d68d-4fea-8867-8a0026d2a5b5</subProcessId>
                <attachedProcessRef>34b0d65f-7524-4bdf-81fb-fcf6680322a1/1.4e480adb-5741-4f5e-aead-27b3654e9cd2</attachedProcessRef>
                <guid>12f37420-ed79-4caf-8f3b-10f1634b40fc</guid>
                <versionId>7336552a-8ab3-4e8e-9ac5-4f8c39d8109b</versionId>
                <parameterMapping name="results">
                    <lastModified isNull="true" />
                    <lastModifiedBy isNull="true" />
                    <tenantId isNull="true" />
                    <parameterMappingId>2054.2312a1dd-fd33-4dd3-a665-ce81e39e578a</parameterMappingId>
                    <processParameterId>2055.976cdc78-9d8d-41d4-ae85-f6c9a50c6764</processParameterId>
                    <parameterMappingParentId>3012.49587105-d68d-4fea-8867-8a0026d2a5b5</parameterMappingParentId>
                    <useDefault>false</useDefault>
                    <value>tw.local.results</value>
                    <classRef>/12.3b1e3757-a1f4-4c3f-bbb8-16fecd4d65c1</classRef>
                    <isList>true</isList>
                    <isInput>false</isInput>
                    <mappingMode isNull="true" />
                    <sourcePath isNull="true" />
                    <targetPath isNull="true" />
                    <guid>4a36a5cf-4253-40a7-92df-5fc24b65d8c7</guid>
                    <versionId>70a21736-8b29-46c4-afe2-dca033a30f66</versionId>
                    <description isNull="true" />
                </parameterMapping>
                <parameterMapping name="dataSourceName">
                    <lastModified isNull="true" />
                    <lastModifiedBy isNull="true" />
                    <tenantId isNull="true" />
                    <parameterMappingId>2054.c2194c21-0ff3-4ff2-8927-16c1ba567f99</parameterMappingId>
                    <processParameterId>2055.81a41d09-a504-4a63-bdaa-a92bac26ad7e</processParameterId>
                    <parameterMappingParentId>3012.49587105-d68d-4fea-8867-8a0026d2a5b5</parameterMappingParentId>
                    <useDefault>false</useDefault>
                    <value>tw.env.SQL_VIR</value>
                    <classRef>/12.db884a3c-c533-44b7-bb2d-47bec8ad4022</classRef>
                    <isList>false</isList>
                    <isInput>true</isInput>
                    <mappingMode isNull="true" />
                    <sourcePath isNull="true" />
                    <targetPath isNull="true" />
                    <guid>2d6dc4e9-d9fe-4cb0-9ce5-26f28f703326</guid>
                    <versionId>70c51b2f-7a17-4c07-8abf-be41c0f0898f</versionId>
                    <description isNull="true" />
                </parameterMapping>
                <parameterMapping name="sql">
                    <lastModified isNull="true" />
                    <lastModifiedBy isNull="true" />
                    <tenantId isNull="true" />
                    <parameterMappingId>2054.7455f9d9-545e-4dd9-a247-d6310a2c0023</parameterMappingId>
                    <processParameterId>2055.25f5990f-9abf-4cf6-9101-497d43dee141</processParameterId>
                    <parameterMappingParentId>3012.49587105-d68d-4fea-8867-8a0026d2a5b5</parameterMappingParentId>
                    <useDefault>false</useDefault>
                    <value>tw.local.sql</value>
                    <classRef>/12.db884a3c-c533-44b7-bb2d-47bec8ad4022</classRef>
                    <isList>false</isList>
                    <isInput>true</isInput>
                    <mappingMode isNull="true" />
                    <sourcePath isNull="true" />
                    <targetPath isNull="true" />
                    <guid>d8def933-09bc-4756-9883-6ffa1b6442e3</guid>
                    <versionId>9b692bdf-926b-45c7-a3d5-38c136f563ee</versionId>
                    <description isNull="true" />
                </parameterMapping>
                <parameterMapping name="parameters">
                    <lastModified isNull="true" />
                    <lastModifiedBy isNull="true" />
                    <tenantId isNull="true" />
                    <parameterMappingId>2054.89f727b8-b963-4ede-bded-b177db8d4291</parameterMappingId>
                    <processParameterId>2055.8b844f2a-0a1f-4f12-b34b-e9fd5191dc43</processParameterId>
                    <parameterMappingParentId>3012.49587105-d68d-4fea-8867-8a0026d2a5b5</parameterMappingParentId>
                    <useDefault>false</useDefault>
                    <value>tw.local.parameters</value>
                    <classRef>/12.f453f500-ca4e-4264-a371-72c1892e8b7c</classRef>
                    <isList>true</isList>
                    <isInput>true</isInput>
                    <mappingMode isNull="true" />
                    <sourcePath isNull="true" />
                    <targetPath isNull="true" />
                    <guid>05f3ad47-25c1-4ba4-9e9d-73115c55c5df</guid>
                    <versionId>aab48e88-ca86-47f9-9da5-ef0ec9769d5f</versionId>
                    <description isNull="true" />
                </parameterMapping>
                <parameterMapping name="maxRows">
                    <lastModified isNull="true" />
                    <lastModifiedBy isNull="true" />
                    <tenantId isNull="true" />
                    <parameterMappingId>2054.424dfde2-58bf-43e0-b4e3-4002166fac80</parameterMappingId>
                    <processParameterId>2055.53ee0328-837f-427d-b0a1-0255f36f7e0c</processParameterId>
                    <parameterMappingParentId>3012.49587105-d68d-4fea-8867-8a0026d2a5b5</parameterMappingParentId>
                    <useDefault>false</useDefault>
                    <value>null</value>
                    <classRef>/12.3fa0d7a0-828a-4d60-99cc-db5ed143fc2d</classRef>
                    <isList>false</isList>
                    <isInput>true</isInput>
                    <mappingMode isNull="true" />
                    <sourcePath isNull="true" />
                    <targetPath isNull="true" />
                    <guid>7f5c2723-7015-442d-a4f5-a563101fe4d3</guid>
                    <versionId>ed30f7ad-960b-4317-9595-6a297926bb6f</versionId>
                    <description isNull="true" />
                </parameterMapping>
            </TWComponent>
        </item>
        <item>
            <lastModified isNull="true" />
            <lastModifiedBy isNull="true" />
            <tenantId isNull="true" />
            <processItemId>2025.e285151a-7180-464b-a54f-ac11d037f0d4</processItemId>
            <processId>1.39189752-adbf-4957-b5dd-862349e14fa3</processId>
            <name>SQL rezultati</name>
            <tWComponentName>Script</tWComponentName>
            <tWComponentId>3011.baba11f9-e25b-4916-be7c-82489d57dd3a</tWComponentId>
            <isLogEnabled>false</isLogEnabled>
            <isTraceEnabled>false</isTraceEnabled>
            <traceCategory isNull="true" />
            <traceLevel isNull="true" />
            <traceMessage isNull="true" />
            <traceSymbolTable isNull="true" />
            <isExecutionContextTraced>false</isExecutionContextTraced>
            <saveExecutionContext>false</saveExecutionContext>
            <documentation isNull="true" />
            <isErrorHandlerEnabled>false</isErrorHandlerEnabled>
            <errorHandlerItemId isNull="true" />
            <guid>guid:a84ea2eeee47998d:-7a0fa062:1852c21a032:-d87</guid>
            <versionId>c5948e0f-f221-43b4-b764-35cbe5b5bc22</versionId>
            <externalServiceRef isNull="true" />
            <externalServiceOp isNull="true" />
            <nodeColor isNull="true" />
            <layoutData x="505" y="57">
                <errorLink>
                    <controlPoints />
                    <showEndState>false</showEndState>
                    <showName>false</showName>
                </errorLink>
            </layoutData>
            <TWComponent>
                <lastModified isNull="true" />
                <lastModifiedBy isNull="true" />
                <tenantId isNull="true" />
                <scriptId>3011.baba11f9-e25b-4916-be7c-82489d57dd3a</scriptId>
                <scriptTypeId>2</scriptTypeId>
                <isActive>true</isActive>
                <script>if(!tw.local.idVlogaZaprKreditSOR){&#xD;
	if(tw.local.results[1].rows.listLength &gt; 0){&#xD;
		tw.local.idVlogaZaprKreditSOR = tw.local.results[1].rows[0].indexedMap.ID;&#xD;
	}else{&#xD;
		throw new Error("Unos podataka u tabelu dbo.VLOGA_ZAPROSENI_KREDIT nije uspešan.")&#xD;
	}&#xD;
}</script>
                <isRule>false</isRule>
                <guid>b7933dc0-3c13-4e4d-a970-549e092d366e</guid>
                <versionId>b06bb980-cebe-4122-b63d-a92c8babf724</versionId>
            </TWComponent>
        </item>
        <item>
            <lastModified isNull="true" />
            <lastModifiedBy isNull="true" />
            <tenantId isNull="true" />
            <processItemId>2025.642b60c9-a547-47be-90ff-937c72d77e7a</processItemId>
            <processId>1.39189752-adbf-4957-b5dd-862349e14fa3</processId>
            <name>Priprava SQL</name>
            <tWComponentName>Script</tWComponentName>
            <tWComponentId>3011.fbf0e132-7729-4a40-af6c-78912fa2f0e0</tWComponentId>
            <isLogEnabled>false</isLogEnabled>
            <isTraceEnabled>false</isTraceEnabled>
            <traceCategory isNull="true" />
            <traceLevel isNull="true" />
            <traceMessage isNull="true" />
            <traceSymbolTable isNull="true" />
            <isExecutionContextTraced>false</isExecutionContextTraced>
            <saveExecutionContext>false</saveExecutionContext>
            <documentation isNull="true" />
            <isErrorHandlerEnabled>false</isErrorHandlerEnabled>
            <errorHandlerItemId isNull="true" />
            <guid>guid:a84ea2eeee47998d:-7a0fa062:1852c21a032:-d85</guid>
            <versionId>c670cd80-4308-4afc-b32d-ba7aa7a3c3c6</versionId>
            <externalServiceRef isNull="true" />
            <externalServiceOp isNull="true" />
            <nodeColor isNull="true" />
            <layoutData x="145" y="57">
                <errorLink>
                    <controlPoints />
                    <showEndState>false</showEndState>
                    <showName>false</showName>
                </errorLink>
            </layoutData>
            <TWComponent>
                <lastModified isNull="true" />
                <lastModifiedBy isNull="true" />
                <tenantId isNull="true" />
                <scriptId>3011.fbf0e132-7729-4a40-af6c-78912fa2f0e0</scriptId>
                <scriptTypeId>2</scriptTypeId>
                <isActive>true</isActive>
                <script>if(!!tw.local.idVlogaZaprKreditSOR &amp;&amp; tw.local.spremembaPogoji){&#xD;
	tw.local.sql = "UPDATE dbo.VLOGA_ZAPROSEN_KREDIT SET \&#xD;
				    ZNESEK_KREDITA = ?,\&#xD;
				    ROCNOST_Z_MORATORIJEM = ?,\&#xD;
				    MORATORIJ_ODPLACILA_V_MESECIH = ?,\&#xD;
				    DATUM_SPREMEMBE = ?,\&#xD;
				    SISTEM_SPREMEMBE = ?,\&#xD;
				    UPORABNIK_SPREMEMBE = ? \&#xD;
			    WHERE ID_KREDIT = ?";&#xD;
	&#xD;
	tw.local.parameters = [];&#xD;
	newParameter("NUMERIC",tw.local.vloga.kreditniPredlog.pogojiFinanciranja.znesekKredita,true);//ZNESEK_KREDITA&#xD;
	newParameter("NUMERIC",tw.local.vloga.kreditniPredlog.pogojiFinanciranja.rocnostKreditaZMoratorijem,true);//ROCNOST_Z_MORATORIJEM&#xD;
	newParameter("NUMERIC",tw.local.vloga.kreditniPredlog.pogojiFinanciranja.moratorijOdplacilaVMesecih,true);//MORATORIJ_ODPLACILA_V_MESECIH&#xD;
	newParameter("TIMESTAMP",new TWDate());//DATUM_SPREMEMBE&#xD;
	newParameter("NUMERIC",tw.epv.SOREPVs.sistemKreiranja.valueAt(new TWDate()));//SISTEM_SPREMEMBE&#xD;
	newParameter("VARCHAR",tw.epv.SOREPVs.uporabnikKreiranja.valueAt(new TWDate()));//UPORABNIK_SPREMEMBE&#xD;
	newParameter("NUMERIC",tw.local.idVlogaZaprKreditSOR);//ID_KREDIT	&#xD;
}else if(!!tw.local.idVlogaZaprKreditSOR &amp;&amp; !tw.local.spremembaPogoji){&#xD;
	tw.local.sql = "UPDATE dbo.VLOGA_ZAPROSEN_KREDIT SET \&#xD;
				    ID_TIP_FINANCIRANJA = ?, \&#xD;
				    ID_VLOGA = ?, \&#xD;
				    ID_PRODUKT_VERZIJA = ?,\&#xD;
				    ZNESEK_KREDITA = ?,\&#xD;
				    ZNESEK_KREDITA_INICIJALNO = ?,\&#xD;
				    ID_VALUTA = ?,\&#xD;
				    ID_POGOSTOST_PLACIL_GLAVNICE = ?,\&#xD;
				    ROCNOST_Z_MORATORIJEM = ?,\&#xD;
				    ROCNOST_Z_MORATORIJEM_INICIJALNO = ?,\&#xD;
				    MORATORIJ_ODPLACILA_V_MESECIH = ?,\&#xD;
				    MORATOR_ODPLACILA_V_MESEC_INIC = ?,\&#xD;
				    ID_NACIN_CRPANJA = ?,\&#xD;
				    DATUM_PRVEGA_CRPANJA = ?,\&#xD;
				    SKRAJNI_ROK_CRPANJA = ?,\&#xD;
				    DELEZ_UPRAVICENIH_STROSKOV_ODS = ?,\&#xD;
				    ROK_PONUDBE_OBCINI = ?,\&#xD;
				    PREDVID_ROK_SKLENITVE_POGODBE = ?,\&#xD;
				    ZNESEK_MASE_PLAC_V2019 = ?,\&#xD;
				    KREDIT_ZARADI_COVID19 = ?,\&#xD;
				    STAT_REGIJA_STRANKE = ?,\&#xD;
				    ID_VRSTA_POSLA = ?,\&#xD;
			          POVP_SKUPNI_PROMET_TREH_LET = ?, \&#xD;
			          DVA_2_MAX_KREDIT_2_3_KOMISIJA = ?, \&#xD;
			          VISINA_STROSK_ENERGIJE_12_MES = ?, \&#xD;
			          DVA_4_MAX_KREDIT_2_3_KOMISIJA = ?, \&#xD;
			          DVA_5_MAX_KREDIT_2_3_KOMISIJA = ?, \&#xD;
			          DVA_6_MAX_KREDIT_2_1_KOMISIJA = ?, \&#xD;
				    DATUM_SPREMEMBE = ?,\&#xD;
				    SISTEM_SPREMEMBE = ?,\&#xD;
				    UPORABNIK_SPREMEMBE = ?, \&#xD;
				    JE_AKTIVEN = ? \&#xD;
			    WHERE ID_KREDIT = ?";&#xD;
	&#xD;
	tw.local.parameters = [];&#xD;
	newParameter("NUMERIC",tw.epv.TabelaSifrantiEPV.idTipFinanciranjaNF.valueAt(new TWDate()));//ID_TIP_FINANCIRANJA&#xD;
	newParameter("NUMERIC",tw.local.idVlogaSOR);//ID_VLOGA&#xD;
	newParameter("NUMERIC",tw.local.vloga.zaproseniKredit.produkt.idProduktVerzija);//ID_PRODUKT_VERZIJA&#xD;
	newParameter("NUMERIC",tw.local.vloga.kreditniPredlog.pogojiFinanciranja.znesekKredita,true);//ZNESEK_KREDITA&#xD;
	newParameter("NUMERIC",tw.local.vloga.zaproseniKredit.znesekKredita,true);//ZNESEK_KREDITA_INICIJALNO&#xD;
	newParameter("NUMERIC",tw.epv.TabelaSifrantiEPV.idValutaEUR.valueAt(new TWDate()));//ID_VALUTA&#xD;
	newParameter("NUMERIC",tw.local.vloga.zaproseniKredit.periodaOdplacevanjaGlav.id);//ID_POGOSTOST_PLACIL_GLAVNICE&#xD;
	newParameter("NUMERIC",tw.local.vloga.kreditniPredlog.pogojiFinanciranja.rocnostKreditaZMoratorijem,true);//ROCNOST_Z_MORATORIJEM&#xD;
	newParameter("NUMERIC",tw.local.vloga.zaproseniKredit.rocnostZMoratorijem);//ROCNOST_Z_MORATORIJEM_INICIJALNO&#xD;
	newParameter("NUMERIC",tw.local.vloga.kreditniPredlog.pogojiFinanciranja.moratorijOdplacilaVMesecih,true);//MORATORIJ_ODPLACILA_V_MESECIH&#xD;
	newParameter("NUMERIC",tw.local.vloga.zaproseniKredit.moratorijOdplacilaVMesecih,true);//MORATOR_ODPLACILA_V_MESEC_INIC&#xD;
	newParameter("NUMERIC",tw.local.vloga.zaproseniKredit.nacinCrpanja.id);//ID_NACIN_CRPANJA&#xD;
	newParameter("TIMESTAMP",tw.local.vloga.zaproseniKredit.datumPrvegaCrpanja);//DATUM_PRVEGA_CRPANJA&#xD;
	newParameter("TIMESTAMP",tw.local.vloga.zaproseniKredit.skrajsniRokCrpanja);//SKRAJNI_ROK_CRPANJA&#xD;
	newParameter("NUMERIC",tw.local.vloga.zaproseniKredit.delezUpravStroskovOdstotek);//DELEZ_UPRAVICENIH_STROSKOV_ODS&#xD;
	newParameter("TIMESTAMP",tw.local.vloga.zaproseniKredit.rokPonudbeObcini);//ROK_PONUDBE_OBCINI&#xD;
	newParameter("TIMESTAMP",tw.local.vloga.zaproseniKredit.rokSklenitvePogodbe);//PREDVID_ROK_SKLENITVE_POGODBE&#xD;
	newParameter("NUMERIC",tw.local.vloga.zaproseniKredit.znesekMasePlacV2019,true);//ZNESEK_MASE_PLAC_V2019&#xD;
	newParameter("NUMERIC",sidt.pridobiDaNeStringToInt(tw.local.vloga.zaproseniKredit.kreditZaradiCOVID19));//KREDIT_ZARADI_COVID19&#xD;
	newParameter("VARCHAR",tw.local.statRegijaStranke);//STAT_REGIJA_STRANKE&#xD;
	newParameter("VARCHAR",tw.local.vloga.dodatniPodatkiVloge.idVrstaPosla);//ID_VRSTA_POSLA&#xD;
	newParameter("NUMERIC",tw.local.vloga.zaproseniKredit.povprecniSkupniLetniPromet2_1,true);//POVP_SKUPNI_PROMET_TREH_LET&#xD;
	newParameter("NUMERIC",tw.local.vloga.zaproseniKredit.maxVisinaKredita2_2,true);//DVA_2_MAX_KREDIT_2_3_KOMISIJA&#xD;
	newParameter("NUMERIC",tw.local.vloga.zaproseniKredit.visinaStroskovEnergije2_3,true);//VISINA_STROSK_ENERGIJE_12_MES&#xD;
	newParameter("NUMERIC",tw.local.vloga.zaproseniKredit.maxVisinaKredita2_4,true);//DVA_4_MAX_KREDIT_2_3_KOMISIJA&#xD;
	newParameter("NUMERIC",tw.local.vloga.zaproseniKredit.maxVisinaKredita2_5,true);//DVA_5_MAX_KREDIT_2_3_KOMISIJA&#xD;
	newParameter("NUMERIC",tw.local.vloga.zaproseniKredit.maxVisinaKredita2_6,true);//DVA_6_MAX_KREDIT_2_1_KOMISIJA&#xD;
	newParameter("TIMESTAMP",new TWDate());//DATUM_SPREMEMBE&#xD;
	newParameter("NUMERIC",tw.epv.SOREPVs.sistemKreiranja.valueAt(new TWDate()));//SISTEM_SPREMEMBE&#xD;
	newParameter("VARCHAR",tw.epv.SOREPVs.uporabnikKreiranja.valueAt(new TWDate()));//UPORABNIK_SPREMEMBE&#xD;
	newParameter("NUMERIC",1);//JE_AKTIVEN&#xD;
	newParameter("NUMERIC",tw.local.idVlogaZaprKreditSOR);//ID_KREDIT&#xD;
}else{&#xD;
	tw.local.sql = "INSERT INTO dbo.VLOGA_ZAPROSEN_KREDIT (\&#xD;
				    ID_TIP_FINANCIRANJA,\&#xD;
				    ID_VLOGA,\&#xD;
				    ID_PRODUKT_VERZIJA,\&#xD;
				    ZNESEK_KREDITA,\&#xD;
				    ZNESEK_KREDITA_INICIJALNO,\&#xD;
				    ID_VALUTA,\&#xD;
				    ID_POGOSTOST_PLACIL_GLAVNICE,\&#xD;
				    ROCNOST_Z_MORATORIJEM,\&#xD;
				    ROCNOST_Z_MORATORIJEM_INICIJALNO,\&#xD;
				    MORATORIJ_ODPLACILA_V_MESECIH,\&#xD;
				    MORATOR_ODPLACILA_V_MESEC_INIC,\&#xD;
				    ID_NACIN_CRPANJA,\&#xD;
				    DATUM_PRVEGA_CRPANJA,\&#xD;
				    SKRAJNI_ROK_CRPANJA,\&#xD;
				    DELEZ_UPRAVICENIH_STROSKOV_ODS,\&#xD;
				    ROK_PONUDBE_OBCINI,\&#xD;
				    PREDVID_ROK_SKLENITVE_POGODBE,\&#xD;
				    ZNESEK_MASE_PLAC_V2019,\&#xD;
				    KREDIT_ZARADI_COVID19,\&#xD;
				    STAT_REGIJA_STRANKE,\&#xD;
				    POVP_SKUPNI_PROMET_TREH_LET, \&#xD;
			          DVA_2_MAX_KREDIT_2_3_KOMISIJA, \&#xD;
			          VISINA_STROSK_ENERGIJE_12_MES, \&#xD;
			          DVA_4_MAX_KREDIT_2_3_KOMISIJA, \&#xD;
			          DVA_5_MAX_KREDIT_2_3_KOMISIJA, \&#xD;
			          DVA_6_MAX_KREDIT_2_1_KOMISIJA, \&#xD;
				    DATUM_KREIRANJA,\&#xD;
				    SISTEM_KREIRANJA,\&#xD;
				    UPORABNIK_KREIRANJA,\&#xD;
				    JE_AKTIVEN) \&#xD;
			    VALUES (?,?,?,?,?,?,?,?,?,?,?,?,?,?,?,?,?,?,?,?,?,?,?,?,?,?,?,?,?,?) \&#xD;
			    SELECT SCOPE_IDENTITY() AS ID";&#xD;
	&#xD;
	tw.local.parameters = [];&#xD;
	newParameter("NUMERIC",tw.epv.TabelaSifrantiEPV.idTipFinanciranjaNF.valueAt(new TWDate()));//ID_TIP_FINANCIRANJA&#xD;
	newParameter("NUMERIC",tw.local.idVlogaSOR);//ID_VLOGA&#xD;
	newParameter("NUMERIC",tw.local.vloga.zaproseniKredit.produkt.idProduktVerzija);//ID_PRODUKT_VERZIJA&#xD;
	newParameter("NUMERIC",tw.local.vloga.kreditniPredlog.pogojiFinanciranja.znesekKredita,true);//ZNESEK_KREDITA&#xD;
	newParameter("NUMERIC",tw.local.vloga.zaproseniKredit.znesekKredita,true);//ZNESEK_KREDITA_INICIJALNO&#xD;
	newParameter("NUMERIC",tw.epv.TabelaSifrantiEPV.idValutaEUR.valueAt(new TWDate()));//ID_VALUTA&#xD;
	newParameter("NUMERIC",tw.local.vloga.zaproseniKredit.periodaOdplacevanjaGlav.id);//ID_POGOSTOST_PLACIL_GLAVNICE&#xD;
	newParameter("NUMERIC",tw.local.vloga.kreditniPredlog.pogojiFinanciranja.rocnostKreditaZMoratorijem,true);//ROCNOST_Z_MORATORIJEM&#xD;
	newParameter("NUMERIC",tw.local.vloga.zaproseniKredit.rocnostZMoratorijem,true);//ROCNOST_Z_MORATORIJEM_INICIJALNO&#xD;
	newParameter("NUMERIC",tw.local.vloga.kreditniPredlog.pogojiFinanciranja.moratorijOdplacilaVMesecih,true);//MORATORIJ_ODPLACILA_V_MESECIH&#xD;
	newParameter("NUMERIC",tw.local.vloga.zaproseniKredit.moratorijOdplacilaVMesecih,true);//MORATOR_ODPLACILA_V_MESEC_INIC&#xD;
	newParameter("NUMERIC",tw.local.vloga.zaproseniKredit.nacinCrpanja.id);//ID_NACIN_CRPANJA&#xD;
	newParameter("TIMESTAMP",tw.local.vloga.zaproseniKredit.datumPrvegaCrpanja);//DATUM_PRVEGA_CRPANJA&#xD;
	newParameter("TIMESTAMP",tw.local.vloga.zaproseniKredit.skrajsniRokCrpanja);//SKRAJNI_ROK_CRPANJA&#xD;
	newParameter("NUMERIC",tw.local.vloga.zaproseniKredit.delezUpravStroskovOdstotek,true);//DELEZ_UPRAVICENIH_STROSKOV_ODS&#xD;
	newParameter("TIMESTAMP",tw.local.vloga.zaproseniKredit.rokPonudbeObcini);//ROK_PONUDBE_OBCINI&#xD;
	newParameter("TIMESTAMP",tw.local.vloga.zaproseniKredit.rokSklenitvePogodbe);//PREDVID_ROK_SKLENITVE_POGODBE&#xD;
	newParameter("NUMERIC",tw.local.vloga.zaproseniKredit.znesekMasePlacV2019,true);//ZNESEK_MASE_PLAC_V2019&#xD;
	newParameter("NUMERIC",sidt.pridobiDaNeStringToInt(tw.local.vloga.zaproseniKredit.kreditZaradiCOVID19));//KREDIT_ZARADI_COVID19&#xD;
	newParameter("VARCHAR",tw.local.statRegijaStranke);//STAT_REGIJA_STRANKE&#xD;
	newParameter("NUMERIC",tw.local.vloga.zaproseniKredit.povprecniSkupniLetniPromet2_1,true);//POVP_SKUPNI_PROMET_TREH_LET&#xD;
	newParameter("NUMERIC",tw.local.vloga.zaproseniKredit.maxVisinaKredita2_2,true);//DVA_2_MAX_KREDIT_2_3_KOMISIJA&#xD;
	newParameter("NUMERIC",tw.local.vloga.zaproseniKredit.visinaStroskovEnergije2_3,true);//VISINA_STROSK_ENERGIJE_12_MES&#xD;
	newParameter("NUMERIC",tw.local.vloga.zaproseniKredit.maxVisinaKredita2_4,true);//DVA_4_MAX_KREDIT_2_3_KOMISIJA&#xD;
	newParameter("NUMERIC",tw.local.vloga.zaproseniKredit.maxVisinaKredita2_5,true);//DVA_5_MAX_KREDIT_2_3_KOMISIJA&#xD;
	newParameter("NUMERIC",tw.local.vloga.zaproseniKredit.maxVisinaKredita2_6,true);//DVA_6_MAX_KREDIT_2_1_KOMISIJA&#xD;
	newParameter("TIMESTAMP",new TWDate());//DATUM_KREIRANJA&#xD;
	newParameter("NUMERIC",tw.epv.SOREPVs.sistemKreiranja.valueAt(new TWDate()));//SISTEM_KREIRANJA&#xD;
	newParameter("VARCHAR",tw.epv.SOREPVs.uporabnikKreiranja.valueAt(new TWDate()));//UPORABNIK_KREIRANJA&#xD;
	newParameter("NUMERIC",1);//JE_AKTIVEN&#xD;
&#xD;
}&#xD;
&#xD;
&#xD;
function newParameter(type,value,zeroAllowed){&#xD;
	var parameter = new tw.object.SQLParameter();&#xD;
	parameter.mode = "IN";&#xD;
	parameter.type = type;&#xD;
	parameter.value = zeroAllowed?value:(value?value:null);&#xD;
	&#xD;
	tw.local.parameters.insertIntoList(tw.local.parameters.listLength, parameter);&#xD;
}</script>
                <isRule>false</isRule>
                <guid>1fb7217c-5c11-44cf-9e7b-00bef6ff6747</guid>
                <versionId>0f087ee9-006c-40c7-8a69-75a8850af9d2</versionId>
            </TWComponent>
        </item>
        <EPV_PROCESS_LINK>
            <lastModified isNull="true" />
            <lastModifiedBy isNull="true" />
            <tenantId isNull="true" />
            <epvProcessLinkId>2058.9b5de372-c89e-4cc2-aed1-e7ed5e0b3df5</epvProcessLinkId>
            <epvId>/21.94c78b90-3c48-425f-b641-f736c602440e</epvId>
            <processId>1.39189752-adbf-4957-b5dd-862349e14fa3</processId>
            <guid>6c890e41-05b9-418a-a313-9bb8b1b6ceee</guid>
            <versionId>27cf9a0e-9775-4740-8a65-38d570378088</versionId>
        </EPV_PROCESS_LINK>
        <EPV_PROCESS_LINK>
            <lastModified isNull="true" />
            <lastModifiedBy isNull="true" />
            <tenantId isNull="true" />
            <epvProcessLinkId>2058.4b61725c-1559-4481-bad8-2590c148e306</epvProcessLinkId>
            <epvId>/21.c56aa906-f64d-47a1-8b56-1f82535d412e</epvId>
            <processId>1.39189752-adbf-4957-b5dd-862349e14fa3</processId>
            <guid>fd307840-edf9-475f-8912-a560b8a9af80</guid>
            <versionId>61ed51de-bd4a-4a66-8253-199e72e5c56b</versionId>
        </EPV_PROCESS_LINK>
        <startingProcessItemId>2025.642b60c9-a547-47be-90ff-937c72d77e7a</startingProcessItemId>
        <errorHandlerItemId isNull="true" />
        <layoutData noConversion="true">
            <errorLink>
                <controlPoints />
                <showEndState>false</showEndState>
                <showName>false</showName>
            </errorLink>
        </layoutData>
        <startPoint>
            <layoutData x="25" y="80">
                <errorLink>
                    <controlPoints />
                    <showEndState>false</showEndState>
                    <showName>false</showName>
                </errorLink>
            </layoutData>
        </startPoint>
        <startLink>
            <fromPort locationId="rightCenter" portType="1" />
            <toPort locationId="leftCenter" portType="2" />
            <layoutData>
                <controlPoints />
                <showEndState>false</showEndState>
                <showName>false</showName>
            </layoutData>
        </startLink>
        <bpmn2Model>
            <ns16:definitions xmlns:ns16="http://www.omg.org/spec/BPMN/20100524/MODEL" xmlns:ns2="http://www.ibm.com/xmlns/prod/bpm/bpmn/ext/trackinggroup" xmlns:ns3="http://www.ibm.com/xmlns/prod/bpm/bpmn/ext/process" xmlns:ns4="http://www.ibm.com/xmlns/prod/bpm/bpmn/ext/process/wle" xmlns:ns5="http://www.ibm.com/xmlns/prod/bpm/bpmn/ext/process/case" xmlns:ns6="http://www.ibm.com/bpm/Extensions" xmlns:ns7="http://www.ibm.com/xmlns/prod/bpm/uca" xmlns:ns8="http://www.ibm.com/xmlns/prod/bpm/bpmn/ext/team" xmlns:ns9="http://www.ibm.com/xmlns/bpmnx/20100524/v1/BusinessVocabulary" xmlns:ns10="http://www.omg.org/spec/DD/20100524/DI" xmlns:ns11="http://www.omg.org/spec/DD/20100524/DC" xmlns:ns12="http://www.omg.org/spec/BPMN/20100524/BPMNDI" xmlns:ns13="http://www.ibm.com/xmlns/prod/bpm/graph" xmlns:ns14="http://www.ibm.com/xmlns/prod/bpm/bpmn/ext/process/auth" xmlns:ns15="http://www.ibm.com/xmlns/prod/bpm/bpmn/ext/extservice" xmlns:ns17="http://www.ibm.com/bpm/processappsettings" xmlns:ns18="http://www.ibm.com/xmlns/links" xmlns:ns19="http://www.ibm.com/bpm/CoachDesignerNG" xmlns:ns20="http://www.ibm.com/xmlns/tagging" xmlns:ns21="http://www.ibm.com/bpm/uitheme" xmlns:ns22="http://www.ibm.com/bpm/coachview" targetNamespace="" expressionLanguage="http://www.ibm.com/xmlns/prod/bpm/expression-lang/javascript" typeLanguage="http://www.w3.org/2001/XMLSchema">
                <ns16:process name="SOR Vloga Zaproseni Kredit SF" id="1.39189752-adbf-4957-b5dd-862349e14fa3" ns3:executionMode="microflow">
                    <ns16:documentation textFormat="text/plain" />
                    <ns16:extensionElements>
                        <ns3:isSecured>true</ns3:isSecured>
                        <ns3:isAjaxExposed>true</ns3:isAjaxExposed>
                        <ns3:sboSyncEnabled>true</ns3:sboSyncEnabled>
                    </ns16:extensionElements>
                    <ns16:ioSpecification>
                        <ns16:extensionElements>
                            <ns3:epvProcessLinks>
                                <ns3:epvProcessLinkRef epvId="21.94c78b90-3c48-425f-b641-f736c602440e" epvProcessLinkId="1a539618-7fe0-4514-8cfd-9392e641f781" />
                                <ns3:epvProcessLinkRef epvId="21.c56aa906-f64d-47a1-8b56-1f82535d412e" epvProcessLinkId="606d3015-41a6-4041-85a2-d068d60d3d04" />
                            </ns3:epvProcessLinks>
                        </ns16:extensionElements>
                        <ns16:dataInput name="idVlogaZaprKreditSOR" itemSubjectRef="itm.12.3fa0d7a0-828a-4d60-99cc-db5ed143fc2d" isCollection="false" id="2055.b0aa2685-0035-4b7c-bb23-22a9880488d2" />
                        <ns16:dataInput name="idVlogaSOR" itemSubjectRef="itm.12.3fa0d7a0-828a-4d60-99cc-db5ed143fc2d" isCollection="false" id="2055.05d4304d-47c9-463e-8259-5320fe8418d6" />
                        <ns16:dataInput name="vloga" itemSubjectRef="itm.12.634308ba-40cc-42ae-949e-a44fe1af365e" isCollection="false" id="2055.99e8b12d-2715-4c04-8b7a-9a4ba033ae38" />
                        <ns16:dataInput name="spremembaPogoji" itemSubjectRef="itm.12.83ff975e-8dbc-42e5-b738-fa8bc08274a2" isCollection="false" id="2055.8b1e8787-c9af-4cfc-86ac-034841d04cdd">
                            <ns16:documentation textFormat="text/plain">true - Menjaju se samo pogoji financiranja i to je update u kreditnom predlogu&lt;div&gt;false - Menjaju se svi podaci preko dopolnitve portal&lt;/div&gt;</ns16:documentation>
                        </ns16:dataInput>
                        <ns16:dataInput name="statRegijaStranke" itemSubjectRef="itm.12.db884a3c-c533-44b7-bb2d-47bec8ad4022" isCollection="false" id="2055.5f64ca75-fd87-4d65-8522-d98fbfe8c24e" />
                        <ns16:dataOutput name="idVlogaZaprKreditSOR" itemSubjectRef="itm.12.3fa0d7a0-828a-4d60-99cc-db5ed143fc2d" isCollection="false" id="2055.88a0f122-3b7e-4dba-ad95-fbdc45c626f0" />
                        <ns16:inputSet>
                            <ns16:dataInputRefs>2055.b0aa2685-0035-4b7c-bb23-22a9880488d2</ns16:dataInputRefs>
                            <ns16:dataInputRefs>2055.05d4304d-47c9-463e-8259-5320fe8418d6</ns16:dataInputRefs>
                            <ns16:dataInputRefs>2055.99e8b12d-2715-4c04-8b7a-9a4ba033ae38</ns16:dataInputRefs>
                            <ns16:dataInputRefs>2055.8b1e8787-c9af-4cfc-86ac-034841d04cdd</ns16:dataInputRefs>
                            <ns16:dataInputRefs>2055.5f64ca75-fd87-4d65-8522-d98fbfe8c24e</ns16:dataInputRefs>
                        </ns16:inputSet>
                        <ns16:outputSet>
                            <ns16:dataOutputRefs>2055.88a0f122-3b7e-4dba-ad95-fbdc45c626f0</ns16:dataOutputRefs>
                        </ns16:outputSet>
                    </ns16:ioSpecification>
                    <ns16:laneSet id="6b189419-6267-4528-878f-635f08287538">
                        <ns16:lane name="System" partitionElementRef="24.6fd38d02-81cf-48ab-bd42-8ff4c0a1628b" id="6d0824da-57c8-4187-8920-4ed0e31e0ba6" ns4:isSystemLane="true">
                            <ns16:extensionElements>
                                <ns13:nodeVisualInfo x="0" y="0" width="3000" height="500" color="#F8F8F8" />
                            </ns16:extensionElements>
                            <ns16:flowNodeRef>58c9d85b-14d1-4ae8-9c0c-b23f7f11ab39</ns16:flowNodeRef>
                            <ns16:flowNodeRef>ab017b61-f28c-4371-b6fc-33e5aa774fe7</ns16:flowNodeRef>
                            <ns16:flowNodeRef>5e08eefe-b780-4b93-956f-eb985b427c38</ns16:flowNodeRef>
                            <ns16:flowNodeRef>642b60c9-a547-47be-90ff-937c72d77e7a</ns16:flowNodeRef>
                            <ns16:flowNodeRef>e285151a-7180-464b-a54f-ac11d037f0d4</ns16:flowNodeRef>
                        </ns16:lane>
                    </ns16:laneSet>
                    <ns16:startEvent isInterrupting="false" parallelMultiple="false" name="Start" id="58c9d85b-14d1-4ae8-9c0c-b23f7f11ab39">
                        <ns16:extensionElements>
                            <ns13:nodeVisualInfo x="25" y="80" width="24" height="24" color="#F8F8F8" />
                        </ns16:extensionElements>
                        <ns16:outgoing>2027.2b7e4d4c-7512-4368-916d-ceac0c0524dc</ns16:outgoing>
                    </ns16:startEvent>
                    <ns16:endEvent name="End" id="ab017b61-f28c-4371-b6fc-33e5aa774fe7">
                        <ns16:extensionElements>
                            <ns13:nodeVisualInfo x="701" y="80" width="24" height="24" color="#F8F8F8" />
                            <ns4:saveExecutionContext>true</ns4:saveExecutionContext>
                            <ns3:endStateId>guid:a84ea2eeee47998d:-7a0fa062:1852c21a032:-d86</ns3:endStateId>
                        </ns16:extensionElements>
                        <ns16:incoming>82c815ce-8021-4fd3-94c4-7f060bc3cbd6</ns16:incoming>
                    </ns16:endEvent>
                    <ns16:sequenceFlow sourceRef="58c9d85b-14d1-4ae8-9c0c-b23f7f11ab39" targetRef="642b60c9-a547-47be-90ff-937c72d77e7a" name="To Priprava SQL" id="2027.2b7e4d4c-7512-4368-916d-ceac0c0524dc">
                        <ns16:extensionElements>
                            <ns13:linkVisualInfo>
                                <ns13:sourcePortLocation>rightCenter</ns13:sourcePortLocation>
                                <ns13:targetPortLocation>leftCenter</ns13:targetPortLocation>
                                <ns13:showLabel>false</ns13:showLabel>
                                <ns13:showCoachControlLabel>false</ns13:showCoachControlLabel>
                                <ns13:labelPosition>0.0</ns13:labelPosition>
                                <ns13:saveExecutionContext>false</ns13:saveExecutionContext>
                            </ns13:linkVisualInfo>
                        </ns16:extensionElements>
                    </ns16:sequenceFlow>
                    <ns16:callActivity calledElement="1.4e480adb-5741-4f5e-aead-27b3654e9cd2" isForCompensation="false" startQuantity="1" completionQuantity="1" name="Izvedba SQL" id="5e08eefe-b780-4b93-956f-eb985b427c38">
                        <ns16:extensionElements>
                            <ns13:nodeVisualInfo x="338" y="57" width="95" height="70" />
                            <ns4:activityType>CalledProcess</ns4:activityType>
                            <ns3:preAssignmentScript />
                            <ns3:postAssignmentScript />
                        </ns16:extensionElements>
                        <ns16:incoming>72f5e6f3-347b-4f46-bc12-168dc1b01bc0</ns16:incoming>
                        <ns16:outgoing>78a41db8-cfcc-43a2-a4a6-f74f3112f61f</ns16:outgoing>
                        <ns16:dataInputAssociation>
                            <ns16:targetRef>2055.25f5990f-9abf-4cf6-9101-497d43dee141</ns16:targetRef>
                            <ns16:assignment>
                                <ns16:from xmlns:xsi="http://www.w3.org/2001/XMLSchema-instance" xsi:type="ns16:tFormalExpression" evaluatesToTypeRef="itm.12.db884a3c-c533-44b7-bb2d-47bec8ad4022">tw.local.sql</ns16:from>
                            </ns16:assignment>
                        </ns16:dataInputAssociation>
                        <ns16:dataInputAssociation>
                            <ns16:targetRef>2055.8b844f2a-0a1f-4f12-b34b-e9fd5191dc43</ns16:targetRef>
                            <ns16:assignment>
                                <ns16:from xmlns:xsi="http://www.w3.org/2001/XMLSchema-instance" xsi:type="ns16:tFormalExpression" evaluatesToTypeRef="itm.12.f453f500-ca4e-4264-a371-72c1892e8b7c">tw.local.parameters</ns16:from>
                            </ns16:assignment>
                        </ns16:dataInputAssociation>
                        <ns16:dataInputAssociation>
                            <ns16:targetRef>2055.81a41d09-a504-4a63-bdaa-a92bac26ad7e</ns16:targetRef>
                            <ns16:assignment>
                                <ns16:from xmlns:xsi="http://www.w3.org/2001/XMLSchema-instance" xsi:type="ns16:tFormalExpression" evaluatesToTypeRef="itm.12.c09c9b6e-aabd-4897-bef2-ed61db106297">tw.env.SQL_VIR</ns16:from>
                            </ns16:assignment>
                        </ns16:dataInputAssociation>
                        <ns16:dataInputAssociation>
                            <ns16:targetRef>2055.53ee0328-837f-427d-b0a1-0255f36f7e0c</ns16:targetRef>
                            <ns16:assignment>
                                <ns16:from xmlns:xsi="http://www.w3.org/2001/XMLSchema-instance" xsi:type="ns16:tFormalExpression" evaluatesToTypeRef="itm.12.c09c9b6e-aabd-4897-bef2-ed61db106297">null</ns16:from>
                            </ns16:assignment>
                        </ns16:dataInputAssociation>
                        <ns16:dataOutputAssociation>
                            <ns16:sourceRef>2055.976cdc78-9d8d-41d4-ae85-f6c9a50c6764</ns16:sourceRef>
                            <ns16:assignment>
                                <ns16:to xmlns:xsi="http://www.w3.org/2001/XMLSchema-instance" xsi:type="ns16:tFormalExpression" evaluatesToTypeRef="itm.12.3b1e3757-a1f4-4c3f-bbb8-16fecd4d65c1">tw.local.results</ns16:to>
                            </ns16:assignment>
                        </ns16:dataOutputAssociation>
                    </ns16:callActivity>
                    <ns16:sequenceFlow sourceRef="5e08eefe-b780-4b93-956f-eb985b427c38" targetRef="e285151a-7180-464b-a54f-ac11d037f0d4" name="To SQL rezultati" id="78a41db8-cfcc-43a2-a4a6-f74f3112f61f">
                        <ns16:extensionElements>
                            <ns3:sequenceFlowImplementation sboSyncEnabled="true" />
                            <ns3:endStateId>guid:d7766b7587753602:16bdf27c:11586c10093:-7fe7</ns3:endStateId>
                            <ns13:linkVisualInfo>
                                <ns13:sourcePortLocation>rightCenter</ns13:sourcePortLocation>
                                <ns13:targetPortLocation>leftCenter</ns13:targetPortLocation>
                                <ns13:showLabel>false</ns13:showLabel>
                                <ns13:showCoachControlLabel>false</ns13:showCoachControlLabel>
                                <ns13:labelPosition>0.0</ns13:labelPosition>
                                <ns13:saveExecutionContext>true</ns13:saveExecutionContext>
                            </ns13:linkVisualInfo>
                        </ns16:extensionElements>
                    </ns16:sequenceFlow>
                    <ns16:scriptTask scriptFormat="text/x-javascript" name="Priprava SQL" id="642b60c9-a547-47be-90ff-937c72d77e7a">
                        <ns16:extensionElements>
                            <ns13:nodeVisualInfo x="145" y="57" width="95" height="70" />
                        </ns16:extensionElements>
                        <ns16:incoming>2027.2b7e4d4c-7512-4368-916d-ceac0c0524dc</ns16:incoming>
                        <ns16:outgoing>72f5e6f3-347b-4f46-bc12-168dc1b01bc0</ns16:outgoing>
                        <ns16:script>if(!!tw.local.idVlogaZaprKreditSOR &amp;&amp; tw.local.spremembaPogoji){&#xD;
	tw.local.sql = "UPDATE dbo.VLOGA_ZAPROSEN_KREDIT SET \&#xD;
				    ZNESEK_KREDITA = ?,\&#xD;
				    ROCNOST_Z_MORATORIJEM = ?,\&#xD;
				    MORATORIJ_ODPLACILA_V_MESECIH = ?,\&#xD;
				    DATUM_SPREMEMBE = ?,\&#xD;
				    SISTEM_SPREMEMBE = ?,\&#xD;
				    UPORABNIK_SPREMEMBE = ? \&#xD;
			    WHERE ID_KREDIT = ?";&#xD;
	&#xD;
	tw.local.parameters = [];&#xD;
	newParameter("NUMERIC",tw.local.vloga.kreditniPredlog.pogojiFinanciranja.znesekKredita,true);//ZNESEK_KREDITA&#xD;
	newParameter("NUMERIC",tw.local.vloga.kreditniPredlog.pogojiFinanciranja.rocnostKreditaZMoratorijem,true);//ROCNOST_Z_MORATORIJEM&#xD;
	newParameter("NUMERIC",tw.local.vloga.kreditniPredlog.pogojiFinanciranja.moratorijOdplacilaVMesecih,true);//MORATORIJ_ODPLACILA_V_MESECIH&#xD;
	newParameter("TIMESTAMP",new TWDate());//DATUM_SPREMEMBE&#xD;
	newParameter("NUMERIC",tw.epv.SOREPVs.sistemKreiranja.valueAt(new TWDate()));//SISTEM_SPREMEMBE&#xD;
	newParameter("VARCHAR",tw.epv.SOREPVs.uporabnikKreiranja.valueAt(new TWDate()));//UPORABNIK_SPREMEMBE&#xD;
	newParameter("NUMERIC",tw.local.idVlogaZaprKreditSOR);//ID_KREDIT	&#xD;
}else if(!!tw.local.idVlogaZaprKreditSOR &amp;&amp; !tw.local.spremembaPogoji){&#xD;
	tw.local.sql = "UPDATE dbo.VLOGA_ZAPROSEN_KREDIT SET \&#xD;
				    ID_TIP_FINANCIRANJA = ?, \&#xD;
				    ID_VLOGA = ?, \&#xD;
				    ID_PRODUKT_VERZIJA = ?,\&#xD;
				    ZNESEK_KREDITA = ?,\&#xD;
				    ZNESEK_KREDITA_INICIJALNO = ?,\&#xD;
				    ID_VALUTA = ?,\&#xD;
				    ID_POGOSTOST_PLACIL_GLAVNICE = ?,\&#xD;
				    ROCNOST_Z_MORATORIJEM = ?,\&#xD;
				    ROCNOST_Z_MORATORIJEM_INICIJALNO = ?,\&#xD;
				    MORATORIJ_ODPLACILA_V_MESECIH = ?,\&#xD;
				    MORATOR_ODPLACILA_V_MESEC_INIC = ?,\&#xD;
				    ID_NACIN_CRPANJA = ?,\&#xD;
				    DATUM_PRVEGA_CRPANJA = ?,\&#xD;
				    SKRAJNI_ROK_CRPANJA = ?,\&#xD;
				    DELEZ_UPRAVICENIH_STROSKOV_ODS = ?,\&#xD;
				    ROK_PONUDBE_OBCINI = ?,\&#xD;
				    PREDVID_ROK_SKLENITVE_POGODBE = ?,\&#xD;
				    ZNESEK_MASE_PLAC_V2019 = ?,\&#xD;
				    KREDIT_ZARADI_COVID19 = ?,\&#xD;
				    STAT_REGIJA_STRANKE = ?,\&#xD;
				    ID_VRSTA_POSLA = ?,\&#xD;
			          POVP_SKUPNI_PROMET_TREH_LET = ?, \&#xD;
			          DVA_2_MAX_KREDIT_2_3_KOMISIJA = ?, \&#xD;
			          VISINA_STROSK_ENERGIJE_12_MES = ?, \&#xD;
			          DVA_4_MAX_KREDIT_2_3_KOMISIJA = ?, \&#xD;
			          DVA_5_MAX_KREDIT_2_3_KOMISIJA = ?, \&#xD;
			          DVA_6_MAX_KREDIT_2_1_KOMISIJA = ?, \&#xD;
				    DATUM_SPREMEMBE = ?,\&#xD;
				    SISTEM_SPREMEMBE = ?,\&#xD;
				    UPORABNIK_SPREMEMBE = ?, \&#xD;
				    JE_AKTIVEN = ? \&#xD;
			    WHERE ID_KREDIT = ?";&#xD;
	&#xD;
	tw.local.parameters = [];&#xD;
	newParameter("NUMERIC",tw.epv.TabelaSifrantiEPV.idTipFinanciranjaNF.valueAt(new TWDate()));//ID_TIP_FINANCIRANJA&#xD;
	newParameter("NUMERIC",tw.local.idVlogaSOR);//ID_VLOGA&#xD;
	newParameter("NUMERIC",tw.local.vloga.zaproseniKredit.produkt.idProduktVerzija);//ID_PRODUKT_VERZIJA&#xD;
	newParameter("NUMERIC",tw.local.vloga.kreditniPredlog.pogojiFinanciranja.znesekKredita,true);//ZNESEK_KREDITA&#xD;
	newParameter("NUMERIC",tw.local.vloga.zaproseniKredit.znesekKredita,true);//ZNESEK_KREDITA_INICIJALNO&#xD;
	newParameter("NUMERIC",tw.epv.TabelaSifrantiEPV.idValutaEUR.valueAt(new TWDate()));//ID_VALUTA&#xD;
	newParameter("NUMERIC",tw.local.vloga.zaproseniKredit.periodaOdplacevanjaGlav.id);//ID_POGOSTOST_PLACIL_GLAVNICE&#xD;
	newParameter("NUMERIC",tw.local.vloga.kreditniPredlog.pogojiFinanciranja.rocnostKreditaZMoratorijem,true);//ROCNOST_Z_MORATORIJEM&#xD;
	newParameter("NUMERIC",tw.local.vloga.zaproseniKredit.rocnostZMoratorijem);//ROCNOST_Z_MORATORIJEM_INICIJALNO&#xD;
	newParameter("NUMERIC",tw.local.vloga.kreditniPredlog.pogojiFinanciranja.moratorijOdplacilaVMesecih,true);//MORATORIJ_ODPLACILA_V_MESECIH&#xD;
	newParameter("NUMERIC",tw.local.vloga.zaproseniKredit.moratorijOdplacilaVMesecih,true);//MORATOR_ODPLACILA_V_MESEC_INIC&#xD;
	newParameter("NUMERIC",tw.local.vloga.zaproseniKredit.nacinCrpanja.id);//ID_NACIN_CRPANJA&#xD;
	newParameter("TIMESTAMP",tw.local.vloga.zaproseniKredit.datumPrvegaCrpanja);//DATUM_PRVEGA_CRPANJA&#xD;
	newParameter("TIMESTAMP",tw.local.vloga.zaproseniKredit.skrajsniRokCrpanja);//SKRAJNI_ROK_CRPANJA&#xD;
	newParameter("NUMERIC",tw.local.vloga.zaproseniKredit.delezUpravStroskovOdstotek);//DELEZ_UPRAVICENIH_STROSKOV_ODS&#xD;
	newParameter("TIMESTAMP",tw.local.vloga.zaproseniKredit.rokPonudbeObcini);//ROK_PONUDBE_OBCINI&#xD;
	newParameter("TIMESTAMP",tw.local.vloga.zaproseniKredit.rokSklenitvePogodbe);//PREDVID_ROK_SKLENITVE_POGODBE&#xD;
	newParameter("NUMERIC",tw.local.vloga.zaproseniKredit.znesekMasePlacV2019,true);//ZNESEK_MASE_PLAC_V2019&#xD;
	newParameter("NUMERIC",sidt.pridobiDaNeStringToInt(tw.local.vloga.zaproseniKredit.kreditZaradiCOVID19));//KREDIT_ZARADI_COVID19&#xD;
	newParameter("VARCHAR",tw.local.statRegijaStranke);//STAT_REGIJA_STRANKE&#xD;
	newParameter("VARCHAR",tw.local.vloga.dodatniPodatkiVloge.idVrstaPosla);//ID_VRSTA_POSLA&#xD;
	newParameter("NUMERIC",tw.local.vloga.zaproseniKredit.povprecniSkupniLetniPromet2_1,true);//POVP_SKUPNI_PROMET_TREH_LET&#xD;
	newParameter("NUMERIC",tw.local.vloga.zaproseniKredit.maxVisinaKredita2_2,true);//DVA_2_MAX_KREDIT_2_3_KOMISIJA&#xD;
	newParameter("NUMERIC",tw.local.vloga.zaproseniKredit.visinaStroskovEnergije2_3,true);//VISINA_STROSK_ENERGIJE_12_MES&#xD;
	newParameter("NUMERIC",tw.local.vloga.zaproseniKredit.maxVisinaKredita2_4,true);//DVA_4_MAX_KREDIT_2_3_KOMISIJA&#xD;
	newParameter("NUMERIC",tw.local.vloga.zaproseniKredit.maxVisinaKredita2_5,true);//DVA_5_MAX_KREDIT_2_3_KOMISIJA&#xD;
	newParameter("NUMERIC",tw.local.vloga.zaproseniKredit.maxVisinaKredita2_6,true);//DVA_6_MAX_KREDIT_2_1_KOMISIJA&#xD;
	newParameter("TIMESTAMP",new TWDate());//DATUM_SPREMEMBE&#xD;
	newParameter("NUMERIC",tw.epv.SOREPVs.sistemKreiranja.valueAt(new TWDate()));//SISTEM_SPREMEMBE&#xD;
	newParameter("VARCHAR",tw.epv.SOREPVs.uporabnikKreiranja.valueAt(new TWDate()));//UPORABNIK_SPREMEMBE&#xD;
	newParameter("NUMERIC",1);//JE_AKTIVEN&#xD;
	newParameter("NUMERIC",tw.local.idVlogaZaprKreditSOR);//ID_KREDIT&#xD;
}else{&#xD;
	tw.local.sql = "INSERT INTO dbo.VLOGA_ZAPROSEN_KREDIT (\&#xD;
				    ID_TIP_FINANCIRANJA,\&#xD;
				    ID_VLOGA,\&#xD;
				    ID_PRODUKT_VERZIJA,\&#xD;
				    ZNESEK_KREDITA,\&#xD;
				    ZNESEK_KREDITA_INICIJALNO,\&#xD;
				    ID_VALUTA,\&#xD;
				    ID_POGOSTOST_PLACIL_GLAVNICE,\&#xD;
				    ROCNOST_Z_MORATORIJEM,\&#xD;
				    ROCNOST_Z_MORATORIJEM_INICIJALNO,\&#xD;
				    MORATORIJ_ODPLACILA_V_MESECIH,\&#xD;
				    MORATOR_ODPLACILA_V_MESEC_INIC,\&#xD;
				    ID_NACIN_CRPANJA,\&#xD;
				    DATUM_PRVEGA_CRPANJA,\&#xD;
				    SKRAJNI_ROK_CRPANJA,\&#xD;
				    DELEZ_UPRAVICENIH_STROSKOV_ODS,\&#xD;
				    ROK_PONUDBE_OBCINI,\&#xD;
				    PREDVID_ROK_SKLENITVE_POGODBE,\&#xD;
				    ZNESEK_MASE_PLAC_V2019,\&#xD;
				    KREDIT_ZARADI_COVID19,\&#xD;
				    STAT_REGIJA_STRANKE,\&#xD;
				    POVP_SKUPNI_PROMET_TREH_LET, \&#xD;
			          DVA_2_MAX_KREDIT_2_3_KOMISIJA, \&#xD;
			          VISINA_STROSK_ENERGIJE_12_MES, \&#xD;
			          DVA_4_MAX_KREDIT_2_3_KOMISIJA, \&#xD;
			          DVA_5_MAX_KREDIT_2_3_KOMISIJA, \&#xD;
			          DVA_6_MAX_KREDIT_2_1_KOMISIJA, \&#xD;
				    DATUM_KREIRANJA,\&#xD;
				    SISTEM_KREIRANJA,\&#xD;
				    UPORABNIK_KREIRANJA,\&#xD;
				    JE_AKTIVEN) \&#xD;
			    VALUES (?,?,?,?,?,?,?,?,?,?,?,?,?,?,?,?,?,?,?,?,?,?,?,?,?,?,?,?,?,?) \&#xD;
			    SELECT SCOPE_IDENTITY() AS ID";&#xD;
	&#xD;
	tw.local.parameters = [];&#xD;
	newParameter("NUMERIC",tw.epv.TabelaSifrantiEPV.idTipFinanciranjaNF.valueAt(new TWDate()));//ID_TIP_FINANCIRANJA&#xD;
	newParameter("NUMERIC",tw.local.idVlogaSOR);//ID_VLOGA&#xD;
	newParameter("NUMERIC",tw.local.vloga.zaproseniKredit.produkt.idProduktVerzija);//ID_PRODUKT_VERZIJA&#xD;
	newParameter("NUMERIC",tw.local.vloga.kreditniPredlog.pogojiFinanciranja.znesekKredita,true);//ZNESEK_KREDITA&#xD;
	newParameter("NUMERIC",tw.local.vloga.zaproseniKredit.znesekKredita,true);//ZNESEK_KREDITA_INICIJALNO&#xD;
	newParameter("NUMERIC",tw.epv.TabelaSifrantiEPV.idValutaEUR.valueAt(new TWDate()));//ID_VALUTA&#xD;
	newParameter("NUMERIC",tw.local.vloga.zaproseniKredit.periodaOdplacevanjaGlav.id);//ID_POGOSTOST_PLACIL_GLAVNICE&#xD;
	newParameter("NUMERIC",tw.local.vloga.kreditniPredlog.pogojiFinanciranja.rocnostKreditaZMoratorijem,true);//ROCNOST_Z_MORATORIJEM&#xD;
	newParameter("NUMERIC",tw.local.vloga.zaproseniKredit.rocnostZMoratorijem,true);//ROCNOST_Z_MORATORIJEM_INICIJALNO&#xD;
	newParameter("NUMERIC",tw.local.vloga.kreditniPredlog.pogojiFinanciranja.moratorijOdplacilaVMesecih,true);//MORATORIJ_ODPLACILA_V_MESECIH&#xD;
	newParameter("NUMERIC",tw.local.vloga.zaproseniKredit.moratorijOdplacilaVMesecih,true);//MORATOR_ODPLACILA_V_MESEC_INIC&#xD;
	newParameter("NUMERIC",tw.local.vloga.zaproseniKredit.nacinCrpanja.id);//ID_NACIN_CRPANJA&#xD;
	newParameter("TIMESTAMP",tw.local.vloga.zaproseniKredit.datumPrvegaCrpanja);//DATUM_PRVEGA_CRPANJA&#xD;
	newParameter("TIMESTAMP",tw.local.vloga.zaproseniKredit.skrajsniRokCrpanja);//SKRAJNI_ROK_CRPANJA&#xD;
	newParameter("NUMERIC",tw.local.vloga.zaproseniKredit.delezUpravStroskovOdstotek,true);//DELEZ_UPRAVICENIH_STROSKOV_ODS&#xD;
	newParameter("TIMESTAMP",tw.local.vloga.zaproseniKredit.rokPonudbeObcini);//ROK_PONUDBE_OBCINI&#xD;
	newParameter("TIMESTAMP",tw.local.vloga.zaproseniKredit.rokSklenitvePogodbe);//PREDVID_ROK_SKLENITVE_POGODBE&#xD;
	newParameter("NUMERIC",tw.local.vloga.zaproseniKredit.znesekMasePlacV2019,true);//ZNESEK_MASE_PLAC_V2019&#xD;
	newParameter("NUMERIC",sidt.pridobiDaNeStringToInt(tw.local.vloga.zaproseniKredit.kreditZaradiCOVID19));//KREDIT_ZARADI_COVID19&#xD;
	newParameter("VARCHAR",tw.local.statRegijaStranke);//STAT_REGIJA_STRANKE&#xD;
	newParameter("NUMERIC",tw.local.vloga.zaproseniKredit.povprecniSkupniLetniPromet2_1,true);//POVP_SKUPNI_PROMET_TREH_LET&#xD;
	newParameter("NUMERIC",tw.local.vloga.zaproseniKredit.maxVisinaKredita2_2,true);//DVA_2_MAX_KREDIT_2_3_KOMISIJA&#xD;
	newParameter("NUMERIC",tw.local.vloga.zaproseniKredit.visinaStroskovEnergije2_3,true);//VISINA_STROSK_ENERGIJE_12_MES&#xD;
	newParameter("NUMERIC",tw.local.vloga.zaproseniKredit.maxVisinaKredita2_4,true);//DVA_4_MAX_KREDIT_2_3_KOMISIJA&#xD;
	newParameter("NUMERIC",tw.local.vloga.zaproseniKredit.maxVisinaKredita2_5,true);//DVA_5_MAX_KREDIT_2_3_KOMISIJA&#xD;
	newParameter("NUMERIC",tw.local.vloga.zaproseniKredit.maxVisinaKredita2_6,true);//DVA_6_MAX_KREDIT_2_1_KOMISIJA&#xD;
	newParameter("TIMESTAMP",new TWDate());//DATUM_KREIRANJA&#xD;
	newParameter("NUMERIC",tw.epv.SOREPVs.sistemKreiranja.valueAt(new TWDate()));//SISTEM_KREIRANJA&#xD;
	newParameter("VARCHAR",tw.epv.SOREPVs.uporabnikKreiranja.valueAt(new TWDate()));//UPORABNIK_KREIRANJA&#xD;
	newParameter("NUMERIC",1);//JE_AKTIVEN&#xD;
&#xD;
}&#xD;
&#xD;
&#xD;
function newParameter(type,value,zeroAllowed){&#xD;
	var parameter = new tw.object.SQLParameter();&#xD;
	parameter.mode = "IN";&#xD;
	parameter.type = type;&#xD;
	parameter.value = zeroAllowed?value:(value?value:null);&#xD;
	&#xD;
	tw.local.parameters.insertIntoList(tw.local.parameters.listLength, parameter);&#xD;
}</ns16:script>
                    </ns16:scriptTask>
                    <ns16:sequenceFlow sourceRef="642b60c9-a547-47be-90ff-937c72d77e7a" targetRef="5e08eefe-b780-4b93-956f-eb985b427c38" name="To End" id="72f5e6f3-347b-4f46-bc12-168dc1b01bc0">
                        <ns16:extensionElements>
                            <ns13:linkVisualInfo>
                                <ns13:sourcePortLocation>rightCenter</ns13:sourcePortLocation>
                                <ns13:targetPortLocation>leftCenter</ns13:targetPortLocation>
                                <ns13:showLabel>false</ns13:showLabel>
                                <ns13:showCoachControlLabel>false</ns13:showCoachControlLabel>
                                <ns13:labelPosition>0.0</ns13:labelPosition>
                                <ns13:saveExecutionContext>false</ns13:saveExecutionContext>
                            </ns13:linkVisualInfo>
                        </ns16:extensionElements>
                    </ns16:sequenceFlow>
                    <ns16:dataObject itemSubjectRef="itm.12.f453f500-ca4e-4264-a371-72c1892e8b7c" isCollection="true" name="parameters" id="2056.6c3ada19-387e-4e53-904f-1e0a297bd507" />
                    <ns16:dataObject itemSubjectRef="itm.12.db884a3c-c533-44b7-bb2d-47bec8ad4022" isCollection="false" name="sql" id="2056.f771f9f5-aff0-460a-b1e9-7a8dc719e034" />
                    <ns16:dataObject itemSubjectRef="itm.12.3b1e3757-a1f4-4c3f-bbb8-16fecd4d65c1" isCollection="true" name="results" id="2056.6bd70d75-c607-45f9-8b01-6933487d494e" />
                    <ns16:scriptTask scriptFormat="text/x-javascript" name="SQL rezultati" id="e285151a-7180-464b-a54f-ac11d037f0d4">
                        <ns16:extensionElements>
                            <ns13:nodeVisualInfo x="505" y="57" width="95" height="70" />
                        </ns16:extensionElements>
                        <ns16:incoming>78a41db8-cfcc-43a2-a4a6-f74f3112f61f</ns16:incoming>
                        <ns16:outgoing>82c815ce-8021-4fd3-94c4-7f060bc3cbd6</ns16:outgoing>
                        <ns16:script>if(!tw.local.idVlogaZaprKreditSOR){&#xD;
	if(tw.local.results[1].rows.listLength &gt; 0){&#xD;
		tw.local.idVlogaZaprKreditSOR = tw.local.results[1].rows[0].indexedMap.ID;&#xD;
	}else{&#xD;
		throw new Error("Unos podataka u tabelu dbo.VLOGA_ZAPROSENI_KREDIT nije uspešan.")&#xD;
	}&#xD;
}</ns16:script>
                    </ns16:scriptTask>
                    <ns16:sequenceFlow sourceRef="e285151a-7180-464b-a54f-ac11d037f0d4" targetRef="ab017b61-f28c-4371-b6fc-33e5aa774fe7" name="To End" id="82c815ce-8021-4fd3-94c4-7f060bc3cbd6">
                        <ns16:extensionElements>
                            <ns3:sequenceFlowImplementation sboSyncEnabled="true" />
                            <ns13:linkVisualInfo>
                                <ns13:sourcePortLocation>rightCenter</ns13:sourcePortLocation>
                                <ns13:targetPortLocation>leftCenter</ns13:targetPortLocation>
                                <ns13:showLabel>false</ns13:showLabel>
                                <ns13:showCoachControlLabel>false</ns13:showCoachControlLabel>
                                <ns13:labelPosition>0.0</ns13:labelPosition>
                                <ns13:saveExecutionContext>true</ns13:saveExecutionContext>
                            </ns13:linkVisualInfo>
                        </ns16:extensionElements>
                    </ns16:sequenceFlow>
                </ns16:process>
            </ns16:definitions>
        </bpmn2Model>
        <link name="To End">
            <lastModified isNull="true" />
            <lastModifiedBy isNull="true" />
            <tenantId isNull="true" />
            <processLinkId>2027.72f5e6f3-347b-4f46-bc12-168dc1b01bc0</processLinkId>
            <processId>1.39189752-adbf-4957-b5dd-862349e14fa3</processId>
            <description isNull="true" />
            <fromProcessItemId>2025.642b60c9-a547-47be-90ff-937c72d77e7a</fromProcessItemId>
            <endStateId>Out</endStateId>
            <toProcessItemId>2025.5e08eefe-b780-4b93-956f-eb985b427c38</toProcessItemId>
            <guid>6b38da6c-e1ee-4c08-a172-ae89abe1218c</guid>
            <versionId>33ae1551-d825-4284-bcc6-52424c2d4e0b</versionId>
            <layoutData>
                <controlPoints />
                <showEndState>false</showEndState>
                <showName>false</showName>
            </layoutData>
            <fromItemPort locationId="rightCenter" portType="1" />
            <toItemPort locationId="leftCenter" portType="2" />
            <fromProcessItemId>2025.642b60c9-a547-47be-90ff-937c72d77e7a</fromProcessItemId>
            <toProcessItemId>2025.5e08eefe-b780-4b93-956f-eb985b427c38</toProcessItemId>
        </link>
        <link name="To SQL rezultati">
            <lastModified isNull="true" />
            <lastModifiedBy isNull="true" />
            <tenantId isNull="true" />
            <processLinkId>2027.78a41db8-cfcc-43a2-a4a6-f74f3112f61f</processLinkId>
            <processId>1.39189752-adbf-4957-b5dd-862349e14fa3</processId>
            <description isNull="true" />
            <fromProcessItemId>2025.5e08eefe-b780-4b93-956f-eb985b427c38</fromProcessItemId>
            <endStateId>guid:d7766b7587753602:16bdf27c:11586c10093:-7fe7</endStateId>
            <toProcessItemId>2025.e285151a-7180-464b-a54f-ac11d037f0d4</toProcessItemId>
            <guid>66b327db-a5bb-4815-aa83-cf0ce59b65dd</guid>
            <versionId>5ca4b352-b67e-4036-98bd-a823b7e39b98</versionId>
            <layoutData>
                <controlPoints />
                <showEndState>false</showEndState>
                <showName>false</showName>
            </layoutData>
            <fromItemPort locationId="rightCenter" portType="1" />
            <toItemPort locationId="leftCenter" portType="2" />
            <fromProcessItemId>2025.5e08eefe-b780-4b93-956f-eb985b427c38</fromProcessItemId>
            <toProcessItemId>2025.e285151a-7180-464b-a54f-ac11d037f0d4</toProcessItemId>
        </link>
        <link name="To End">
            <lastModified isNull="true" />
            <lastModifiedBy isNull="true" />
            <tenantId isNull="true" />
            <processLinkId>2027.82c815ce-8021-4fd3-94c4-7f060bc3cbd6</processLinkId>
            <processId>1.39189752-adbf-4957-b5dd-862349e14fa3</processId>
            <description isNull="true" />
            <fromProcessItemId>2025.e285151a-7180-464b-a54f-ac11d037f0d4</fromProcessItemId>
            <endStateId>Out</endStateId>
            <toProcessItemId>2025.ab017b61-f28c-4371-b6fc-33e5aa774fe7</toProcessItemId>
            <guid>984de322-e754-4e48-a489-b0f9b8de1e0d</guid>
            <versionId>ee3c1594-a2da-4a56-970b-80fe6d649d18</versionId>
            <layoutData>
                <controlPoints />
                <showEndState>false</showEndState>
                <showName>false</showName>
            </layoutData>
            <fromItemPort locationId="rightCenter" portType="1" />
            <toItemPort locationId="leftCenter" portType="2" />
            <fromProcessItemId>2025.e285151a-7180-464b-a54f-ac11d037f0d4</fromProcessItemId>
            <toProcessItemId>2025.ab017b61-f28c-4371-b6fc-33e5aa774fe7</toProcessItemId>
        </link>
    </process>
</teamworks>

