<?xml version="1.0" encoding="UTF-8"?>
<teamworks>
    <process id="1.47aa8263-ec54-49f4-9f62-56338686867f" name="ESG Vprasalnik Mapping SF">
        <lastModified>1738241827298</lastModified>
        <lastModifiedBy>bmihajlovic</lastModifiedBy>
        <tenantId isNull="true" />
        <processId>1.47aa8263-ec54-49f4-9f62-56338686867f</processId>
        <image isNull="true" />
        <tabGroup isNull="true" />
        <startingProcessItemId>2025.91998393-e88f-447d-8da6-dd8957b97c05</startingProcessItemId>
        <isRootProcess>false</isRootProcess>
        <processType>12</processType>
        <isErrorHandlerEnabled>false</isErrorHandlerEnabled>
        <errorHandlerItemId isNull="true" />
        <isLoggingVariables>false</isLoggingVariables>
        <isTransactional>false</isTransactional>
        <processTimingLevel isNull="true" />
        <participantRef isNull="true" />
        <exposedType>0</exposedType>
        <isTrackingEnabled>true</isTrackingEnabled>
        <xmlData isNull="true" />
        <cachingType>false</cachingType>
        <itemLabel isNull="true" />
        <cacheLength>0</cacheLength>
        <mobileReady>false</mobileReady>
        <sboSyncEnabled>true</sboSyncEnabled>
        <externalId isNull="true" />
        <isSecured>true</isSecured>
        <isAjaxExposed>true</isAjaxExposed>
        <isInvokedAsynchronously>false</isInvokedAsynchronously>
        <isTransactionalFlow>false</isTransactionalFlow>
        <description>Ovaj servis flow preuzima listu pitanja i odgovora i mapira odgovore stranke u njega.</description>
        <guid>guid:124235cc6281a164:7fa5a92e:18a4b2a0aab:-3f0a</guid>
        <versionId>2c8011fc-ec16-459c-b55f-c74a4bc8dc9f</versionId>
        <dependencySummary>&lt;dependencySummary id="bpdid:fa7ff92605880573:2cc27419:194b246730b:-180d" /&gt;</dependencySummary>
        <jsonData>{"rootElement":[{"flowElement":[{"parallelMultiple":false,"outgoing":["2027.cccc4ee0-e02b-415d-8b7e-fe4f44c9ab5f"],"isInterrupting":false,"extensionElements":{"nodeVisualInfo":[{"color":"#F8F8F8","width":24,"x":25,"y":80,"declaredType":"TNodeVisualInfo","height":24}]},"name":"Start","declaredType":"startEvent","id":"16341b74-05e9-43d6-8a83-8032902a773e"},{"incoming":["2c209728-1535-4fd4-8966-0aa0d57f3152"],"extensionElements":{"nodeVisualInfo":[{"color":"#F8F8F8","width":24,"x":650,"y":80,"declaredType":"TNodeVisualInfo","height":24}],"endStateId":["guid:124235cc6281a164:7fa5a92e:18a4b2a0aab:-3f08"],"saveExecutionContext":[true]},"name":"End","declaredType":"endEvent","id":"431cc9b3-52e5-4f03-8edf-1a5e82681fdc"},{"targetRef":"91998393-e88f-447d-8da6-dd8957b97c05","extensionElements":{"linkVisualInfo":[{"sourcePortLocation":"rightCenter","showCoachControlLabel":false,"labelPosition":0.0,"targetPortLocation":"leftCenter","declaredType":"TLinkVisualInfo","saveExecutionContext":false,"showLabel":false}]},"name":"To Pridobi ESG Vprasanja","declaredType":"sequenceFlow","id":"2027.cccc4ee0-e02b-415d-8b7e-fe4f44c9ab5f","sourceRef":"16341b74-05e9-43d6-8a83-8032902a773e"},{"startQuantity":1,"outgoing":["6784f71b-8944-4772-8da0-eac634f4b260"],"incoming":["2027.cccc4ee0-e02b-415d-8b7e-fe4f44c9ab5f"],"extensionElements":{"nodeVisualInfo":[{"width":95,"x":177,"y":57,"declaredType":"TNodeVisualInfo","height":70}],"activityType":["CalledProcess"]},"name":"Pridobi ESG Vprasanja","dataInputAssociation":[{"targetRef":"2055.4989e291-9ce8-48be-8709-c64428e63686","assignment":[{"from":{"evaluatesToTypeRef":"itm.12.c09c9b6e-aabd-4897-bef2-ed61db106297","declaredType":"TFormalExpression","content":["null"]}}]}],"isForCompensation":false,"completionQuantity":1,"declaredType":"callActivity","id":"91998393-e88f-447d-8da6-dd8957b97c05","dataOutputAssociation":[{"assignment":[{"to":{"evaluatesToTypeRef":"itm.12.c09c9b6e-aabd-4897-bef2-ed61db106297","declaredType":"TFormalExpression"}}],"sourceRef":["2055.165afaff-412b-4344-84c4-b3e77a4a773f"]},{"assignment":[{"to":{"evaluatesToTypeRef":"itm.12.4e4cd6bb-e906-4367-bc0c-a7d2773d77db","declaredType":"TFormalExpression","content":["tw.local.esgVprasalnik"]}}],"sourceRef":["2055.dc30170a-706e-4caa-8024-8e385bf49937"]}],"calledElement":"1.aa6329e7-4087-4e6f-8db4-6398c11cfc1f"},{"targetRef":"be4cce70-66d2-4681-8d1c-422becd24e8e","extensionElements":{"sequenceFlowImplementation":[{"fireValidation":"Never","sboSyncEnabled":true,"declaredType":"com.ibm.bpmsdk.model.bpmn20.ibmext.TSequenceFlowImplementation"}],"endStateId":["guid:08d50b9936c332a0:-3521e141:18282650151:-1639"],"linkVisualInfo":[{"sourcePortLocation":"rightCenter","showCoachControlLabel":false,"labelPosition":0.0,"targetPortLocation":"leftCenter","declaredType":"TLinkVisualInfo","saveExecutionContext":true,"showLabel":false}]},"name":"To End","declaredType":"sequenceFlow","id":"6784f71b-8944-4772-8da0-eac634f4b260","sourceRef":"91998393-e88f-447d-8da6-dd8957b97c05"},{"startQuantity":1,"outgoing":["2c209728-1535-4fd4-8966-0aa0d57f3152"],"incoming":["6784f71b-8944-4772-8da0-eac634f4b260"],"extensionElements":{"nodeVisualInfo":[{"width":95,"x":445,"y":57,"declaredType":"TNodeVisualInfo","height":70}]},"name":"Mapiraj odgovore stranke","isForCompensation":false,"completionQuantity":1,"declaredType":"scriptTask","id":"be4cce70-66d2-4681-8d1c-422becd24e8e","scriptFormat":"text\/x-javascript","script":{"content":["if(tw.local.esgVprasalnikPortal &amp;&amp; tw.local.esgVprasalnikPortal.listLength &gt; 0 &amp;&amp; tw.local.esgVprasalnikPortal[0].odgovor){\r\n\ttw.local.vidljivostEsgVprasalnikZavihek = \"DEFAULT\";\r\n\tfor (var i=0; tw.local.esgVprasalnikPortal &amp;&amp; i&lt;tw.local.esgVprasalnikPortal.listLength; i++) {\r\n\t\tif(tw.local.esgVprasalnikPortal[i].idTipPodatka == tw.epv.TabelaSifrantiEPV.idTipPodatkaSingleSelect\r\n\t\t\t&amp;&amp; !tw.local.esgVprasalnikPortal[i].odgovor){\r\n\t\t\tcontinue;\r\n\t\t}\r\n\t\tfor (var j=0; j&lt;tw.local.esgVprasalnik.listLength; j++) {\r\n\t\t\tif(tw.local.esgVprasalnikPortal[i].idEsgVprasalnik == tw.local.esgVprasalnik[j].idEsgVprasalnik){\r\n\t\t\t\ttw.local.esgVprasalnik[j].odgovor = tw.local.esgVprasalnikPortal[i].odgovor;\r\n\t\t\t\ttw.local.esgVprasalnik[j].odgovorMultiSelect = tw.local.esgVprasalnikPortal[i].odgovorMultiSelect;\r\n\t\t\t\tbreak;\r\n\t\t\t}\r\n\t\t}\r\n\t}\r\n}else{\r\n\ttw.local.vidljivostEsgVprasalnikZavihek = \"NONE\";\r\n}\r\n\r\n\r\nfunction prevzemiVrednostEsg(vrednost, idTipPodatka){\r\n\ttry {\r\n\t\tswitch (idTipPodatka) {\r\n\t\t\tcase 1:\r\n\t\t\t\t\/\/Text\r\n\t\t\t\treturn vrednost;\r\n\t\t\tcase 2:\r\n\t\t\t\t\/\/Decimal\r\n\t\t\t\treturn parseFloat(vrednost);\r\n\t\t\tcase 3:\r\n\t\t\t\t\/\/Integer\r\n\t\t\t\treturn parseInt(vrednost);\r\n\t\t\tcase 4:\r\n\t\t\t\t\/\/Single Select\r\n\t\t\t\treturn vrednost;\r\n\t\t\tcase 7:\r\n\t\t\t\t\/\/Single Select\r\n\t\t\t\treturn vrednost;\r\n\t\t\tdefault:\r\n\t\t\t\treturn vrednost;\r\n\t\t}\r\n\t} catch (err) {\r\n\t\treturn vrednost;\r\n\t}\r\n}"]}},{"targetRef":"431cc9b3-52e5-4f03-8edf-1a5e82681fdc","extensionElements":{"sequenceFlowImplementation":[{"fireValidation":"Never","sboSyncEnabled":true,"declaredType":"com.ibm.bpmsdk.model.bpmn20.ibmext.TSequenceFlowImplementation"}],"linkVisualInfo":[{"sourcePortLocation":"rightCenter","showCoachControlLabel":false,"labelPosition":0.0,"targetPortLocation":"leftCenter","declaredType":"TLinkVisualInfo","saveExecutionContext":true,"showLabel":false}]},"name":"To End","declaredType":"sequenceFlow","id":"2c209728-1535-4fd4-8966-0aa0d57f3152","sourceRef":"be4cce70-66d2-4681-8d1c-422becd24e8e"}],"laneSet":[{"id":"0204be65-6ab6-46bb-8934-c4a33b0788d1","lane":[{"flowNodeRef":["16341b74-05e9-43d6-8a83-8032902a773e","431cc9b3-52e5-4f03-8edf-1a5e82681fdc","91998393-e88f-447d-8da6-dd8957b97c05","be4cce70-66d2-4681-8d1c-422becd24e8e"],"extensionElements":{"nodeVisualInfo":[{"color":"#F8F8F8","width":3000,"x":0,"y":0,"declaredType":"TNodeVisualInfo","height":500}]},"name":"System","partitionElementRef":"24.6fd38d02-81cf-48ab-bd42-8ff4c0a1628b","declaredType":"lane","id":"0dcd8e1f-2c3f-4635-84fa-50eaf8c26900","otherAttributes":{"{http:\/\/www.ibm.com\/xmlns\/prod\/bpm\/bpmn\/ext\/process\/wle}isSystemLane":"true"}}]}],"isClosed":false,"extensionElements":{"isSecured":[true],"isAjaxExposed":[true],"sboSyncEnabled":[true]},"documentation":[{"content":["Ovaj servis flow preuzima listu pitanja i odgovora i mapira odgovore stranke u njega."],"textFormat":"text\/plain"}],"name":"ESG Vprasalnik Mapping SF","declaredType":"process","id":"1.47aa8263-ec54-49f4-9f62-56338686867f","processType":"None","otherAttributes":{"{http:\/\/www.ibm.com\/xmlns\/prod\/bpm\/bpmn\/ext\/process}executionMode":"microflow"},"ioSpecification":{"dataOutput":[{"itemSubjectRef":"itm.12.db884a3c-c533-44b7-bb2d-47bec8ad4022","name":"vidljivostEsgVprasalnikZavihek","isCollection":false,"id":"2055.de1047d8-b556-407a-8504-c0dc1d2d435a"},{"itemSubjectRef":"itm.12.4e4cd6bb-e906-4367-bc0c-a7d2773d77db","name":"esgVprasalnik","isCollection":true,"id":"2055.ed3582a5-efc1-42c2-86e1-f32858469442"}],"extensionElements":{"epvProcessLinks":[{"epvProcessLinkRef":[{"epvId":"21.c56aa906-f64d-47a1-8b56-1f82535d412e","epvProcessLinkId":"d4a562a2-d635-4a48-8cb8-379c799556c6","declaredType":"com.ibm.bpmsdk.model.bpmn20.ibmext.TEpvProcessLinkRef"}],"declaredType":"com.ibm.bpmsdk.model.bpmn20.ibmext.TEpvProcessLinks"}]},"inputSet":[{"dataInputRefs":["2055.ca183571-437c-46f6-8608-60be1ce68713"]}],"outputSet":[{"dataOutputRefs":["2055.de1047d8-b556-407a-8504-c0dc1d2d435a","2055.ed3582a5-efc1-42c2-86e1-f32858469442"]}],"dataInput":[{"itemSubjectRef":"itm.12.8e35b9a2-8b47-42c2-a435-84370556ed72","name":"esgVprasalnikPortal","isCollection":true,"id":"2055.ca183571-437c-46f6-8608-60be1ce68713"}]}}],"targetNamespace":"","typeLanguage":"http:\/\/www.w3.org\/2001\/XMLSchema","expressionLanguage":"http:\/\/www.ibm.com\/xmlns\/prod\/bpm\/expression-lang\/javascript"}</jsonData>
        <field1 isNull="true" />
        <field2 isNull="true" />
        <field3>0</field3>
        <field4 isNull="true" />
        <field5>false</field5>
        <clobField1 isNull="true" />
        <blobField1 isNull="true" />
        <processParameter name="esgVprasalnikPortal">
            <lastModified isNull="true" />
            <lastModifiedBy isNull="true" />
            <tenantId isNull="true" />
            <processParameterId>2055.ca183571-437c-46f6-8608-60be1ce68713</processParameterId>
            <processId>1.47aa8263-ec54-49f4-9f62-56338686867f</processId>
            <parameterType>1</parameterType>
            <isArrayOf>true</isArrayOf>
            <classId>/12.8e35b9a2-8b47-42c2-a435-84370556ed72</classId>
            <seq>1</seq>
            <hasDefault>false</hasDefault>
            <defaultValue isNull="true" />
            <isLocked>false</isLocked>
            <description isNull="true" />
            <guid>f2d7d43b-dc7f-4bb8-8624-2ae4c46dc76a</guid>
            <versionId>9f5687ed-04df-43fc-bfb5-269cc18ec1d9</versionId>
        </processParameter>
        <processParameter name="vidljivostEsgVprasalnikZavihek">
            <lastModified isNull="true" />
            <lastModifiedBy isNull="true" />
            <tenantId isNull="true" />
            <processParameterId>2055.de1047d8-b556-407a-8504-c0dc1d2d435a</processParameterId>
            <processId>1.47aa8263-ec54-49f4-9f62-56338686867f</processId>
            <parameterType>2</parameterType>
            <isArrayOf>false</isArrayOf>
            <classId>34b0d65f-7524-4bdf-81fb-fcf6680322a1/12.db884a3c-c533-44b7-bb2d-47bec8ad4022</classId>
            <seq>2</seq>
            <hasDefault>false</hasDefault>
            <defaultValue isNull="true" />
            <isLocked>false</isLocked>
            <description isNull="true" />
            <guid>b3eb80f4-9732-4db9-88d2-37aab05fb715</guid>
            <versionId>a0c616d4-47a5-4d30-9d78-222bc20d1ae1</versionId>
        </processParameter>
        <processParameter name="esgVprasalnik">
            <lastModified isNull="true" />
            <lastModifiedBy isNull="true" />
            <tenantId isNull="true" />
            <processParameterId>2055.ed3582a5-efc1-42c2-86e1-f32858469442</processParameterId>
            <processId>1.47aa8263-ec54-49f4-9f62-56338686867f</processId>
            <parameterType>2</parameterType>
            <isArrayOf>true</isArrayOf>
            <classId>/12.4e4cd6bb-e906-4367-bc0c-a7d2773d77db</classId>
            <seq>3</seq>
            <hasDefault>false</hasDefault>
            <defaultValue isNull="true" />
            <isLocked>false</isLocked>
            <description isNull="true" />
            <guid>ad057f25-b7c2-4c86-b103-facb7d65fef4</guid>
            <versionId>1aa0764b-c355-4857-bd8e-45d732a543e4</versionId>
        </processParameter>
        <item>
            <lastModified isNull="true" />
            <lastModifiedBy isNull="true" />
            <tenantId isNull="true" />
            <processItemId>2025.91998393-e88f-447d-8da6-dd8957b97c05</processItemId>
            <processId>1.47aa8263-ec54-49f4-9f62-56338686867f</processId>
            <name>Pridobi ESG Vprasanja</name>
            <tWComponentName>SubProcess</tWComponentName>
            <tWComponentId>3012.e3203c09-75b7-4843-b906-2791d6d6ccea</tWComponentId>
            <isLogEnabled>false</isLogEnabled>
            <isTraceEnabled>false</isTraceEnabled>
            <traceCategory isNull="true" />
            <traceLevel isNull="true" />
            <traceMessage isNull="true" />
            <traceSymbolTable isNull="true" />
            <isExecutionContextTraced>false</isExecutionContextTraced>
            <saveExecutionContext>false</saveExecutionContext>
            <documentation isNull="true" />
            <isErrorHandlerEnabled>false</isErrorHandlerEnabled>
            <errorHandlerItemId isNull="true" />
            <guid>guid:124235cc6281a164:7fa5a92e:18a4b2a0aab:-3efb</guid>
            <versionId>16829912-cb1c-4377-a13b-44496106b959</versionId>
            <externalServiceRef isNull="true" />
            <externalServiceOp isNull="true" />
            <nodeColor isNull="true" />
            <layoutData x="177" y="57">
                <errorLink>
                    <controlPoints />
                    <showEndState>false</showEndState>
                    <showName>false</showName>
                </errorLink>
            </layoutData>
            <TWComponent>
                <lastModified isNull="true" />
                <lastModifiedBy isNull="true" />
                <tenantId isNull="true" />
                <subProcessId>3012.e3203c09-75b7-4843-b906-2791d6d6ccea</subProcessId>
                <attachedProcessRef>/1.aa6329e7-4087-4e6f-8db4-6398c11cfc1f</attachedProcessRef>
                <guid>21a89639-5f30-4582-abd7-f559c12b7232</guid>
                <versionId>ae20d3e1-b92a-41e0-b660-f0609a6edafc</versionId>
                <parameterMapping name="seznamVprasanja">
                    <lastModified isNull="true" />
                    <lastModifiedBy isNull="true" />
                    <tenantId isNull="true" />
                    <parameterMappingId>2054.e6a2254f-5308-4b7a-9b4f-9d9a996ccf59</parameterMappingId>
                    <processParameterId>2055.dc30170a-706e-4caa-8024-8e385bf49937</processParameterId>
                    <parameterMappingParentId>3012.e3203c09-75b7-4843-b906-2791d6d6ccea</parameterMappingParentId>
                    <useDefault>false</useDefault>
                    <value>tw.local.esgVprasalnik</value>
                    <classRef>/12.4e4cd6bb-e906-4367-bc0c-a7d2773d77db</classRef>
                    <isList>true</isList>
                    <isInput>false</isInput>
                    <mappingMode isNull="true" />
                    <sourcePath isNull="true" />
                    <targetPath isNull="true" />
                    <guid>d461a2c3-b274-48ed-a9ae-60b070f29921</guid>
                    <versionId>08a690c2-2ce6-4e1f-8309-cf9cee362fc2</versionId>
                    <description isNull="true" />
                </parameterMapping>
                <parameterMapping name="filterJeZaStranku">
                    <lastModified isNull="true" />
                    <lastModifiedBy isNull="true" />
                    <tenantId isNull="true" />
                    <parameterMappingId>2054.951bf8f5-9f55-4090-87dc-6f90f815d5fb</parameterMappingId>
                    <processParameterId>2055.4989e291-9ce8-48be-8709-c64428e63686</processParameterId>
                    <parameterMappingParentId>3012.e3203c09-75b7-4843-b906-2791d6d6ccea</parameterMappingParentId>
                    <useDefault>false</useDefault>
                    <value>null</value>
                    <classRef>34b0d65f-7524-4bdf-81fb-fcf6680322a1/12.db884a3c-c533-44b7-bb2d-47bec8ad4022</classRef>
                    <isList>false</isList>
                    <isInput>true</isInput>
                    <mappingMode isNull="true" />
                    <sourcePath isNull="true" />
                    <targetPath isNull="true" />
                    <guid>146fe60b-d814-4223-a0ed-1327c322a243</guid>
                    <versionId>8d6b9c43-ed97-493c-8e1e-2d406a8bbafd</versionId>
                    <description isNull="true" />
                </parameterMapping>
            </TWComponent>
        </item>
        <item>
            <lastModified isNull="true" />
            <lastModifiedBy isNull="true" />
            <tenantId isNull="true" />
            <processItemId>2025.be4cce70-66d2-4681-8d1c-422becd24e8e</processItemId>
            <processId>1.47aa8263-ec54-49f4-9f62-56338686867f</processId>
            <name>Mapiraj odgovore stranke</name>
            <tWComponentName>Script</tWComponentName>
            <tWComponentId>3011.2dc7e78b-d928-44b4-9132-fe178ccf7d73</tWComponentId>
            <isLogEnabled>false</isLogEnabled>
            <isTraceEnabled>false</isTraceEnabled>
            <traceCategory isNull="true" />
            <traceLevel isNull="true" />
            <traceMessage isNull="true" />
            <traceSymbolTable isNull="true" />
            <isExecutionContextTraced>false</isExecutionContextTraced>
            <saveExecutionContext>false</saveExecutionContext>
            <documentation isNull="true" />
            <isErrorHandlerEnabled>false</isErrorHandlerEnabled>
            <errorHandlerItemId isNull="true" />
            <guid>guid:124235cc6281a164:7fa5a92e:18a4b2a0aab:-3ef1</guid>
            <versionId>2c9b42c4-ddc8-46ee-9402-9e4e3b733af8</versionId>
            <externalServiceRef isNull="true" />
            <externalServiceOp isNull="true" />
            <nodeColor isNull="true" />
            <layoutData x="445" y="57">
                <errorLink>
                    <controlPoints />
                    <showEndState>false</showEndState>
                    <showName>false</showName>
                </errorLink>
            </layoutData>
            <TWComponent>
                <lastModified isNull="true" />
                <lastModifiedBy isNull="true" />
                <tenantId isNull="true" />
                <scriptId>3011.2dc7e78b-d928-44b4-9132-fe178ccf7d73</scriptId>
                <scriptTypeId>2</scriptTypeId>
                <isActive>true</isActive>
                <script>if(tw.local.esgVprasalnikPortal &amp;&amp; tw.local.esgVprasalnikPortal.listLength &gt; 0 &amp;&amp; tw.local.esgVprasalnikPortal[0].odgovor){&#xD;
	tw.local.vidljivostEsgVprasalnikZavihek = "DEFAULT";&#xD;
	for (var i=0; tw.local.esgVprasalnikPortal &amp;&amp; i&lt;tw.local.esgVprasalnikPortal.listLength; i++) {&#xD;
		if(tw.local.esgVprasalnikPortal[i].idTipPodatka == tw.epv.TabelaSifrantiEPV.idTipPodatkaSingleSelect&#xD;
			&amp;&amp; !tw.local.esgVprasalnikPortal[i].odgovor){&#xD;
			continue;&#xD;
		}&#xD;
		for (var j=0; j&lt;tw.local.esgVprasalnik.listLength; j++) {&#xD;
			if(tw.local.esgVprasalnikPortal[i].idEsgVprasalnik == tw.local.esgVprasalnik[j].idEsgVprasalnik){&#xD;
				tw.local.esgVprasalnik[j].odgovor = tw.local.esgVprasalnikPortal[i].odgovor;&#xD;
				tw.local.esgVprasalnik[j].odgovorMultiSelect = tw.local.esgVprasalnikPortal[i].odgovorMultiSelect;&#xD;
				break;&#xD;
			}&#xD;
		}&#xD;
	}&#xD;
}else{&#xD;
	tw.local.vidljivostEsgVprasalnikZavihek = "NONE";&#xD;
}&#xD;
&#xD;
&#xD;
function prevzemiVrednostEsg(vrednost, idTipPodatka){&#xD;
	try {&#xD;
		switch (idTipPodatka) {&#xD;
			case 1:&#xD;
				//Text&#xD;
				return vrednost;&#xD;
			case 2:&#xD;
				//Decimal&#xD;
				return parseFloat(vrednost);&#xD;
			case 3:&#xD;
				//Integer&#xD;
				return parseInt(vrednost);&#xD;
			case 4:&#xD;
				//Single Select&#xD;
				return vrednost;&#xD;
			case 7:&#xD;
				//Single Select&#xD;
				return vrednost;&#xD;
			default:&#xD;
				return vrednost;&#xD;
		}&#xD;
	} catch (err) {&#xD;
		return vrednost;&#xD;
	}&#xD;
}</script>
                <isRule>false</isRule>
                <guid>86320176-eaae-495b-b6e0-66aa3eee1514</guid>
                <versionId>aea685a5-112b-4ac8-83d8-30c9788002a0</versionId>
            </TWComponent>
        </item>
        <item>
            <lastModified isNull="true" />
            <lastModifiedBy isNull="true" />
            <tenantId isNull="true" />
            <processItemId>2025.431cc9b3-52e5-4f03-8edf-1a5e82681fdc</processItemId>
            <processId>1.47aa8263-ec54-49f4-9f62-56338686867f</processId>
            <name>End</name>
            <tWComponentName>ExitPoint</tWComponentName>
            <tWComponentId>3008.d180188b-6ae1-49fd-b681-d4e13c724640</tWComponentId>
            <isLogEnabled>false</isLogEnabled>
            <isTraceEnabled>false</isTraceEnabled>
            <traceCategory isNull="true" />
            <traceLevel isNull="true" />
            <traceMessage isNull="true" />
            <traceSymbolTable isNull="true" />
            <isExecutionContextTraced>false</isExecutionContextTraced>
            <saveExecutionContext>true</saveExecutionContext>
            <documentation isNull="true" />
            <isErrorHandlerEnabled>false</isErrorHandlerEnabled>
            <errorHandlerItemId isNull="true" />
            <guid>guid:124235cc6281a164:7fa5a92e:18a4b2a0aab:-3f08</guid>
            <versionId>797069af-1ada-4ba1-a968-5b379ec7a4f2</versionId>
            <externalServiceRef isNull="true" />
            <externalServiceOp isNull="true" />
            <nodeColor isNull="true" />
            <layoutData x="650" y="80">
                <errorLink>
                    <controlPoints />
                    <showEndState>false</showEndState>
                    <showName>false</showName>
                </errorLink>
            </layoutData>
            <TWComponent>
                <lastModified isNull="true" />
                <lastModifiedBy isNull="true" />
                <tenantId isNull="true" />
                <exitPointId>3008.d180188b-6ae1-49fd-b681-d4e13c724640</exitPointId>
                <haltProcess>false</haltProcess>
                <guid>7e39dac1-7bf9-40cd-9874-efc918758601</guid>
                <versionId>7978fcba-b339-43fd-9420-b3772564e8ab</versionId>
            </TWComponent>
        </item>
        <EPV_PROCESS_LINK>
            <lastModified isNull="true" />
            <lastModifiedBy isNull="true" />
            <tenantId isNull="true" />
            <epvProcessLinkId>2058.9e092ee7-f067-4ca6-a88d-becfe4048a1c</epvProcessLinkId>
            <epvId>/21.c56aa906-f64d-47a1-8b56-1f82535d412e</epvId>
            <processId>1.47aa8263-ec54-49f4-9f62-56338686867f</processId>
            <guid>a2d19636-6339-42ff-b153-2ff4213c25d3</guid>
            <versionId>dabdebc3-0954-4996-bc7c-229d9979a5a9</versionId>
        </EPV_PROCESS_LINK>
        <startingProcessItemId>2025.91998393-e88f-447d-8da6-dd8957b97c05</startingProcessItemId>
        <errorHandlerItemId isNull="true" />
        <layoutData noConversion="true">
            <errorLink>
                <controlPoints />
                <showEndState>false</showEndState>
                <showName>false</showName>
            </errorLink>
        </layoutData>
        <startPoint>
            <layoutData x="25" y="80">
                <errorLink>
                    <controlPoints />
                    <showEndState>false</showEndState>
                    <showName>false</showName>
                </errorLink>
            </layoutData>
        </startPoint>
        <startLink>
            <fromPort locationId="rightCenter" portType="1" />
            <toPort locationId="leftCenter" portType="2" />
            <layoutData>
                <controlPoints />
                <showEndState>false</showEndState>
                <showName>false</showName>
            </layoutData>
        </startLink>
        <bpmn2Model>
            <ns16:definitions xmlns:ns16="http://www.omg.org/spec/BPMN/20100524/MODEL" xmlns:ns2="http://www.ibm.com/xmlns/prod/bpm/bpmn/ext/trackinggroup" xmlns:ns3="http://www.ibm.com/xmlns/prod/bpm/bpmn/ext/process" xmlns:ns4="http://www.ibm.com/xmlns/prod/bpm/bpmn/ext/process/wle" xmlns:ns5="http://www.ibm.com/xmlns/prod/bpm/bpmn/ext/process/case" xmlns:ns6="http://www.ibm.com/bpm/Extensions" xmlns:ns7="http://www.ibm.com/xmlns/prod/bpm/uca" xmlns:ns8="http://www.ibm.com/xmlns/prod/bpm/bpmn/ext/team" xmlns:ns9="http://www.ibm.com/xmlns/bpmnx/20100524/v1/BusinessVocabulary" xmlns:ns10="http://www.omg.org/spec/DD/20100524/DI" xmlns:ns11="http://www.omg.org/spec/DD/20100524/DC" xmlns:ns12="http://www.omg.org/spec/BPMN/20100524/BPMNDI" xmlns:ns13="http://www.ibm.com/xmlns/prod/bpm/graph" xmlns:ns14="http://www.ibm.com/xmlns/prod/bpm/bpmn/ext/process/auth" xmlns:ns15="http://www.ibm.com/xmlns/prod/bpm/bpmn/ext/extservice" xmlns:ns17="http://www.ibm.com/bpm/processappsettings" xmlns:ns18="http://www.ibm.com/xmlns/links" xmlns:ns19="http://www.ibm.com/bpm/CoachDesignerNG" xmlns:ns20="http://www.ibm.com/xmlns/tagging" xmlns:ns21="http://www.ibm.com/bpm/uitheme" xmlns:ns22="http://www.ibm.com/bpm/coachview" targetNamespace="" expressionLanguage="http://www.ibm.com/xmlns/prod/bpm/expression-lang/javascript" typeLanguage="http://www.w3.org/2001/XMLSchema">
                <ns16:process name="ESG Vprasalnik Mapping SF" id="1.47aa8263-ec54-49f4-9f62-56338686867f" ns3:executionMode="microflow">
                    <ns16:documentation textFormat="text/plain">Ovaj servis flow preuzima listu pitanja i odgovora i mapira odgovore stranke u njega.</ns16:documentation>
                    <ns16:extensionElements>
                        <ns3:isSecured>true</ns3:isSecured>
                        <ns3:isAjaxExposed>true</ns3:isAjaxExposed>
                        <ns3:sboSyncEnabled>true</ns3:sboSyncEnabled>
                    </ns16:extensionElements>
                    <ns16:ioSpecification>
                        <ns16:extensionElements>
                            <ns3:epvProcessLinks>
                                <ns3:epvProcessLinkRef epvId="21.c56aa906-f64d-47a1-8b56-1f82535d412e" epvProcessLinkId="d4a562a2-d635-4a48-8cb8-379c799556c6" />
                            </ns3:epvProcessLinks>
                        </ns16:extensionElements>
                        <ns16:dataInput name="esgVprasalnikPortal" itemSubjectRef="itm.12.8e35b9a2-8b47-42c2-a435-84370556ed72" isCollection="true" id="2055.ca183571-437c-46f6-8608-60be1ce68713" />
                        <ns16:dataOutput name="vidljivostEsgVprasalnikZavihek" itemSubjectRef="itm.12.db884a3c-c533-44b7-bb2d-47bec8ad4022" isCollection="false" id="2055.de1047d8-b556-407a-8504-c0dc1d2d435a" />
                        <ns16:dataOutput name="esgVprasalnik" itemSubjectRef="itm.12.4e4cd6bb-e906-4367-bc0c-a7d2773d77db" isCollection="true" id="2055.ed3582a5-efc1-42c2-86e1-f32858469442" />
                        <ns16:inputSet>
                            <ns16:dataInputRefs>2055.ca183571-437c-46f6-8608-60be1ce68713</ns16:dataInputRefs>
                        </ns16:inputSet>
                        <ns16:outputSet>
                            <ns16:dataOutputRefs>2055.de1047d8-b556-407a-8504-c0dc1d2d435a</ns16:dataOutputRefs>
                            <ns16:dataOutputRefs>2055.ed3582a5-efc1-42c2-86e1-f32858469442</ns16:dataOutputRefs>
                        </ns16:outputSet>
                    </ns16:ioSpecification>
                    <ns16:laneSet id="0204be65-6ab6-46bb-8934-c4a33b0788d1">
                        <ns16:lane name="System" partitionElementRef="24.6fd38d02-81cf-48ab-bd42-8ff4c0a1628b" id="0dcd8e1f-2c3f-4635-84fa-50eaf8c26900" ns4:isSystemLane="true">
                            <ns16:extensionElements>
                                <ns13:nodeVisualInfo x="0" y="0" width="3000" height="500" color="#F8F8F8" />
                            </ns16:extensionElements>
                            <ns16:flowNodeRef>16341b74-05e9-43d6-8a83-8032902a773e</ns16:flowNodeRef>
                            <ns16:flowNodeRef>431cc9b3-52e5-4f03-8edf-1a5e82681fdc</ns16:flowNodeRef>
                            <ns16:flowNodeRef>91998393-e88f-447d-8da6-dd8957b97c05</ns16:flowNodeRef>
                            <ns16:flowNodeRef>be4cce70-66d2-4681-8d1c-422becd24e8e</ns16:flowNodeRef>
                        </ns16:lane>
                    </ns16:laneSet>
                    <ns16:startEvent isInterrupting="false" parallelMultiple="false" name="Start" id="16341b74-05e9-43d6-8a83-8032902a773e">
                        <ns16:extensionElements>
                            <ns13:nodeVisualInfo x="25" y="80" width="24" height="24" color="#F8F8F8" />
                        </ns16:extensionElements>
                        <ns16:outgoing>2027.cccc4ee0-e02b-415d-8b7e-fe4f44c9ab5f</ns16:outgoing>
                    </ns16:startEvent>
                    <ns16:endEvent name="End" id="431cc9b3-52e5-4f03-8edf-1a5e82681fdc">
                        <ns16:extensionElements>
                            <ns13:nodeVisualInfo x="650" y="80" width="24" height="24" color="#F8F8F8" />
                            <ns4:saveExecutionContext>true</ns4:saveExecutionContext>
                            <ns3:endStateId>guid:124235cc6281a164:7fa5a92e:18a4b2a0aab:-3f08</ns3:endStateId>
                        </ns16:extensionElements>
                        <ns16:incoming>2c209728-1535-4fd4-8966-0aa0d57f3152</ns16:incoming>
                    </ns16:endEvent>
                    <ns16:sequenceFlow sourceRef="16341b74-05e9-43d6-8a83-8032902a773e" targetRef="91998393-e88f-447d-8da6-dd8957b97c05" name="To Pridobi ESG Vprasanja" id="2027.cccc4ee0-e02b-415d-8b7e-fe4f44c9ab5f">
                        <ns16:extensionElements>
                            <ns13:linkVisualInfo>
                                <ns13:sourcePortLocation>rightCenter</ns13:sourcePortLocation>
                                <ns13:targetPortLocation>leftCenter</ns13:targetPortLocation>
                                <ns13:showLabel>false</ns13:showLabel>
                                <ns13:showCoachControlLabel>false</ns13:showCoachControlLabel>
                                <ns13:labelPosition>0.0</ns13:labelPosition>
                                <ns13:saveExecutionContext>false</ns13:saveExecutionContext>
                            </ns13:linkVisualInfo>
                        </ns16:extensionElements>
                    </ns16:sequenceFlow>
                    <ns16:callActivity calledElement="1.aa6329e7-4087-4e6f-8db4-6398c11cfc1f" name="Pridobi ESG Vprasanja" id="91998393-e88f-447d-8da6-dd8957b97c05">
                        <ns16:extensionElements>
                            <ns13:nodeVisualInfo x="177" y="57" width="95" height="70" />
                            <ns4:activityType>CalledProcess</ns4:activityType>
                        </ns16:extensionElements>
                        <ns16:incoming>2027.cccc4ee0-e02b-415d-8b7e-fe4f44c9ab5f</ns16:incoming>
                        <ns16:outgoing>6784f71b-8944-4772-8da0-eac634f4b260</ns16:outgoing>
                        <ns16:dataInputAssociation>
                            <ns16:targetRef>2055.4989e291-9ce8-48be-8709-c64428e63686</ns16:targetRef>
                            <ns16:assignment>
                                <ns16:from xmlns:xsi="http://www.w3.org/2001/XMLSchema-instance" xsi:type="ns16:tFormalExpression" evaluatesToTypeRef="itm.12.c09c9b6e-aabd-4897-bef2-ed61db106297">null</ns16:from>
                            </ns16:assignment>
                        </ns16:dataInputAssociation>
                        <ns16:dataOutputAssociation>
                            <ns16:sourceRef>2055.165afaff-412b-4344-84c4-b3e77a4a773f</ns16:sourceRef>
                            <ns16:assignment>
                                <ns16:to xmlns:xsi="http://www.w3.org/2001/XMLSchema-instance" xsi:type="ns16:tFormalExpression" evaluatesToTypeRef="itm.12.c09c9b6e-aabd-4897-bef2-ed61db106297" />
                            </ns16:assignment>
                        </ns16:dataOutputAssociation>
                        <ns16:dataOutputAssociation>
                            <ns16:sourceRef>2055.dc30170a-706e-4caa-8024-8e385bf49937</ns16:sourceRef>
                            <ns16:assignment>
                                <ns16:to xmlns:xsi="http://www.w3.org/2001/XMLSchema-instance" xsi:type="ns16:tFormalExpression" evaluatesToTypeRef="itm.12.4e4cd6bb-e906-4367-bc0c-a7d2773d77db">tw.local.esgVprasalnik</ns16:to>
                            </ns16:assignment>
                        </ns16:dataOutputAssociation>
                    </ns16:callActivity>
                    <ns16:sequenceFlow sourceRef="91998393-e88f-447d-8da6-dd8957b97c05" targetRef="be4cce70-66d2-4681-8d1c-422becd24e8e" name="To End" id="6784f71b-8944-4772-8da0-eac634f4b260">
                        <ns16:extensionElements>
                            <ns3:sequenceFlowImplementation sboSyncEnabled="true" />
                            <ns13:linkVisualInfo>
                                <ns13:sourcePortLocation>rightCenter</ns13:sourcePortLocation>
                                <ns13:targetPortLocation>leftCenter</ns13:targetPortLocation>
                                <ns13:showLabel>false</ns13:showLabel>
                                <ns13:showCoachControlLabel>false</ns13:showCoachControlLabel>
                                <ns13:labelPosition>0.0</ns13:labelPosition>
                                <ns13:saveExecutionContext>true</ns13:saveExecutionContext>
                            </ns13:linkVisualInfo>
                            <ns3:endStateId>guid:08d50b9936c332a0:-3521e141:18282650151:-1639</ns3:endStateId>
                        </ns16:extensionElements>
                    </ns16:sequenceFlow>
                    <ns16:scriptTask scriptFormat="text/x-javascript" name="Mapiraj odgovore stranke" id="be4cce70-66d2-4681-8d1c-422becd24e8e">
                        <ns16:extensionElements>
                            <ns13:nodeVisualInfo x="445" y="57" width="95" height="70" />
                        </ns16:extensionElements>
                        <ns16:incoming>6784f71b-8944-4772-8da0-eac634f4b260</ns16:incoming>
                        <ns16:outgoing>2c209728-1535-4fd4-8966-0aa0d57f3152</ns16:outgoing>
                        <ns16:script>if(tw.local.esgVprasalnikPortal &amp;&amp; tw.local.esgVprasalnikPortal.listLength &gt; 0 &amp;&amp; tw.local.esgVprasalnikPortal[0].odgovor){&#xD;
	tw.local.vidljivostEsgVprasalnikZavihek = "DEFAULT";&#xD;
	for (var i=0; tw.local.esgVprasalnikPortal &amp;&amp; i&lt;tw.local.esgVprasalnikPortal.listLength; i++) {&#xD;
		if(tw.local.esgVprasalnikPortal[i].idTipPodatka == tw.epv.TabelaSifrantiEPV.idTipPodatkaSingleSelect&#xD;
			&amp;&amp; !tw.local.esgVprasalnikPortal[i].odgovor){&#xD;
			continue;&#xD;
		}&#xD;
		for (var j=0; j&lt;tw.local.esgVprasalnik.listLength; j++) {&#xD;
			if(tw.local.esgVprasalnikPortal[i].idEsgVprasalnik == tw.local.esgVprasalnik[j].idEsgVprasalnik){&#xD;
				tw.local.esgVprasalnik[j].odgovor = tw.local.esgVprasalnikPortal[i].odgovor;&#xD;
				tw.local.esgVprasalnik[j].odgovorMultiSelect = tw.local.esgVprasalnikPortal[i].odgovorMultiSelect;&#xD;
				break;&#xD;
			}&#xD;
		}&#xD;
	}&#xD;
}else{&#xD;
	tw.local.vidljivostEsgVprasalnikZavihek = "NONE";&#xD;
}&#xD;
&#xD;
&#xD;
function prevzemiVrednostEsg(vrednost, idTipPodatka){&#xD;
	try {&#xD;
		switch (idTipPodatka) {&#xD;
			case 1:&#xD;
				//Text&#xD;
				return vrednost;&#xD;
			case 2:&#xD;
				//Decimal&#xD;
				return parseFloat(vrednost);&#xD;
			case 3:&#xD;
				//Integer&#xD;
				return parseInt(vrednost);&#xD;
			case 4:&#xD;
				//Single Select&#xD;
				return vrednost;&#xD;
			case 7:&#xD;
				//Single Select&#xD;
				return vrednost;&#xD;
			default:&#xD;
				return vrednost;&#xD;
		}&#xD;
	} catch (err) {&#xD;
		return vrednost;&#xD;
	}&#xD;
}</ns16:script>
                    </ns16:scriptTask>
                    <ns16:sequenceFlow sourceRef="be4cce70-66d2-4681-8d1c-422becd24e8e" targetRef="431cc9b3-52e5-4f03-8edf-1a5e82681fdc" name="To End" id="2c209728-1535-4fd4-8966-0aa0d57f3152">
                        <ns16:extensionElements>
                            <ns3:sequenceFlowImplementation sboSyncEnabled="true" />
                            <ns13:linkVisualInfo>
                                <ns13:sourcePortLocation>rightCenter</ns13:sourcePortLocation>
                                <ns13:targetPortLocation>leftCenter</ns13:targetPortLocation>
                                <ns13:showLabel>false</ns13:showLabel>
                                <ns13:showCoachControlLabel>false</ns13:showCoachControlLabel>
                                <ns13:labelPosition>0.0</ns13:labelPosition>
                                <ns13:saveExecutionContext>true</ns13:saveExecutionContext>
                            </ns13:linkVisualInfo>
                        </ns16:extensionElements>
                    </ns16:sequenceFlow>
                </ns16:process>
            </ns16:definitions>
        </bpmn2Model>
        <link name="To End">
            <lastModified isNull="true" />
            <lastModifiedBy isNull="true" />
            <tenantId isNull="true" />
            <processLinkId>2027.2c209728-1535-4fd4-8966-0aa0d57f3152</processLinkId>
            <processId>1.47aa8263-ec54-49f4-9f62-56338686867f</processId>
            <description isNull="true" />
            <fromProcessItemId>2025.be4cce70-66d2-4681-8d1c-422becd24e8e</fromProcessItemId>
            <endStateId>Out</endStateId>
            <toProcessItemId>2025.431cc9b3-52e5-4f03-8edf-1a5e82681fdc</toProcessItemId>
            <guid>fe9f5d26-83b2-466e-8dad-b9ef675907a9</guid>
            <versionId>d0bea281-9b85-4852-9c9a-56c5b0204687</versionId>
            <layoutData>
                <controlPoints />
                <showEndState>false</showEndState>
                <showName>false</showName>
            </layoutData>
            <fromItemPort locationId="rightCenter" portType="1" />
            <toItemPort locationId="leftCenter" portType="2" />
            <fromProcessItemId>2025.be4cce70-66d2-4681-8d1c-422becd24e8e</fromProcessItemId>
            <toProcessItemId>2025.431cc9b3-52e5-4f03-8edf-1a5e82681fdc</toProcessItemId>
        </link>
        <link name="To End">
            <lastModified isNull="true" />
            <lastModifiedBy isNull="true" />
            <tenantId isNull="true" />
            <processLinkId>2027.6784f71b-8944-4772-8da0-eac634f4b260</processLinkId>
            <processId>1.47aa8263-ec54-49f4-9f62-56338686867f</processId>
            <description isNull="true" />
            <fromProcessItemId>2025.91998393-e88f-447d-8da6-dd8957b97c05</fromProcessItemId>
            <endStateId>guid:08d50b9936c332a0:-3521e141:18282650151:-1639</endStateId>
            <toProcessItemId>2025.be4cce70-66d2-4681-8d1c-422becd24e8e</toProcessItemId>
            <guid>28a52622-9b50-40da-802d-a2fc5cd81e7c</guid>
            <versionId>f48c76e1-cf25-4cb2-9ce7-33672355fc17</versionId>
            <layoutData>
                <controlPoints />
                <showEndState>false</showEndState>
                <showName>false</showName>
            </layoutData>
            <fromItemPort locationId="rightCenter" portType="1" />
            <toItemPort locationId="leftCenter" portType="2" />
            <fromProcessItemId>2025.91998393-e88f-447d-8da6-dd8957b97c05</fromProcessItemId>
            <toProcessItemId>2025.be4cce70-66d2-4681-8d1c-422becd24e8e</toProcessItemId>
        </link>
    </process>
</teamworks>

