<?xml version="1.0" encoding="UTF-8"?>
<teamworks>
    <process id="1.5aa229e5-5045-4dc6-b61b-995d06830651" name="Prevzem izpostavljenosti vse skupine DWH SF">
        <lastModified>1731674277730</lastModified>
        <lastModifiedBy>bmihajlovic</lastModifiedBy>
        <tenantId isNull="true" />
        <processId>1.5aa229e5-5045-4dc6-b61b-995d06830651</processId>
        <image isNull="true" />
        <tabGroup isNull="true" />
        <startingProcessItemId>2025.bd7812a1-921c-4068-89ce-843027042477</startingProcessItemId>
        <isRootProcess>false</isRootProcess>
        <processType>12</processType>
        <isErrorHandlerEnabled>false</isErrorHandlerEnabled>
        <errorHandlerItemId isNull="true" />
        <isLoggingVariables>false</isLoggingVariables>
        <isTransactional>false</isTransactional>
        <processTimingLevel isNull="true" />
        <participantRef isNull="true" />
        <exposedType>0</exposedType>
        <isTrackingEnabled>true</isTrackingEnabled>
        <xmlData isNull="true" />
        <cachingType>false</cachingType>
        <itemLabel isNull="true" />
        <cacheLength>0</cacheLength>
        <mobileReady>false</mobileReady>
        <sboSyncEnabled>true</sboSyncEnabled>
        <externalId isNull="true" />
        <isSecured>true</isSecured>
        <isAjaxExposed>true</isAjaxExposed>
        <isInvokedAsynchronously>false</isInvokedAsynchronously>
        <isTransactionalFlow>false</isTransactionalFlow>
        <description isNull="true" />
        <guid>1984e76e-8e7f-47eb-9fd2-0487cd07c9ad</guid>
        <versionId>1870aed2-7b43-449d-bda3-8b09723b0485</versionId>
        <dependencySummary>&lt;dependencySummary id="bpdid:b020731a2b628621:7a9d0db:193201aa9a2:43ba" /&gt;</dependencySummary>
        <jsonData>{"rootElement":[{"flowElement":[{"parallelMultiple":false,"outgoing":["2027.bed31b40-895d-4466-849a-65168e03c531"],"isInterrupting":false,"extensionElements":{"nodeVisualInfo":[{"color":"#F8F8F8","width":24,"x":25,"y":80,"declaredType":"TNodeVisualInfo","height":24}]},"name":"Start","declaredType":"startEvent","id":"e62d9180-afae-4085-891a-17238fd0403c"},{"incoming":["5ebc7be3-9d03-46b5-97b7-38f125d7481e"],"extensionElements":{"nodeVisualInfo":[{"color":"#F8F8F8","width":24,"x":650,"y":80,"declaredType":"TNodeVisualInfo","height":24}],"endStateId":["guid:f9e4fd6a9954d017:-35d95127:1826c6578ae:-1b67"],"saveExecutionContext":[true]},"name":"End","declaredType":"endEvent","id":"b38e29a5-54e4-4b3d-b38a-d9a447dde031"},{"targetRef":"bd7812a1-921c-4068-89ce-843027042477","extensionElements":{"linkVisualInfo":[{"sourcePortLocation":"rightCenter","showCoachControlLabel":false,"labelPosition":0.0,"targetPortLocation":"leftCenter","declaredType":"TLinkVisualInfo","saveExecutionContext":false,"showLabel":false}]},"name":"To P_PODATKIIZPOSTAVLJENOSTSTRANKA","declaredType":"sequenceFlow","id":"2027.bed31b40-895d-4466-849a-65168e03c531","sourceRef":"e62d9180-afae-4085-891a-17238fd0403c"},{"startQuantity":1,"outgoing":["5ebc7be3-9d03-46b5-97b7-38f125d7481e"],"incoming":["2027.bed31b40-895d-4466-849a-65168e03c531"],"extensionElements":{"postAssignmentScript":["tw.local.izpostavljenostSkupine = [];\r\n\r\nfor (var i=0; i&lt;tw.local.rezultati[0].rows.length; i++) {\r\n\ttw.local.izpostavljenostSkupine[i] = {};\r\n\ttw.local.izpostavljenostSkupine[i].idSkupine = tw.local.rezultati[0].rows[i].indexedMap.SKUPINA_POVEZAVE_ID;\r\n\ttw.local.izpostavljenostSkupine[i].nazivSkupine = tw.local.rezultati[0].rows[i].indexedMap.NAZIV_SKUPINE;\r\n\ttw.local.izpostavljenostSkupine[i].saldoIzpBrutoPar = tw.local.rezultati[0].rows[i].indexedMap.SALDO_IZP_BRUTO_PAR;\r\n\ttw.local.izpostavljenostSkupine[i].saldoIzpBrutoSkup = tw.local.rezultati[0].rows[i].indexedMap.SALDO_IZP_BRUTO_SKUP;\r\n\ttw.local.izpostavljenostSkupine[i].regulatorniKapiral = tw.local.rezultati[0].rows[i].indexedMap.REGULATORNI_KAPITAL;\r\n}\r\n"],"nodeVisualInfo":[{"width":95,"x":260,"y":57,"declaredType":"TNodeVisualInfo","height":70}],"preAssignmentScript":["tw.local.sql = \"Exec ('CALL NKA_VIRI.P_PODATKIIZPOSTAVLJENOSTVSESKUPINE (?, ?)',?,?) AT \"+tw.env.IZPOSTAVLJENOST_BAZA;\r\n\r\ntw.local.kodaDrzaveSedeza = sidt.swapSifrant(\"sif_drzava\",tw.local.idDrzavaSedeza).koda;\r\ntw.local.parametrov = [];\r\ntw.local.parametrov[0] = {};\r\ntw.local.parametrov[0].type = \"VARCHAR\";\r\ntw.local.parametrov[0].mode = \"IN\";\r\ntw.local.parametrov[0].value = tw.local.davcnaStevilka;\r\ntw.local.parametrov[1] = {};\r\ntw.local.parametrov[1].type = \"VARCHAR\";\r\ntw.local.parametrov[1].mode = \"IN\";\r\ntw.local.parametrov[1].value = tw.local.kodaDrzaveSedeza;"],"activityType":["CalledProcess"]},"name":"P_PODATKIIZPOSTAVLJENOSTSTRANKA","dataInputAssociation":[{"targetRef":"2055.b50e959b-ece2-43bc-b7c2-e71c7e7f638c","assignment":[{"from":{"evaluatesToTypeRef":"itm.12.db884a3c-c533-44b7-bb2d-47bec8ad4022","declaredType":"TFormalExpression","content":["tw.local.sql"]}}]},{"targetRef":"2055.7815e939-f857-4cf3-9c9f-4f4289496f2e","assignment":[{"from":{"evaluatesToTypeRef":"itm.12.c09c9b6e-aabd-4897-bef2-ed61db106297","declaredType":"TFormalExpression","content":["null"]}}]},{"targetRef":"2055.445bdf54-adf8-4cb4-861f-c3509d6d9901","assignment":[{"from":{"evaluatesToTypeRef":"itm.12.f453f500-ca4e-4264-a371-72c1892e8b7c","declaredType":"TFormalExpression","content":["tw.local.parametrov"]}}]},{"targetRef":"2055.de45839d-cf87-4f0a-bae2-a1897762f27c","assignment":[{"from":{"evaluatesToTypeRef":"itm.12.c09c9b6e-aabd-4897-bef2-ed61db106297","declaredType":"TFormalExpression","content":["tw.env.SQL_VIR"]}}]}],"isForCompensation":false,"completionQuantity":1,"declaredType":"callActivity","id":"bd7812a1-921c-4068-89ce-843027042477","dataOutputAssociation":[{"assignment":[{"to":{"evaluatesToTypeRef":"itm.12.3b1e3757-a1f4-4c3f-bbb8-16fecd4d65c1","declaredType":"TFormalExpression","content":["tw.local.rezultati"]}}],"sourceRef":["2055.7e127262-e4fb-4089-99dd-77f610619c8c"]}],"calledElement":"1.4cdefff8-110e-4820-81af-2f91af5ff465"},{"targetRef":"b38e29a5-54e4-4b3d-b38a-d9a447dde031","extensionElements":{"sequenceFlowImplementation":[{"fireValidation":"Never","sboSyncEnabled":true,"declaredType":"com.ibm.bpmsdk.model.bpmn20.ibmext.TSequenceFlowImplementation"}],"endStateId":["guid:d7766b7587753602:16bdf27c:11586c10093:-7ffa"],"linkVisualInfo":[{"sourcePortLocation":"rightCenter","showCoachControlLabel":false,"labelPosition":0.0,"targetPortLocation":"leftCenter","declaredType":"TLinkVisualInfo","saveExecutionContext":true,"showLabel":false}]},"name":"To End","declaredType":"sequenceFlow","id":"5ebc7be3-9d03-46b5-97b7-38f125d7481e","sourceRef":"bd7812a1-921c-4068-89ce-843027042477"},{"itemSubjectRef":"itm.12.db884a3c-c533-44b7-bb2d-47bec8ad4022","name":"sql","isCollection":false,"declaredType":"dataObject","id":"2056.8791b44d-8cac-4112-9708-51a182a03495"},{"itemSubjectRef":"itm.12.3b1e3757-a1f4-4c3f-bbb8-16fecd4d65c1","name":"rezultati","isCollection":true,"declaredType":"dataObject","id":"2056.385dc27c-1a5b-4b9f-b4df-67caf7df7617"},{"itemSubjectRef":"itm.12.f453f500-ca4e-4264-a371-72c1892e8b7c","name":"parametrov","isCollection":true,"declaredType":"dataObject","id":"2056.31a06388-fb55-4331-b3d0-20932b84f214"},{"extensionElements":{"defaultValue":[{"declaredType":"com.ibm.bpmsdk.model.bpmn20.ibmext.TDefaultValue","useDefault":false,"value":""}]},"itemSubjectRef":"itm.12.db884a3c-c533-44b7-bb2d-47bec8ad4022","name":"kodaDrzaveSedeza","isCollection":false,"declaredType":"dataObject","id":"2056.0d99a0ea-07b6-4b66-a1f1-9d0084538674"}],"laneSet":[{"id":"864f48c3-c0a9-4a63-9908-6600d65a2359","lane":[{"flowNodeRef":["e62d9180-afae-4085-891a-17238fd0403c","b38e29a5-54e4-4b3d-b38a-d9a447dde031","bd7812a1-921c-4068-89ce-843027042477"],"extensionElements":{"nodeVisualInfo":[{"color":"#F8F8F8","width":3000,"x":0,"y":0,"declaredType":"TNodeVisualInfo","height":500}]},"name":"System","partitionElementRef":"24.6fd38d02-81cf-48ab-bd42-8ff4c0a1628b","declaredType":"lane","id":"36219a3c-6ae6-4b95-ad11-8bbdd9c4e027","otherAttributes":{"{http:\/\/www.ibm.com\/xmlns\/prod\/bpm\/bpmn\/ext\/process\/wle}isSystemLane":"true"}}]}],"isClosed":false,"extensionElements":{"isSecured":[true],"isAjaxExposed":[true],"sboSyncEnabled":[true]},"documentation":[{"textFormat":"text\/plain"}],"name":"Prevzem izpostavljenosti vse skupine DWH SF","declaredType":"process","id":"1.5aa229e5-5045-4dc6-b61b-995d06830651","processType":"None","otherAttributes":{"{http:\/\/www.ibm.com\/xmlns\/prod\/bpm\/bpmn\/ext\/process}executionMode":"microflow"},"ioSpecification":{"dataOutput":[{"itemSubjectRef":"itm.12.6ef0998b-aef9-473f-99b7-182e901767e3","name":"izpostavljenostSkupine","isCollection":true,"id":"2055.b83dcd8a-5f2e-403c-ae48-f166c8c819ad"}],"inputSet":[{"dataInputRefs":["2055.2b293a10-7c06-43ae-9f26-4a4230c8fa82","2055.0e9f72fd-3080-4cc9-b75e-11821a768ca4"]}],"outputSet":[{"dataOutputRefs":["2055.b83dcd8a-5f2e-403c-ae48-f166c8c819ad"]}],"dataInput":[{"extensionElements":{"defaultValue":[{"declaredType":"com.ibm.bpmsdk.model.bpmn20.ibmext.TDefaultValue","useDefault":true,"value":"\"42780071\""}]},"itemSubjectRef":"itm.12.db884a3c-c533-44b7-bb2d-47bec8ad4022","name":"davcnaStevilka","isCollection":false,"id":"2055.2b293a10-7c06-43ae-9f26-4a4230c8fa82"},{"extensionElements":{"defaultValue":[{"declaredType":"com.ibm.bpmsdk.model.bpmn20.ibmext.TDefaultValue","useDefault":true,"value":"54"}]},"itemSubjectRef":"itm.12.3fa0d7a0-828a-4d60-99cc-db5ed143fc2d","name":"idDrzavaSedeza","isCollection":false,"id":"2055.0e9f72fd-3080-4cc9-b75e-11821a768ca4"}]}}],"targetNamespace":"","typeLanguage":"http:\/\/www.w3.org\/2001\/XMLSchema","expressionLanguage":"http:\/\/www.ibm.com\/xmlns\/prod\/bpm\/expression-lang\/javascript"}</jsonData>
        <field1 isNull="true" />
        <field2 isNull="true" />
        <field3>0</field3>
        <field4 isNull="true" />
        <field5>false</field5>
        <clobField1 isNull="true" />
        <blobField1 isNull="true" />
        <processParameter name="davcnaStevilka">
            <lastModified isNull="true" />
            <lastModifiedBy isNull="true" />
            <tenantId isNull="true" />
            <processParameterId>2055.2b293a10-7c06-43ae-9f26-4a4230c8fa82</processParameterId>
            <processId>1.5aa229e5-5045-4dc6-b61b-995d06830651</processId>
            <parameterType>1</parameterType>
            <isArrayOf>false</isArrayOf>
            <classId>34b0d65f-7524-4bdf-81fb-fcf6680322a1/12.db884a3c-c533-44b7-bb2d-47bec8ad4022</classId>
            <seq>1</seq>
            <hasDefault>true</hasDefault>
            <defaultValue>"42780071"</defaultValue>
            <isLocked>false</isLocked>
            <description isNull="true" />
            <guid>c97c69fe-ba41-4abf-9607-bc9106abb9f8</guid>
            <versionId>a26c3245-8903-4649-a1ae-f617e7b32aac</versionId>
        </processParameter>
        <processParameter name="idDrzavaSedeza">
            <lastModified isNull="true" />
            <lastModifiedBy isNull="true" />
            <tenantId isNull="true" />
            <processParameterId>2055.0e9f72fd-3080-4cc9-b75e-11821a768ca4</processParameterId>
            <processId>1.5aa229e5-5045-4dc6-b61b-995d06830651</processId>
            <parameterType>1</parameterType>
            <isArrayOf>false</isArrayOf>
            <classId>34b0d65f-7524-4bdf-81fb-fcf6680322a1/12.3fa0d7a0-828a-4d60-99cc-db5ed143fc2d</classId>
            <seq>2</seq>
            <hasDefault>true</hasDefault>
            <defaultValue>54</defaultValue>
            <isLocked>false</isLocked>
            <description isNull="true" />
            <guid>ee6ca5f7-e04e-43a7-9522-16dd41646988</guid>
            <versionId>8c41fe50-5a3c-4f51-8350-bb1c2f8e4c2e</versionId>
        </processParameter>
        <processParameter name="izpostavljenostSkupine">
            <lastModified isNull="true" />
            <lastModifiedBy isNull="true" />
            <tenantId isNull="true" />
            <processParameterId>2055.b83dcd8a-5f2e-403c-ae48-f166c8c819ad</processParameterId>
            <processId>1.5aa229e5-5045-4dc6-b61b-995d06830651</processId>
            <parameterType>2</parameterType>
            <isArrayOf>true</isArrayOf>
            <classId>/12.6ef0998b-aef9-473f-99b7-182e901767e3</classId>
            <seq>3</seq>
            <hasDefault>false</hasDefault>
            <defaultValue isNull="true" />
            <isLocked>false</isLocked>
            <description isNull="true" />
            <guid>4fd0e2fc-8e30-443a-a0c1-2131b49331cb</guid>
            <versionId>4f7ac07b-7f3d-488f-bd22-c5152a10d4d8</versionId>
        </processParameter>
        <processVariable name="sql">
            <lastModified isNull="true" />
            <lastModifiedBy isNull="true" />
            <tenantId isNull="true" />
            <processVariableId>2056.8791b44d-8cac-4112-9708-51a182a03495</processVariableId>
            <description isNull="true" />
            <processId>1.5aa229e5-5045-4dc6-b61b-995d06830651</processId>
            <namespace>2</namespace>
            <seq>1</seq>
            <isArrayOf>false</isArrayOf>
            <isTransient>false</isTransient>
            <classId>34b0d65f-7524-4bdf-81fb-fcf6680322a1/12.db884a3c-c533-44b7-bb2d-47bec8ad4022</classId>
            <hasDefault>false</hasDefault>
            <defaultValue isNull="true" />
            <guid>dad4044f-d898-4317-b151-cc10a1804a33</guid>
            <versionId>667fe997-814e-44a8-9901-188ee4452f36</versionId>
        </processVariable>
        <processVariable name="rezultati">
            <lastModified isNull="true" />
            <lastModifiedBy isNull="true" />
            <tenantId isNull="true" />
            <processVariableId>2056.385dc27c-1a5b-4b9f-b4df-67caf7df7617</processVariableId>
            <description isNull="true" />
            <processId>1.5aa229e5-5045-4dc6-b61b-995d06830651</processId>
            <namespace>2</namespace>
            <seq>2</seq>
            <isArrayOf>true</isArrayOf>
            <isTransient>false</isTransient>
            <classId>34b0d65f-7524-4bdf-81fb-fcf6680322a1/12.3b1e3757-a1f4-4c3f-bbb8-16fecd4d65c1</classId>
            <hasDefault>false</hasDefault>
            <defaultValue isNull="true" />
            <guid>b0d37bbf-231e-4fd6-99ff-28fbf3827a1f</guid>
            <versionId>61db7cd3-2613-4517-b318-41204a655f04</versionId>
        </processVariable>
        <processVariable name="parametrov">
            <lastModified isNull="true" />
            <lastModifiedBy isNull="true" />
            <tenantId isNull="true" />
            <processVariableId>2056.31a06388-fb55-4331-b3d0-20932b84f214</processVariableId>
            <description isNull="true" />
            <processId>1.5aa229e5-5045-4dc6-b61b-995d06830651</processId>
            <namespace>2</namespace>
            <seq>3</seq>
            <isArrayOf>true</isArrayOf>
            <isTransient>false</isTransient>
            <classId>34b0d65f-7524-4bdf-81fb-fcf6680322a1/12.f453f500-ca4e-4264-a371-72c1892e8b7c</classId>
            <hasDefault>false</hasDefault>
            <defaultValue isNull="true" />
            <guid>79a7288d-9e31-4b5e-8670-1130a9db6215</guid>
            <versionId>19d497ad-70cc-4bdf-b80b-e3ffd2d213bf</versionId>
        </processVariable>
        <processVariable name="kodaDrzaveSedeza">
            <lastModified isNull="true" />
            <lastModifiedBy isNull="true" />
            <tenantId isNull="true" />
            <processVariableId>2056.0d99a0ea-07b6-4b66-a1f1-9d0084538674</processVariableId>
            <description isNull="true" />
            <processId>1.5aa229e5-5045-4dc6-b61b-995d06830651</processId>
            <namespace>2</namespace>
            <seq>4</seq>
            <isArrayOf>false</isArrayOf>
            <isTransient>false</isTransient>
            <classId>34b0d65f-7524-4bdf-81fb-fcf6680322a1/12.db884a3c-c533-44b7-bb2d-47bec8ad4022</classId>
            <hasDefault>false</hasDefault>
            <defaultValue isNull="true" />
            <guid>b15aa6cf-628b-4648-908b-d3c9127c1249</guid>
            <versionId>390a74ad-20f7-405d-82bb-2323c537a906</versionId>
        </processVariable>
        <item>
            <lastModified isNull="true" />
            <lastModifiedBy isNull="true" />
            <tenantId isNull="true" />
            <processItemId>2025.bd7812a1-921c-4068-89ce-843027042477</processItemId>
            <processId>1.5aa229e5-5045-4dc6-b61b-995d06830651</processId>
            <name>P_PODATKIIZPOSTAVLJENOSTSTRANKA</name>
            <tWComponentName>SubProcess</tWComponentName>
            <tWComponentId>3012.b2a66083-868c-4d87-9baf-f763fb781a50</tWComponentId>
            <isLogEnabled>false</isLogEnabled>
            <isTraceEnabled>false</isTraceEnabled>
            <traceCategory isNull="true" />
            <traceLevel isNull="true" />
            <traceMessage isNull="true" />
            <traceSymbolTable isNull="true" />
            <isExecutionContextTraced>false</isExecutionContextTraced>
            <saveExecutionContext>false</saveExecutionContext>
            <documentation isNull="true" />
            <isErrorHandlerEnabled>false</isErrorHandlerEnabled>
            <errorHandlerItemId isNull="true" />
            <guid>guid:f9e4fd6a9954d017:-35d95127:1826c6578ae:-1b66</guid>
            <versionId>6f38e425-2dcb-4f68-aeee-dd7a2e884e05</versionId>
            <externalServiceRef isNull="true" />
            <externalServiceOp isNull="true" />
            <nodeColor isNull="true" />
            <processPrePosts>
                <lastModified isNull="true" />
                <lastModifiedBy isNull="true" />
                <tenantId isNull="true" />
                <processItemPrePostId>2029.6fd0bc6b-ccd6-4ea0-a582-f1c52f210612</processItemPrePostId>
                <processItemId>2025.bd7812a1-921c-4068-89ce-843027042477</processItemId>
                <location>1</location>
                <script>tw.local.sql = "Exec ('CALL NKA_VIRI.P_PODATKIIZPOSTAVLJENOSTVSESKUPINE (?, ?)',?,?) AT "+tw.env.IZPOSTAVLJENOST_BAZA;&#xD;
&#xD;
tw.local.kodaDrzaveSedeza = sidt.swapSifrant("sif_drzava",tw.local.idDrzavaSedeza).koda;&#xD;
tw.local.parametrov = [];&#xD;
tw.local.parametrov[0] = {};&#xD;
tw.local.parametrov[0].type = "VARCHAR";&#xD;
tw.local.parametrov[0].mode = "IN";&#xD;
tw.local.parametrov[0].value = tw.local.davcnaStevilka;&#xD;
tw.local.parametrov[1] = {};&#xD;
tw.local.parametrov[1].type = "VARCHAR";&#xD;
tw.local.parametrov[1].mode = "IN";&#xD;
tw.local.parametrov[1].value = tw.local.kodaDrzaveSedeza;</script>
                <guid>2963b584-cf0e-453e-81ff-9d4fc78cff9d</guid>
                <versionId>a134a868-eea9-471a-83fc-0a3a51d827b9</versionId>
            </processPrePosts>
            <processPrePosts>
                <lastModified isNull="true" />
                <lastModifiedBy isNull="true" />
                <tenantId isNull="true" />
                <processItemPrePostId>2029.66b3e32d-6453-40b2-9f27-cafff4924c76</processItemPrePostId>
                <processItemId>2025.bd7812a1-921c-4068-89ce-843027042477</processItemId>
                <location>2</location>
                <script>tw.local.izpostavljenostSkupine = [];&#xD;
&#xD;
for (var i=0; i&lt;tw.local.rezultati[0].rows.length; i++) {&#xD;
	tw.local.izpostavljenostSkupine[i] = {};&#xD;
	tw.local.izpostavljenostSkupine[i].idSkupine = tw.local.rezultati[0].rows[i].indexedMap.SKUPINA_POVEZAVE_ID;&#xD;
	tw.local.izpostavljenostSkupine[i].nazivSkupine = tw.local.rezultati[0].rows[i].indexedMap.NAZIV_SKUPINE;&#xD;
	tw.local.izpostavljenostSkupine[i].saldoIzpBrutoPar = tw.local.rezultati[0].rows[i].indexedMap.SALDO_IZP_BRUTO_PAR;&#xD;
	tw.local.izpostavljenostSkupine[i].saldoIzpBrutoSkup = tw.local.rezultati[0].rows[i].indexedMap.SALDO_IZP_BRUTO_SKUP;&#xD;
	tw.local.izpostavljenostSkupine[i].regulatorniKapiral = tw.local.rezultati[0].rows[i].indexedMap.REGULATORNI_KAPITAL;&#xD;
}&#xD;
</script>
                <guid>0078e4ad-c8b4-470f-ab30-bd4489053eaf</guid>
                <versionId>d5cdf96d-340a-482e-b9ca-708aab60119b</versionId>
            </processPrePosts>
            <layoutData x="260" y="57">
                <errorLink>
                    <controlPoints />
                    <showEndState>false</showEndState>
                    <showName>false</showName>
                </errorLink>
            </layoutData>
            <TWComponent>
                <lastModified isNull="true" />
                <lastModifiedBy isNull="true" />
                <tenantId isNull="true" />
                <subProcessId>3012.b2a66083-868c-4d87-9baf-f763fb781a50</subProcessId>
                <attachedProcessRef>34b0d65f-7524-4bdf-81fb-fcf6680322a1/1.4cdefff8-110e-4820-81af-2f91af5ff465</attachedProcessRef>
                <guid>17e2c5e0-c573-4ee8-be4f-c25154bc1fd7</guid>
                <versionId>7e840c3e-e717-4f75-a465-cbe807029044</versionId>
                <parameterMapping name="parameters">
                    <lastModified isNull="true" />
                    <lastModifiedBy isNull="true" />
                    <tenantId isNull="true" />
                    <parameterMappingId>2054.29568707-fb42-4ade-b37b-0af823f28e61</parameterMappingId>
                    <processParameterId>2055.445bdf54-adf8-4cb4-861f-c3509d6d9901</processParameterId>
                    <parameterMappingParentId>3012.b2a66083-868c-4d87-9baf-f763fb781a50</parameterMappingParentId>
                    <useDefault>false</useDefault>
                    <value>tw.local.parametrov</value>
                    <classRef>/12.f453f500-ca4e-4264-a371-72c1892e8b7c</classRef>
                    <isList>true</isList>
                    <isInput>true</isInput>
                    <mappingMode isNull="true" />
                    <sourcePath isNull="true" />
                    <targetPath isNull="true" />
                    <guid>62764217-a75d-4291-9212-bc293e212ec8</guid>
                    <versionId>17f14dd7-dd10-4b33-b4bf-a463fdd36937</versionId>
                    <description isNull="true" />
                </parameterMapping>
                <parameterMapping name="dataSourceName">
                    <lastModified isNull="true" />
                    <lastModifiedBy isNull="true" />
                    <tenantId isNull="true" />
                    <parameterMappingId>2054.b1fa6349-7550-43e9-957f-daee9942723e</parameterMappingId>
                    <processParameterId>2055.de45839d-cf87-4f0a-bae2-a1897762f27c</processParameterId>
                    <parameterMappingParentId>3012.b2a66083-868c-4d87-9baf-f763fb781a50</parameterMappingParentId>
                    <useDefault>false</useDefault>
                    <value>tw.env.SQL_VIR</value>
                    <classRef>/12.db884a3c-c533-44b7-bb2d-47bec8ad4022</classRef>
                    <isList>false</isList>
                    <isInput>true</isInput>
                    <mappingMode isNull="true" />
                    <sourcePath isNull="true" />
                    <targetPath isNull="true" />
                    <guid>02454521-6d71-4b63-bc29-d3a397526d85</guid>
                    <versionId>3a485a4e-bb91-4a24-afd6-8e4904670fb4</versionId>
                    <description isNull="true" />
                </parameterMapping>
                <parameterMapping name="maxRows">
                    <lastModified isNull="true" />
                    <lastModifiedBy isNull="true" />
                    <tenantId isNull="true" />
                    <parameterMappingId>2054.03bdbe6f-f991-4238-9a0c-f18b91273e0f</parameterMappingId>
                    <processParameterId>2055.7815e939-f857-4cf3-9c9f-4f4289496f2e</processParameterId>
                    <parameterMappingParentId>3012.b2a66083-868c-4d87-9baf-f763fb781a50</parameterMappingParentId>
                    <useDefault>false</useDefault>
                    <value>null</value>
                    <classRef>/12.3fa0d7a0-828a-4d60-99cc-db5ed143fc2d</classRef>
                    <isList>false</isList>
                    <isInput>true</isInput>
                    <mappingMode isNull="true" />
                    <sourcePath isNull="true" />
                    <targetPath isNull="true" />
                    <guid>d87c3890-f426-4886-80a4-dcfe25ce3b8f</guid>
                    <versionId>49f43f63-f936-4e44-be3c-2f7b108d3375</versionId>
                    <description isNull="true" />
                </parameterMapping>
                <parameterMapping name="results">
                    <lastModified isNull="true" />
                    <lastModifiedBy isNull="true" />
                    <tenantId isNull="true" />
                    <parameterMappingId>2054.37623ab4-1b22-4eb9-b4af-6b2ac4ac16cd</parameterMappingId>
                    <processParameterId>2055.7e127262-e4fb-4089-99dd-77f610619c8c</processParameterId>
                    <parameterMappingParentId>3012.b2a66083-868c-4d87-9baf-f763fb781a50</parameterMappingParentId>
                    <useDefault>false</useDefault>
                    <value>tw.local.rezultati</value>
                    <classRef>/12.3b1e3757-a1f4-4c3f-bbb8-16fecd4d65c1</classRef>
                    <isList>true</isList>
                    <isInput>false</isInput>
                    <mappingMode isNull="true" />
                    <sourcePath isNull="true" />
                    <targetPath isNull="true" />
                    <guid>e22d8872-bd53-48b0-8b72-3927971a5f34</guid>
                    <versionId>609ce596-7067-4d82-aa0d-505f64b9c8c7</versionId>
                    <description isNull="true" />
                </parameterMapping>
                <parameterMapping name="sql">
                    <lastModified isNull="true" />
                    <lastModifiedBy isNull="true" />
                    <tenantId isNull="true" />
                    <parameterMappingId>2054.c6316f79-129c-42b9-834b-c5904ffdc1ff</parameterMappingId>
                    <processParameterId>2055.b50e959b-ece2-43bc-b7c2-e71c7e7f638c</processParameterId>
                    <parameterMappingParentId>3012.b2a66083-868c-4d87-9baf-f763fb781a50</parameterMappingParentId>
                    <useDefault>false</useDefault>
                    <value>tw.local.sql</value>
                    <classRef>/12.db884a3c-c533-44b7-bb2d-47bec8ad4022</classRef>
                    <isList>false</isList>
                    <isInput>true</isInput>
                    <mappingMode isNull="true" />
                    <sourcePath isNull="true" />
                    <targetPath isNull="true" />
                    <guid>ac0b1402-5381-47a8-a88f-eda2a9e11441</guid>
                    <versionId>9d09a7ec-89fa-4e9f-8676-c1b80a083655</versionId>
                    <description isNull="true" />
                </parameterMapping>
            </TWComponent>
        </item>
        <item>
            <lastModified isNull="true" />
            <lastModifiedBy isNull="true" />
            <tenantId isNull="true" />
            <processItemId>2025.b38e29a5-54e4-4b3d-b38a-d9a447dde031</processItemId>
            <processId>1.5aa229e5-5045-4dc6-b61b-995d06830651</processId>
            <name>End</name>
            <tWComponentName>ExitPoint</tWComponentName>
            <tWComponentId>3008.247cc641-f312-469d-8968-f1a4250014e2</tWComponentId>
            <isLogEnabled>false</isLogEnabled>
            <isTraceEnabled>false</isTraceEnabled>
            <traceCategory isNull="true" />
            <traceLevel isNull="true" />
            <traceMessage isNull="true" />
            <traceSymbolTable isNull="true" />
            <isExecutionContextTraced>false</isExecutionContextTraced>
            <saveExecutionContext>true</saveExecutionContext>
            <documentation isNull="true" />
            <isErrorHandlerEnabled>false</isErrorHandlerEnabled>
            <errorHandlerItemId isNull="true" />
            <guid>guid:f9e4fd6a9954d017:-35d95127:1826c6578ae:-1b67</guid>
            <versionId>b71c4338-81bc-45a2-8bd1-690eda4e83b4</versionId>
            <externalServiceRef isNull="true" />
            <externalServiceOp isNull="true" />
            <nodeColor isNull="true" />
            <layoutData x="650" y="80">
                <errorLink>
                    <controlPoints />
                    <showEndState>false</showEndState>
                    <showName>false</showName>
                </errorLink>
            </layoutData>
            <TWComponent>
                <lastModified isNull="true" />
                <lastModifiedBy isNull="true" />
                <tenantId isNull="true" />
                <exitPointId>3008.247cc641-f312-469d-8968-f1a4250014e2</exitPointId>
                <haltProcess>false</haltProcess>
                <guid>ef306f1f-bd07-4e29-bd67-7e59dadee06c</guid>
                <versionId>3eb18cf3-29e4-426a-a7de-4c31de6280ee</versionId>
            </TWComponent>
        </item>
        <startingProcessItemId>2025.bd7812a1-921c-4068-89ce-843027042477</startingProcessItemId>
        <errorHandlerItemId isNull="true" />
        <layoutData noConversion="true">
            <errorLink>
                <controlPoints />
                <showEndState>false</showEndState>
                <showName>false</showName>
            </errorLink>
        </layoutData>
        <startPoint>
            <layoutData x="25" y="80">
                <errorLink>
                    <controlPoints />
                    <showEndState>false</showEndState>
                    <showName>false</showName>
                </errorLink>
            </layoutData>
        </startPoint>
        <startLink>
            <fromPort locationId="rightCenter" portType="1" />
            <toPort locationId="leftCenter" portType="2" />
            <layoutData>
                <controlPoints />
                <showEndState>false</showEndState>
                <showName>false</showName>
            </layoutData>
        </startLink>
        <bpmn2Model>
            <ns16:definitions xmlns:ns16="http://www.omg.org/spec/BPMN/20100524/MODEL" xmlns:ns2="http://www.ibm.com/xmlns/prod/bpm/bpmn/ext/trackinggroup" xmlns:ns3="http://www.ibm.com/xmlns/prod/bpm/bpmn/ext/process" xmlns:ns4="http://www.ibm.com/xmlns/prod/bpm/bpmn/ext/process/wle" xmlns:ns5="http://www.ibm.com/xmlns/prod/bpm/bpmn/ext/process/case" xmlns:ns6="http://www.ibm.com/bpm/Extensions" xmlns:ns7="http://www.ibm.com/xmlns/prod/bpm/uca" xmlns:ns8="http://www.ibm.com/xmlns/prod/bpm/bpmn/ext/team" xmlns:ns9="http://www.ibm.com/xmlns/bpmnx/20100524/v1/BusinessVocabulary" xmlns:ns10="http://www.omg.org/spec/DD/20100524/DI" xmlns:ns11="http://www.omg.org/spec/DD/20100524/DC" xmlns:ns12="http://www.omg.org/spec/BPMN/20100524/BPMNDI" xmlns:ns13="http://www.ibm.com/xmlns/prod/bpm/graph" xmlns:ns14="http://www.ibm.com/xmlns/prod/bpm/bpmn/ext/process/auth" xmlns:ns15="http://www.ibm.com/xmlns/prod/bpm/bpmn/ext/extservice" xmlns:ns17="http://www.ibm.com/bpm/processappsettings" xmlns:ns18="http://www.ibm.com/xmlns/links" xmlns:ns19="http://www.ibm.com/bpm/CoachDesignerNG" xmlns:ns20="http://www.ibm.com/xmlns/tagging" xmlns:ns21="http://www.ibm.com/bpm/uitheme" xmlns:ns22="http://www.ibm.com/bpm/coachview" targetNamespace="" expressionLanguage="http://www.ibm.com/xmlns/prod/bpm/expression-lang/javascript" typeLanguage="http://www.w3.org/2001/XMLSchema">
                <ns16:process name="Prevzem izpostavljenosti vse skupine DWH SF" id="1.5aa229e5-5045-4dc6-b61b-995d06830651" ns3:executionMode="microflow">
                    <ns16:documentation textFormat="text/plain" />
                    <ns16:extensionElements>
                        <ns3:isSecured>true</ns3:isSecured>
                        <ns3:isAjaxExposed>true</ns3:isAjaxExposed>
                        <ns3:sboSyncEnabled>true</ns3:sboSyncEnabled>
                    </ns16:extensionElements>
                    <ns16:ioSpecification>
                        <ns16:dataInput name="davcnaStevilka" itemSubjectRef="itm.12.db884a3c-c533-44b7-bb2d-47bec8ad4022" isCollection="false" id="2055.2b293a10-7c06-43ae-9f26-4a4230c8fa82">
                            <ns16:extensionElements>
                                <ns3:defaultValue useDefault="true">"42780071"</ns3:defaultValue>
                            </ns16:extensionElements>
                        </ns16:dataInput>
                        <ns16:dataInput name="idDrzavaSedeza" itemSubjectRef="itm.12.3fa0d7a0-828a-4d60-99cc-db5ed143fc2d" isCollection="false" id="2055.0e9f72fd-3080-4cc9-b75e-11821a768ca4">
                            <ns16:extensionElements>
                                <ns3:defaultValue useDefault="true">54</ns3:defaultValue>
                            </ns16:extensionElements>
                        </ns16:dataInput>
                        <ns16:dataOutput name="izpostavljenostSkupine" itemSubjectRef="itm.12.6ef0998b-aef9-473f-99b7-182e901767e3" isCollection="true" id="2055.b83dcd8a-5f2e-403c-ae48-f166c8c819ad" />
                        <ns16:inputSet>
                            <ns16:dataInputRefs>2055.2b293a10-7c06-43ae-9f26-4a4230c8fa82</ns16:dataInputRefs>
                            <ns16:dataInputRefs>2055.0e9f72fd-3080-4cc9-b75e-11821a768ca4</ns16:dataInputRefs>
                        </ns16:inputSet>
                        <ns16:outputSet>
                            <ns16:dataOutputRefs>2055.b83dcd8a-5f2e-403c-ae48-f166c8c819ad</ns16:dataOutputRefs>
                        </ns16:outputSet>
                    </ns16:ioSpecification>
                    <ns16:laneSet id="864f48c3-c0a9-4a63-9908-6600d65a2359">
                        <ns16:lane name="System" partitionElementRef="24.6fd38d02-81cf-48ab-bd42-8ff4c0a1628b" id="36219a3c-6ae6-4b95-ad11-8bbdd9c4e027" ns4:isSystemLane="true">
                            <ns16:extensionElements>
                                <ns13:nodeVisualInfo x="0" y="0" width="3000" height="500" color="#F8F8F8" />
                            </ns16:extensionElements>
                            <ns16:flowNodeRef>e62d9180-afae-4085-891a-17238fd0403c</ns16:flowNodeRef>
                            <ns16:flowNodeRef>b38e29a5-54e4-4b3d-b38a-d9a447dde031</ns16:flowNodeRef>
                            <ns16:flowNodeRef>bd7812a1-921c-4068-89ce-843027042477</ns16:flowNodeRef>
                        </ns16:lane>
                    </ns16:laneSet>
                    <ns16:startEvent isInterrupting="false" parallelMultiple="false" name="Start" id="e62d9180-afae-4085-891a-17238fd0403c">
                        <ns16:extensionElements>
                            <ns13:nodeVisualInfo x="25" y="80" width="24" height="24" color="#F8F8F8" />
                        </ns16:extensionElements>
                        <ns16:outgoing>2027.bed31b40-895d-4466-849a-65168e03c531</ns16:outgoing>
                    </ns16:startEvent>
                    <ns16:endEvent name="End" id="b38e29a5-54e4-4b3d-b38a-d9a447dde031">
                        <ns16:extensionElements>
                            <ns13:nodeVisualInfo x="650" y="80" width="24" height="24" color="#F8F8F8" />
                            <ns4:saveExecutionContext>true</ns4:saveExecutionContext>
                            <ns3:endStateId>guid:f9e4fd6a9954d017:-35d95127:1826c6578ae:-1b67</ns3:endStateId>
                        </ns16:extensionElements>
                        <ns16:incoming>5ebc7be3-9d03-46b5-97b7-38f125d7481e</ns16:incoming>
                    </ns16:endEvent>
                    <ns16:sequenceFlow sourceRef="e62d9180-afae-4085-891a-17238fd0403c" targetRef="bd7812a1-921c-4068-89ce-843027042477" name="To P_PODATKIIZPOSTAVLJENOSTSTRANKA" id="2027.bed31b40-895d-4466-849a-65168e03c531">
                        <ns16:extensionElements>
                            <ns13:linkVisualInfo>
                                <ns13:sourcePortLocation>rightCenter</ns13:sourcePortLocation>
                                <ns13:targetPortLocation>leftCenter</ns13:targetPortLocation>
                                <ns13:showLabel>false</ns13:showLabel>
                                <ns13:showCoachControlLabel>false</ns13:showCoachControlLabel>
                                <ns13:labelPosition>0.0</ns13:labelPosition>
                                <ns13:saveExecutionContext>false</ns13:saveExecutionContext>
                            </ns13:linkVisualInfo>
                        </ns16:extensionElements>
                    </ns16:sequenceFlow>
                    <ns16:callActivity calledElement="1.4cdefff8-110e-4820-81af-2f91af5ff465" name="P_PODATKIIZPOSTAVLJENOSTSTRANKA" id="bd7812a1-921c-4068-89ce-843027042477">
                        <ns16:extensionElements>
                            <ns13:nodeVisualInfo x="260" y="57" width="95" height="70" />
                            <ns4:activityType>CalledProcess</ns4:activityType>
                            <ns3:preAssignmentScript>tw.local.sql = "Exec ('CALL NKA_VIRI.P_PODATKIIZPOSTAVLJENOSTVSESKUPINE (?, ?)',?,?) AT "+tw.env.IZPOSTAVLJENOST_BAZA;&#xD;
&#xD;
tw.local.kodaDrzaveSedeza = sidt.swapSifrant("sif_drzava",tw.local.idDrzavaSedeza).koda;&#xD;
tw.local.parametrov = [];&#xD;
tw.local.parametrov[0] = {};&#xD;
tw.local.parametrov[0].type = "VARCHAR";&#xD;
tw.local.parametrov[0].mode = "IN";&#xD;
tw.local.parametrov[0].value = tw.local.davcnaStevilka;&#xD;
tw.local.parametrov[1] = {};&#xD;
tw.local.parametrov[1].type = "VARCHAR";&#xD;
tw.local.parametrov[1].mode = "IN";&#xD;
tw.local.parametrov[1].value = tw.local.kodaDrzaveSedeza;</ns3:preAssignmentScript>
                            <ns3:postAssignmentScript>tw.local.izpostavljenostSkupine = [];&#xD;
&#xD;
for (var i=0; i&lt;tw.local.rezultati[0].rows.length; i++) {&#xD;
	tw.local.izpostavljenostSkupine[i] = {};&#xD;
	tw.local.izpostavljenostSkupine[i].idSkupine = tw.local.rezultati[0].rows[i].indexedMap.SKUPINA_POVEZAVE_ID;&#xD;
	tw.local.izpostavljenostSkupine[i].nazivSkupine = tw.local.rezultati[0].rows[i].indexedMap.NAZIV_SKUPINE;&#xD;
	tw.local.izpostavljenostSkupine[i].saldoIzpBrutoPar = tw.local.rezultati[0].rows[i].indexedMap.SALDO_IZP_BRUTO_PAR;&#xD;
	tw.local.izpostavljenostSkupine[i].saldoIzpBrutoSkup = tw.local.rezultati[0].rows[i].indexedMap.SALDO_IZP_BRUTO_SKUP;&#xD;
	tw.local.izpostavljenostSkupine[i].regulatorniKapiral = tw.local.rezultati[0].rows[i].indexedMap.REGULATORNI_KAPITAL;&#xD;
}&#xD;
</ns3:postAssignmentScript>
                        </ns16:extensionElements>
                        <ns16:incoming>2027.bed31b40-895d-4466-849a-65168e03c531</ns16:incoming>
                        <ns16:outgoing>5ebc7be3-9d03-46b5-97b7-38f125d7481e</ns16:outgoing>
                        <ns16:dataInputAssociation>
                            <ns16:targetRef>2055.b50e959b-ece2-43bc-b7c2-e71c7e7f638c</ns16:targetRef>
                            <ns16:assignment>
                                <ns16:from xmlns:xsi="http://www.w3.org/2001/XMLSchema-instance" xsi:type="ns16:tFormalExpression" evaluatesToTypeRef="itm.12.db884a3c-c533-44b7-bb2d-47bec8ad4022">tw.local.sql</ns16:from>
                            </ns16:assignment>
                        </ns16:dataInputAssociation>
                        <ns16:dataInputAssociation>
                            <ns16:targetRef>2055.7815e939-f857-4cf3-9c9f-4f4289496f2e</ns16:targetRef>
                            <ns16:assignment>
                                <ns16:from xmlns:xsi="http://www.w3.org/2001/XMLSchema-instance" xsi:type="ns16:tFormalExpression" evaluatesToTypeRef="itm.12.c09c9b6e-aabd-4897-bef2-ed61db106297">null</ns16:from>
                            </ns16:assignment>
                        </ns16:dataInputAssociation>
                        <ns16:dataInputAssociation>
                            <ns16:targetRef>2055.445bdf54-adf8-4cb4-861f-c3509d6d9901</ns16:targetRef>
                            <ns16:assignment>
                                <ns16:from xmlns:xsi="http://www.w3.org/2001/XMLSchema-instance" xsi:type="ns16:tFormalExpression" evaluatesToTypeRef="itm.12.f453f500-ca4e-4264-a371-72c1892e8b7c">tw.local.parametrov</ns16:from>
                            </ns16:assignment>
                        </ns16:dataInputAssociation>
                        <ns16:dataInputAssociation>
                            <ns16:targetRef>2055.de45839d-cf87-4f0a-bae2-a1897762f27c</ns16:targetRef>
                            <ns16:assignment>
                                <ns16:from xmlns:xsi="http://www.w3.org/2001/XMLSchema-instance" xsi:type="ns16:tFormalExpression" evaluatesToTypeRef="itm.12.c09c9b6e-aabd-4897-bef2-ed61db106297">tw.env.SQL_VIR</ns16:from>
                            </ns16:assignment>
                        </ns16:dataInputAssociation>
                        <ns16:dataOutputAssociation>
                            <ns16:sourceRef>2055.7e127262-e4fb-4089-99dd-77f610619c8c</ns16:sourceRef>
                            <ns16:assignment>
                                <ns16:to xmlns:xsi="http://www.w3.org/2001/XMLSchema-instance" xsi:type="ns16:tFormalExpression" evaluatesToTypeRef="itm.12.3b1e3757-a1f4-4c3f-bbb8-16fecd4d65c1">tw.local.rezultati</ns16:to>
                            </ns16:assignment>
                        </ns16:dataOutputAssociation>
                    </ns16:callActivity>
                    <ns16:sequenceFlow sourceRef="bd7812a1-921c-4068-89ce-843027042477" targetRef="b38e29a5-54e4-4b3d-b38a-d9a447dde031" name="To End" id="5ebc7be3-9d03-46b5-97b7-38f125d7481e">
                        <ns16:extensionElements>
                            <ns3:sequenceFlowImplementation sboSyncEnabled="true" />
                            <ns13:linkVisualInfo>
                                <ns13:sourcePortLocation>rightCenter</ns13:sourcePortLocation>
                                <ns13:targetPortLocation>leftCenter</ns13:targetPortLocation>
                                <ns13:showLabel>false</ns13:showLabel>
                                <ns13:showCoachControlLabel>false</ns13:showCoachControlLabel>
                                <ns13:labelPosition>0.0</ns13:labelPosition>
                                <ns13:saveExecutionContext>true</ns13:saveExecutionContext>
                            </ns13:linkVisualInfo>
                            <ns3:endStateId>guid:d7766b7587753602:16bdf27c:11586c10093:-7ffa</ns3:endStateId>
                        </ns16:extensionElements>
                    </ns16:sequenceFlow>
                    <ns16:dataObject itemSubjectRef="itm.12.db884a3c-c533-44b7-bb2d-47bec8ad4022" isCollection="false" name="sql" id="2056.8791b44d-8cac-4112-9708-51a182a03495" />
                    <ns16:dataObject itemSubjectRef="itm.12.3b1e3757-a1f4-4c3f-bbb8-16fecd4d65c1" isCollection="true" name="rezultati" id="2056.385dc27c-1a5b-4b9f-b4df-67caf7df7617" />
                    <ns16:dataObject itemSubjectRef="itm.12.f453f500-ca4e-4264-a371-72c1892e8b7c" isCollection="true" name="parametrov" id="2056.31a06388-fb55-4331-b3d0-20932b84f214" />
                    <ns16:dataObject itemSubjectRef="itm.12.db884a3c-c533-44b7-bb2d-47bec8ad4022" isCollection="false" name="kodaDrzaveSedeza" id="2056.0d99a0ea-07b6-4b66-a1f1-9d0084538674">
                        <ns16:extensionElements>
                            <ns3:defaultValue useDefault="false" />
                        </ns16:extensionElements>
                    </ns16:dataObject>
                </ns16:process>
            </ns16:definitions>
        </bpmn2Model>
        <link name="To End">
            <lastModified isNull="true" />
            <lastModifiedBy isNull="true" />
            <tenantId isNull="true" />
            <processLinkId>2027.5ebc7be3-9d03-46b5-97b7-38f125d7481e</processLinkId>
            <processId>1.5aa229e5-5045-4dc6-b61b-995d06830651</processId>
            <description isNull="true" />
            <fromProcessItemId>2025.bd7812a1-921c-4068-89ce-843027042477</fromProcessItemId>
            <endStateId>guid:d7766b7587753602:16bdf27c:11586c10093:-7ffa</endStateId>
            <toProcessItemId>2025.b38e29a5-54e4-4b3d-b38a-d9a447dde031</toProcessItemId>
            <guid>5e6557a7-a55a-439e-87d9-367f6026fe4e</guid>
            <versionId>704e43f4-8d65-48c1-b714-b9329c14deca</versionId>
            <layoutData>
                <controlPoints />
                <showEndState>false</showEndState>
                <showName>false</showName>
            </layoutData>
            <fromItemPort locationId="rightCenter" portType="1" />
            <toItemPort locationId="leftCenter" portType="2" />
            <fromProcessItemId>2025.bd7812a1-921c-4068-89ce-843027042477</fromProcessItemId>
            <toProcessItemId>2025.b38e29a5-54e4-4b3d-b38a-d9a447dde031</toProcessItemId>
        </link>
    </process>
</teamworks>

