<?xml version="1.0" encoding="UTF-8"?>
<teamworks>
    <process id="1.5bfbbdd2-aefd-499f-bc0b-077421812da7" name="SOR Pridobi dopustna zavarovanja SF">
        <lastModified>1749212215226</lastModified>
        <lastModifiedBy>bmihajlovic</lastModifiedBy>
        <tenantId isNull="true" />
        <processId>1.5bfbbdd2-aefd-499f-bc0b-077421812da7</processId>
        <image isNull="true" />
        <tabGroup isNull="true" />
        <startingProcessItemId>2025.7a15d750-0a55-4c61-8aa3-6ad5c05785a1</startingProcessItemId>
        <isRootProcess>false</isRootProcess>
        <processType>12</processType>
        <isErrorHandlerEnabled>false</isErrorHandlerEnabled>
        <errorHandlerItemId isNull="true" />
        <isLoggingVariables>false</isLoggingVariables>
        <isTransactional>false</isTransactional>
        <processTimingLevel isNull="true" />
        <participantRef isNull="true" />
        <exposedType>0</exposedType>
        <isTrackingEnabled>true</isTrackingEnabled>
        <xmlData isNull="true" />
        <cachingType>false</cachingType>
        <itemLabel isNull="true" />
        <cacheLength>0</cacheLength>
        <mobileReady>false</mobileReady>
        <sboSyncEnabled>true</sboSyncEnabled>
        <externalId isNull="true" />
        <isSecured>true</isSecured>
        <isAjaxExposed>true</isAjaxExposed>
        <isInvokedAsynchronously>false</isInvokedAsynchronously>
        <isTransactionalFlow>false</isTransactionalFlow>
        <description isNull="true" />
        <guid>guid:c0dbb457da533cc6:-130c2890:18e13ffbf32:-766a</guid>
        <versionId>1c4ab426-9a52-4681-ada7-6bf6df0d37c7</versionId>
        <dependencySummary>&lt;dependencySummary id="bpdid:b54225974eb7d993:-57f380f8:197451ea1a7:-4f6b" /&gt;</dependencySummary>
        <jsonData>{"rootElement":[{"flowElement":[{"parallelMultiple":false,"outgoing":["2027.932bc9ba-88e5-44a8-8e8b-f9cad169374e"],"isInterrupting":false,"extensionElements":{"nodeVisualInfo":[{"color":"#F8F8F8","width":24,"x":25,"y":80,"declaredType":"TNodeVisualInfo","height":24}]},"name":"Start","declaredType":"startEvent","id":"715c0e05-7dc6-40de-8457-a7d198379a03"},{"incoming":["73c22208-bad1-4744-8df9-832915e6d9e5"],"extensionElements":{"nodeVisualInfo":[{"color":"#F8F8F8","width":24,"x":650,"y":80,"declaredType":"TNodeVisualInfo","height":24}],"endStateId":["guid:c0dbb457da533cc6:-130c2890:18e13ffbf32:-7668"],"saveExecutionContext":[true]},"name":"End","declaredType":"endEvent","id":"f7a0df17-2b72-4c89-818c-3dba4f9d6eca"},{"targetRef":"7a15d750-0a55-4c61-8aa3-6ad5c05785a1","extensionElements":{"linkVisualInfo":[{"sourcePortLocation":"rightCenter","showCoachControlLabel":false,"labelPosition":0.0,"targetPortLocation":"leftCenter","declaredType":"TLinkVisualInfo","saveExecutionContext":false,"showLabel":false}]},"name":"To Priprava SQL","declaredType":"sequenceFlow","id":"2027.932bc9ba-88e5-44a8-8e8b-f9cad169374e","sourceRef":"715c0e05-7dc6-40de-8457-a7d198379a03"},{"startQuantity":1,"outgoing":["f4f5d556-e45f-480b-825a-7505b30b9d8a"],"incoming":["128edf90-d5df-480e-8b6d-e538e3cc12da"],"extensionElements":{"nodeVisualInfo":[{"width":95,"x":271,"y":57,"declaredType":"TNodeVisualInfo","height":70}],"activityType":["CalledProcess"]},"name":"Izvedba SQL","dataInputAssociation":[{"targetRef":"2055.9695b715-db44-410b-8a74-65cf1d31d8ab","assignment":[{"from":{"evaluatesToTypeRef":"itm.12.3990d8b4-983d-4250-bd06-3600f527fed0","declaredType":"TFormalExpression","content":["tw.local.sqlStatements"]}}]},{"targetRef":"2055.a634f531-c979-476c-91db-a17bf5e55c90","assignment":[{"from":{"evaluatesToTypeRef":"itm.12.c09c9b6e-aabd-4897-bef2-ed61db106297","declaredType":"TFormalExpression","content":["tw.env.SQL_VIR"]}}]}],"isForCompensation":false,"completionQuantity":1,"declaredType":"callActivity","id":"753aa5b8-18fe-4ce6-8ae5-584e1568c28e","dataOutputAssociation":[{"assignment":[{"to":{"evaluatesToTypeRef":"itm.12.3b1e3757-a1f4-4c3f-bbb8-16fecd4d65c1","declaredType":"TFormalExpression","content":["tw.local.results"]}}],"sourceRef":["2055.921cdfd7-ed55-4dca-a71d-e4401a90c57e"]}],"calledElement":"1.012e1a27-1a81-4e0e-97d9-8a2d8976dda7"},{"targetRef":"693f684e-6095-4384-8ce6-662a6b0ebe2e","extensionElements":{"sequenceFlowImplementation":[{"fireValidation":"Never","sboSyncEnabled":true,"declaredType":"com.ibm.bpmsdk.model.bpmn20.ibmext.TSequenceFlowImplementation"}],"endStateId":["guid:b5ffa6577ed3a684:-4e3a2174:115951f71d3:-7fe8"],"linkVisualInfo":[{"sourcePortLocation":"rightCenter","showCoachControlLabel":false,"labelPosition":0.0,"targetPortLocation":"leftCenter","declaredType":"TLinkVisualInfo","saveExecutionContext":true,"showLabel":false}]},"name":"To SQL Rezultati","declaredType":"sequenceFlow","id":"f4f5d556-e45f-480b-825a-7505b30b9d8a","sourceRef":"753aa5b8-18fe-4ce6-8ae5-584e1568c28e"},{"itemSubjectRef":"itm.12.3b1e3757-a1f4-4c3f-bbb8-16fecd4d65c1","name":"results","isCollection":true,"declaredType":"dataObject","id":"2056.de6f0cba-1951-4b0b-883f-b2be6671efce"},{"startQuantity":1,"outgoing":["128edf90-d5df-480e-8b6d-e538e3cc12da"],"incoming":["2027.932bc9ba-88e5-44a8-8e8b-f9cad169374e"],"extensionElements":{"nodeVisualInfo":[{"width":95,"x":109,"y":57,"declaredType":"TNodeVisualInfo","height":70}]},"name":"Priprava SQL","isForCompensation":false,"completionQuantity":1,"declaredType":"scriptTask","id":"7a15d750-0a55-4c61-8aa3-6ad5c05785a1","scriptFormat":"text\/x-javascript","script":{"content":["tw.local.sqlStatements = [];\r\ntw.local.sqlStatements[0] = {};\r\ntw.local.sqlStatements[0].sql = \"SELECT DISTINCT \\\r\n\t\t\t\t\t\tk.id_kategorija_zavarovanja as ID, \\\r\n\t\t\t\t\t\tk.naziv_kat_zavarovanja as Naziv, \\\r\n\t\t\t\t\t\tk.sklop_zavarovanja as Koda \\\r\n\t\t\t\t\t   FROM kp.produktverzija_dopus_zavarov dz \\\r\n\t\t\t\t\t   LEFT JOIN kz.sif_kategorija_zavarovanja k ON k.id_kategorija_zavarovanja = dz.id_kategorija_zavarovanja \\\r\n\t\t\t\t\t   INNER JOIN kz.sif_podkategorija_zavarovanja pk ON pk.id_kategorija_zavarovanja = dz.id_kategorija_zavarovanja AND pk.vidno_stranki = 0 \\\r\n\t\t\t\t\t   WHERE \\\r\n\t\t\t\t\t   \tid_produktverzija = ? AND \\\r\n\t\t\t\t\t   \tk.je_aktiven = 1 AND \\\r\n\t\t\t\t\t   \tpk.je_aktiven = 1 AND \\\r\n\t\t\t\t\t   \tdz.je_aktiven = 1\";\r\n\t\t\t\t\t\t\r\ntw.local.sqlStatements[0].parameters = [];\r\ntw.local.sqlStatements[0].parameters[0] = {};\r\ntw.local.sqlStatements[0].parameters[0].mode = \"IN\";\r\ntw.local.sqlStatements[0].parameters[0].type = \"NUMERIC\";\r\ntw.local.sqlStatements[0].parameters[0].value = tw.local.idProduktVerzija;\r\n\r\ntw.local.sqlStatements[1] = {};\r\ntw.local.sqlStatements[1].sql = \"SELECT DISTINCT \\\r\n\t\t\t\t\t\tk.id_kategorija_zavarovanja  as ID, \\\r\n\t\t\t\t\t\tk.naziv_kat_zavarovanja as Naziv, \\\r\n\t\t\t\t\t\tk.sklop_zavarovanja as Koda \\\r\n\t\t\t\t\t   FROM kz.sif_kategorija_zavarovanja k \\\r\n\t\t\t\t\t   INNER JOIN kz.sif_podkategorija_zavarovanja pk ON pk.id_kategorija_zavarovanja = k.id_kategorija_zavarovanja AND pk.vidno_stranki = 0 \\\r\n\t\t\t\t\t   WHERE \\\r\n\t\t\t\t\t   \tk.je_aktiven = 1 AND \\\r\n\t\t\t\t\t   \tpk.je_aktiven = 1\";\r\n\t\t\t\t\t\t\r\ntw.local.sqlStatements[1].parameters = [];"]}},{"targetRef":"753aa5b8-18fe-4ce6-8ae5-584e1568c28e","extensionElements":{"linkVisualInfo":[{"sourcePortLocation":"rightCenter","showCoachControlLabel":false,"labelPosition":0.0,"targetPortLocation":"leftCenter","declaredType":"TLinkVisualInfo","saveExecutionContext":false,"showLabel":false}]},"name":"To Izvedba SQL","declaredType":"sequenceFlow","id":"128edf90-d5df-480e-8b6d-e538e3cc12da","sourceRef":"7a15d750-0a55-4c61-8aa3-6ad5c05785a1"},{"itemSubjectRef":"itm.12.3990d8b4-983d-4250-bd06-3600f527fed0","name":"sqlStatements","isCollection":true,"declaredType":"dataObject","id":"2056.9f4e99db-a2a8-42c4-8e88-9b46f8c54989"},{"startQuantity":1,"outgoing":["73c22208-bad1-4744-8df9-832915e6d9e5"],"incoming":["f4f5d556-e45f-480b-825a-7505b30b9d8a"],"extensionElements":{"nodeVisualInfo":[{"width":95,"x":427,"y":57,"declaredType":"TNodeVisualInfo","height":70}]},"name":"SQL Rezultati","isForCompensation":false,"completionQuantity":1,"declaredType":"scriptTask","id":"693f684e-6095-4384-8ce6-662a6b0ebe2e","scriptFormat":"text\/x-javascript","script":{"content":["tw.local.dopustnaZavarovanja = [];\r\nif(tw.local.results[0].rows.listLength &gt; 0){\r\n\tfor (var i=0; i&lt;tw.local.results[0].rows.length; i++) {\r\n\t\ttw.local.dopustnaZavarovanja[i] = {};\r\n\t\ttw.local.dopustnaZavarovanja[i].id = tw.local.results[0].rows[i].indexedMap.ID;\r\n\t\ttw.local.dopustnaZavarovanja[i].naziv = tw.local.results[0].rows[i].indexedMap.Naziv;\r\n\t\ttw.local.dopustnaZavarovanja[i].koda = tw.local.results[0].rows[i].indexedMap.Koda;\r\n\t}\r\n}else{\r\n\tfor (var i=0; i&lt;tw.local.results[1].rows.length; i++) {\r\n\t\ttw.local.dopustnaZavarovanja[i] = {};\r\n\t\ttw.local.dopustnaZavarovanja[i].id = tw.local.results[1].rows[i].indexedMap.ID;\r\n\t\ttw.local.dopustnaZavarovanja[i].naziv = tw.local.results[1].rows[i].indexedMap.Naziv;\r\n\t\ttw.local.dopustnaZavarovanja[i].koda = tw.local.results[1].rows[i].indexedMap.Koda;\r\n\t}\r\n}"]}},{"targetRef":"f7a0df17-2b72-4c89-818c-3dba4f9d6eca","extensionElements":{"sequenceFlowImplementation":[{"fireValidation":"Never","sboSyncEnabled":true,"declaredType":"com.ibm.bpmsdk.model.bpmn20.ibmext.TSequenceFlowImplementation"}],"linkVisualInfo":[{"sourcePortLocation":"rightCenter","showCoachControlLabel":false,"labelPosition":0.0,"targetPortLocation":"leftCenter","declaredType":"TLinkVisualInfo","saveExecutionContext":true,"showLabel":false}]},"name":"To Script Task1","declaredType":"sequenceFlow","id":"73c22208-bad1-4744-8df9-832915e6d9e5","sourceRef":"693f684e-6095-4384-8ce6-662a6b0ebe2e"}],"laneSet":[{"id":"abc6f263-38b1-4dc5-86d9-f52b8fd3d163","lane":[{"flowNodeRef":["715c0e05-7dc6-40de-8457-a7d198379a03","f7a0df17-2b72-4c89-818c-3dba4f9d6eca","753aa5b8-18fe-4ce6-8ae5-584e1568c28e","7a15d750-0a55-4c61-8aa3-6ad5c05785a1","693f684e-6095-4384-8ce6-662a6b0ebe2e"],"extensionElements":{"nodeVisualInfo":[{"color":"#F8F8F8","width":3000,"x":0,"y":0,"declaredType":"TNodeVisualInfo","height":500}]},"name":"System","partitionElementRef":"24.6fd38d02-81cf-48ab-bd42-8ff4c0a1628b","declaredType":"lane","id":"f5db94f9-400f-4074-8022-bf4b63fcc267","otherAttributes":{"{http:\/\/www.ibm.com\/xmlns\/prod\/bpm\/bpmn\/ext\/process\/wle}isSystemLane":"true"}}]}],"isClosed":false,"extensionElements":{"isSecured":[true],"isAjaxExposed":[true],"sboSyncEnabled":[true]},"documentation":[{"textFormat":"text\/plain"}],"name":"SOR Pridobi dopustna zavarovanja SF","declaredType":"process","id":"1.5bfbbdd2-aefd-499f-bc0b-077421812da7","processType":"None","otherAttributes":{"{http:\/\/www.ibm.com\/xmlns\/prod\/bpm\/bpmn\/ext\/process}executionMode":"microflow"},"ioSpecification":{"dataOutput":[{"itemSubjectRef":"itm.12.e820db8a-5806-4a4b-a6b3-2de31193eb53","name":"dopustnaZavarovanja","isCollection":true,"id":"2055.43eed712-13ac-47da-8e46-773c48235b2b"}],"inputSet":[{"dataInputRefs":["2055.c92e4015-4523-47e3-894d-8b0a2b4a50ce"]}],"outputSet":[{"dataOutputRefs":["2055.43eed712-13ac-47da-8e46-773c48235b2b"]}],"dataInput":[{"extensionElements":{"defaultValue":[{"declaredType":"com.ibm.bpmsdk.model.bpmn20.ibmext.TDefaultValue","useDefault":false,"value":"469"}]},"itemSubjectRef":"itm.12.3fa0d7a0-828a-4d60-99cc-db5ed143fc2d","name":"idProduktVerzija","isCollection":false,"id":"2055.c92e4015-4523-47e3-894d-8b0a2b4a50ce"}]}}],"targetNamespace":"","typeLanguage":"http:\/\/www.w3.org\/2001\/XMLSchema","expressionLanguage":"http:\/\/www.ibm.com\/xmlns\/prod\/bpm\/expression-lang\/javascript"}</jsonData>
        <field1 isNull="true" />
        <field2 isNull="true" />
        <field3>0</field3>
        <field4 isNull="true" />
        <field5>false</field5>
        <clobField1 isNull="true" />
        <blobField1 isNull="true" />
        <processParameter name="idProduktVerzija">
            <lastModified isNull="true" />
            <lastModifiedBy isNull="true" />
            <tenantId isNull="true" />
            <processParameterId>2055.c92e4015-4523-47e3-894d-8b0a2b4a50ce</processParameterId>
            <processId>1.5bfbbdd2-aefd-499f-bc0b-077421812da7</processId>
            <parameterType>1</parameterType>
            <isArrayOf>false</isArrayOf>
            <classId>34b0d65f-7524-4bdf-81fb-fcf6680322a1/12.3fa0d7a0-828a-4d60-99cc-db5ed143fc2d</classId>
            <seq>1</seq>
            <hasDefault>false</hasDefault>
            <defaultValue isNull="true" />
            <isLocked>false</isLocked>
            <description isNull="true" />
            <guid>4bb7e27f-a75e-40e9-8507-64fe07e0501d</guid>
            <versionId>4658d104-58dc-4e0a-8fc8-b8937888c8b3</versionId>
        </processParameter>
        <processParameter name="dopustnaZavarovanja">
            <lastModified isNull="true" />
            <lastModifiedBy isNull="true" />
            <tenantId isNull="true" />
            <processParameterId>2055.43eed712-13ac-47da-8e46-773c48235b2b</processParameterId>
            <processId>1.5bfbbdd2-aefd-499f-bc0b-077421812da7</processId>
            <parameterType>2</parameterType>
            <isArrayOf>true</isArrayOf>
            <classId>04c2a412-3a5f-4ab7-bc26-7d70e1f0ff70/12.e820db8a-5806-4a4b-a6b3-2de31193eb53</classId>
            <seq>2</seq>
            <hasDefault>false</hasDefault>
            <defaultValue isNull="true" />
            <isLocked>false</isLocked>
            <description isNull="true" />
            <guid>8eeabcd8-0cda-4ab0-a571-6f0396ff434e</guid>
            <versionId>8741a357-33ff-42ce-8a74-72352eb56b0b</versionId>
        </processParameter>
        <processVariable name="results">
            <lastModified isNull="true" />
            <lastModifiedBy isNull="true" />
            <tenantId isNull="true" />
            <processVariableId>2056.de6f0cba-1951-4b0b-883f-b2be6671efce</processVariableId>
            <description isNull="true" />
            <processId>1.5bfbbdd2-aefd-499f-bc0b-077421812da7</processId>
            <namespace>2</namespace>
            <seq>1</seq>
            <isArrayOf>true</isArrayOf>
            <isTransient>false</isTransient>
            <classId>34b0d65f-7524-4bdf-81fb-fcf6680322a1/12.3b1e3757-a1f4-4c3f-bbb8-16fecd4d65c1</classId>
            <hasDefault>false</hasDefault>
            <defaultValue isNull="true" />
            <guid>c7648481-31c6-48a3-a68f-ba37664985e9</guid>
            <versionId>d872d348-77e5-4fa2-bbc1-7a63b1a93ad9</versionId>
        </processVariable>
        <processVariable name="sqlStatements">
            <lastModified isNull="true" />
            <lastModifiedBy isNull="true" />
            <tenantId isNull="true" />
            <processVariableId>2056.9f4e99db-a2a8-42c4-8e88-9b46f8c54989</processVariableId>
            <description isNull="true" />
            <processId>1.5bfbbdd2-aefd-499f-bc0b-077421812da7</processId>
            <namespace>2</namespace>
            <seq>2</seq>
            <isArrayOf>true</isArrayOf>
            <isTransient>false</isTransient>
            <classId>34b0d65f-7524-4bdf-81fb-fcf6680322a1/12.3990d8b4-983d-4250-bd06-3600f527fed0</classId>
            <hasDefault>false</hasDefault>
            <defaultValue isNull="true" />
            <guid>aafa6532-d2db-429d-932b-3c978d023836</guid>
            <versionId>5ef52eb4-abb1-48a2-9048-b2959cb06452</versionId>
        </processVariable>
        <item>
            <lastModified isNull="true" />
            <lastModifiedBy isNull="true" />
            <tenantId isNull="true" />
            <processItemId>2025.7a15d750-0a55-4c61-8aa3-6ad5c05785a1</processItemId>
            <processId>1.5bfbbdd2-aefd-499f-bc0b-077421812da7</processId>
            <name>Priprava SQL</name>
            <tWComponentName>Script</tWComponentName>
            <tWComponentId>3011.fec61b43-ec93-47af-8cec-70be23be3e61</tWComponentId>
            <isLogEnabled>false</isLogEnabled>
            <isTraceEnabled>false</isTraceEnabled>
            <traceCategory isNull="true" />
            <traceLevel isNull="true" />
            <traceMessage isNull="true" />
            <traceSymbolTable isNull="true" />
            <isExecutionContextTraced>false</isExecutionContextTraced>
            <saveExecutionContext>false</saveExecutionContext>
            <documentation isNull="true" />
            <isErrorHandlerEnabled>false</isErrorHandlerEnabled>
            <errorHandlerItemId isNull="true" />
            <guid>guid:c0dbb457da533cc6:-130c2890:18e13ffbf32:-75af</guid>
            <versionId>0b5c6d6e-d54d-4ecc-a6c4-3069345c4c9a</versionId>
            <externalServiceRef isNull="true" />
            <externalServiceOp isNull="true" />
            <nodeColor isNull="true" />
            <layoutData x="109" y="57">
                <errorLink>
                    <controlPoints />
                    <showEndState>false</showEndState>
                    <showName>false</showName>
                </errorLink>
            </layoutData>
            <TWComponent>
                <lastModified isNull="true" />
                <lastModifiedBy isNull="true" />
                <tenantId isNull="true" />
                <scriptId>3011.fec61b43-ec93-47af-8cec-70be23be3e61</scriptId>
                <scriptTypeId>2</scriptTypeId>
                <isActive>true</isActive>
                <script>tw.local.sqlStatements = [];&#xD;
tw.local.sqlStatements[0] = {};&#xD;
tw.local.sqlStatements[0].sql = "SELECT DISTINCT \&#xD;
						k.id_kategorija_zavarovanja as ID, \&#xD;
						k.naziv_kat_zavarovanja as Naziv, \&#xD;
						k.sklop_zavarovanja as Koda \&#xD;
					   FROM kp.produktverzija_dopus_zavarov dz \&#xD;
					   LEFT JOIN kz.sif_kategorija_zavarovanja k ON k.id_kategorija_zavarovanja = dz.id_kategorija_zavarovanja \&#xD;
					   INNER JOIN kz.sif_podkategorija_zavarovanja pk ON pk.id_kategorija_zavarovanja = dz.id_kategorija_zavarovanja AND pk.vidno_stranki = 0 \&#xD;
					   WHERE \&#xD;
					   	id_produktverzija = ? AND \&#xD;
					   	k.je_aktiven = 1 AND \&#xD;
					   	pk.je_aktiven = 1 AND \&#xD;
					   	dz.je_aktiven = 1";&#xD;
						&#xD;
tw.local.sqlStatements[0].parameters = [];&#xD;
tw.local.sqlStatements[0].parameters[0] = {};&#xD;
tw.local.sqlStatements[0].parameters[0].mode = "IN";&#xD;
tw.local.sqlStatements[0].parameters[0].type = "NUMERIC";&#xD;
tw.local.sqlStatements[0].parameters[0].value = tw.local.idProduktVerzija;&#xD;
&#xD;
tw.local.sqlStatements[1] = {};&#xD;
tw.local.sqlStatements[1].sql = "SELECT DISTINCT \&#xD;
						k.id_kategorija_zavarovanja  as ID, \&#xD;
						k.naziv_kat_zavarovanja as Naziv, \&#xD;
						k.sklop_zavarovanja as Koda \&#xD;
					   FROM kz.sif_kategorija_zavarovanja k \&#xD;
					   INNER JOIN kz.sif_podkategorija_zavarovanja pk ON pk.id_kategorija_zavarovanja = k.id_kategorija_zavarovanja AND pk.vidno_stranki = 0 \&#xD;
					   WHERE \&#xD;
					   	k.je_aktiven = 1 AND \&#xD;
					   	pk.je_aktiven = 1";&#xD;
						&#xD;
tw.local.sqlStatements[1].parameters = [];</script>
                <isRule>false</isRule>
                <guid>9a4b5864-266f-4c30-abee-5960c2fe8e96</guid>
                <versionId>ec2a4637-6790-4c5c-ba77-5f4ee80db8aa</versionId>
            </TWComponent>
        </item>
        <item>
            <lastModified isNull="true" />
            <lastModifiedBy isNull="true" />
            <tenantId isNull="true" />
            <processItemId>2025.f7a0df17-2b72-4c89-818c-3dba4f9d6eca</processItemId>
            <processId>1.5bfbbdd2-aefd-499f-bc0b-077421812da7</processId>
            <name>End</name>
            <tWComponentName>ExitPoint</tWComponentName>
            <tWComponentId>3008.e804e609-9925-40f4-8d2d-8c6a5ff4c21f</tWComponentId>
            <isLogEnabled>false</isLogEnabled>
            <isTraceEnabled>false</isTraceEnabled>
            <traceCategory isNull="true" />
            <traceLevel isNull="true" />
            <traceMessage isNull="true" />
            <traceSymbolTable isNull="true" />
            <isExecutionContextTraced>false</isExecutionContextTraced>
            <saveExecutionContext>true</saveExecutionContext>
            <documentation isNull="true" />
            <isErrorHandlerEnabled>false</isErrorHandlerEnabled>
            <errorHandlerItemId isNull="true" />
            <guid>guid:c0dbb457da533cc6:-130c2890:18e13ffbf32:-7668</guid>
            <versionId>e6a4030f-fc59-4f59-8611-1e5ff7a0877d</versionId>
            <externalServiceRef isNull="true" />
            <externalServiceOp isNull="true" />
            <nodeColor isNull="true" />
            <layoutData x="650" y="80">
                <errorLink>
                    <controlPoints />
                    <showEndState>false</showEndState>
                    <showName>false</showName>
                </errorLink>
            </layoutData>
            <TWComponent>
                <lastModified isNull="true" />
                <lastModifiedBy isNull="true" />
                <tenantId isNull="true" />
                <exitPointId>3008.e804e609-9925-40f4-8d2d-8c6a5ff4c21f</exitPointId>
                <haltProcess>false</haltProcess>
                <guid>c042b284-936f-4e17-8b13-aff869bf4c85</guid>
                <versionId>712b8b5e-ed20-4172-95fa-4bdef7ae978a</versionId>
            </TWComponent>
        </item>
        <item>
            <lastModified isNull="true" />
            <lastModifiedBy isNull="true" />
            <tenantId isNull="true" />
            <processItemId>2025.693f684e-6095-4384-8ce6-662a6b0ebe2e</processItemId>
            <processId>1.5bfbbdd2-aefd-499f-bc0b-077421812da7</processId>
            <name>SQL Rezultati</name>
            <tWComponentName>Script</tWComponentName>
            <tWComponentId>3011.b51937ea-df2f-415f-96b2-1dae53adf0ac</tWComponentId>
            <isLogEnabled>false</isLogEnabled>
            <isTraceEnabled>false</isTraceEnabled>
            <traceCategory isNull="true" />
            <traceLevel isNull="true" />
            <traceMessage isNull="true" />
            <traceSymbolTable isNull="true" />
            <isExecutionContextTraced>false</isExecutionContextTraced>
            <saveExecutionContext>false</saveExecutionContext>
            <documentation isNull="true" />
            <isErrorHandlerEnabled>false</isErrorHandlerEnabled>
            <errorHandlerItemId isNull="true" />
            <guid>guid:c0dbb457da533cc6:-130c2890:18e13ffbf32:-728d</guid>
            <versionId>e95f7b1e-6896-44ca-921d-81f3822a06cb</versionId>
            <externalServiceRef isNull="true" />
            <externalServiceOp isNull="true" />
            <nodeColor isNull="true" />
            <layoutData x="427" y="57">
                <errorLink>
                    <controlPoints />
                    <showEndState>false</showEndState>
                    <showName>false</showName>
                </errorLink>
            </layoutData>
            <TWComponent>
                <lastModified isNull="true" />
                <lastModifiedBy isNull="true" />
                <tenantId isNull="true" />
                <scriptId>3011.b51937ea-df2f-415f-96b2-1dae53adf0ac</scriptId>
                <scriptTypeId>2</scriptTypeId>
                <isActive>true</isActive>
                <script>tw.local.dopustnaZavarovanja = [];&#xD;
if(tw.local.results[0].rows.listLength &gt; 0){&#xD;
	for (var i=0; i&lt;tw.local.results[0].rows.length; i++) {&#xD;
		tw.local.dopustnaZavarovanja[i] = {};&#xD;
		tw.local.dopustnaZavarovanja[i].id = tw.local.results[0].rows[i].indexedMap.ID;&#xD;
		tw.local.dopustnaZavarovanja[i].naziv = tw.local.results[0].rows[i].indexedMap.Naziv;&#xD;
		tw.local.dopustnaZavarovanja[i].koda = tw.local.results[0].rows[i].indexedMap.Koda;&#xD;
	}&#xD;
}else{&#xD;
	for (var i=0; i&lt;tw.local.results[1].rows.length; i++) {&#xD;
		tw.local.dopustnaZavarovanja[i] = {};&#xD;
		tw.local.dopustnaZavarovanja[i].id = tw.local.results[1].rows[i].indexedMap.ID;&#xD;
		tw.local.dopustnaZavarovanja[i].naziv = tw.local.results[1].rows[i].indexedMap.Naziv;&#xD;
		tw.local.dopustnaZavarovanja[i].koda = tw.local.results[1].rows[i].indexedMap.Koda;&#xD;
	}&#xD;
}</script>
                <isRule>false</isRule>
                <guid>aa6d1352-27ac-4c1b-ac54-4f822b181800</guid>
                <versionId>a9e57383-2c3e-437d-b54a-2f50876848da</versionId>
            </TWComponent>
        </item>
        <item>
            <lastModified isNull="true" />
            <lastModifiedBy isNull="true" />
            <tenantId isNull="true" />
            <processItemId>2025.753aa5b8-18fe-4ce6-8ae5-584e1568c28e</processItemId>
            <processId>1.5bfbbdd2-aefd-499f-bc0b-077421812da7</processId>
            <name>Izvedba SQL</name>
            <tWComponentName>SubProcess</tWComponentName>
            <tWComponentId>3012.28a80631-4b51-4d96-81c9-dce497475b4f</tWComponentId>
            <isLogEnabled>false</isLogEnabled>
            <isTraceEnabled>false</isTraceEnabled>
            <traceCategory isNull="true" />
            <traceLevel isNull="true" />
            <traceMessage isNull="true" />
            <traceSymbolTable isNull="true" />
            <isExecutionContextTraced>false</isExecutionContextTraced>
            <saveExecutionContext>false</saveExecutionContext>
            <documentation isNull="true" />
            <isErrorHandlerEnabled>false</isErrorHandlerEnabled>
            <errorHandlerItemId isNull="true" />
            <guid>guid:c0dbb457da533cc6:-130c2890:18e13ffbf32:-75bd</guid>
            <versionId>eb617042-6f89-458e-aaa7-986e79ca3f60</versionId>
            <externalServiceRef isNull="true" />
            <externalServiceOp isNull="true" />
            <nodeColor isNull="true" />
            <layoutData x="271" y="57">
                <errorLink>
                    <controlPoints />
                    <showEndState>false</showEndState>
                    <showName>false</showName>
                </errorLink>
            </layoutData>
            <TWComponent>
                <lastModified isNull="true" />
                <lastModifiedBy isNull="true" />
                <tenantId isNull="true" />
                <subProcessId>3012.28a80631-4b51-4d96-81c9-dce497475b4f</subProcessId>
                <attachedProcessRef>34b0d65f-7524-4bdf-81fb-fcf6680322a1/1.012e1a27-1a81-4e0e-97d9-8a2d8976dda7</attachedProcessRef>
                <guid>ade71f05-bd35-4d74-919a-8fa99de15712</guid>
                <versionId>df65443a-0cf3-4b8c-aa03-6730c2c35d53</versionId>
                <parameterMapping name="sqlStatements">
                    <lastModified isNull="true" />
                    <lastModifiedBy isNull="true" />
                    <tenantId isNull="true" />
                    <parameterMappingId>2054.5ecf03bc-1650-41bf-adb4-b383483bdaa3</parameterMappingId>
                    <processParameterId>2055.9695b715-db44-410b-8a74-65cf1d31d8ab</processParameterId>
                    <parameterMappingParentId>3012.28a80631-4b51-4d96-81c9-dce497475b4f</parameterMappingParentId>
                    <useDefault>false</useDefault>
                    <value>tw.local.sqlStatements</value>
                    <classRef>/12.3990d8b4-983d-4250-bd06-3600f527fed0</classRef>
                    <isList>true</isList>
                    <isInput>true</isInput>
                    <mappingMode isNull="true" />
                    <sourcePath isNull="true" />
                    <targetPath isNull="true" />
                    <guid>c54bf224-5a5e-4f02-8593-04f524e78296</guid>
                    <versionId>66e70ef0-0000-4289-8824-da803476f59c</versionId>
                    <description isNull="true" />
                </parameterMapping>
                <parameterMapping name="results">
                    <lastModified isNull="true" />
                    <lastModifiedBy isNull="true" />
                    <tenantId isNull="true" />
                    <parameterMappingId>2054.51dfa377-4921-4362-ba3f-ef4b390296df</parameterMappingId>
                    <processParameterId>2055.921cdfd7-ed55-4dca-a71d-e4401a90c57e</processParameterId>
                    <parameterMappingParentId>3012.28a80631-4b51-4d96-81c9-dce497475b4f</parameterMappingParentId>
                    <useDefault>false</useDefault>
                    <value>tw.local.results</value>
                    <classRef>/12.3b1e3757-a1f4-4c3f-bbb8-16fecd4d65c1</classRef>
                    <isList>true</isList>
                    <isInput>false</isInput>
                    <mappingMode isNull="true" />
                    <sourcePath isNull="true" />
                    <targetPath isNull="true" />
                    <guid>06d39077-faa4-49c4-882d-a53228b7e0e7</guid>
                    <versionId>9a9207be-44b7-411a-9d10-5e343f74f9f6</versionId>
                    <description isNull="true" />
                </parameterMapping>
                <parameterMapping name="dataSourceName">
                    <lastModified isNull="true" />
                    <lastModifiedBy isNull="true" />
                    <tenantId isNull="true" />
                    <parameterMappingId>2054.5d0ebb13-1b77-40da-84a6-b18e5eecc043</parameterMappingId>
                    <processParameterId>2055.a634f531-c979-476c-91db-a17bf5e55c90</processParameterId>
                    <parameterMappingParentId>3012.28a80631-4b51-4d96-81c9-dce497475b4f</parameterMappingParentId>
                    <useDefault>false</useDefault>
                    <value>tw.env.SQL_VIR</value>
                    <classRef>/12.db884a3c-c533-44b7-bb2d-47bec8ad4022</classRef>
                    <isList>false</isList>
                    <isInput>true</isInput>
                    <mappingMode isNull="true" />
                    <sourcePath isNull="true" />
                    <targetPath isNull="true" />
                    <guid>82dce54a-2a07-4460-b4fe-3c7c302435f5</guid>
                    <versionId>d81b7d66-920b-4378-a688-9c4f46926529</versionId>
                    <description isNull="true" />
                </parameterMapping>
            </TWComponent>
        </item>
        <startingProcessItemId>2025.7a15d750-0a55-4c61-8aa3-6ad5c05785a1</startingProcessItemId>
        <errorHandlerItemId isNull="true" />
        <layoutData noConversion="true">
            <errorLink>
                <controlPoints />
                <showEndState>false</showEndState>
                <showName>false</showName>
            </errorLink>
        </layoutData>
        <startPoint>
            <layoutData x="25" y="80">
                <errorLink>
                    <controlPoints />
                    <showEndState>false</showEndState>
                    <showName>false</showName>
                </errorLink>
            </layoutData>
        </startPoint>
        <startLink>
            <fromPort locationId="rightCenter" portType="1" />
            <toPort locationId="leftCenter" portType="2" />
            <layoutData>
                <controlPoints />
                <showEndState>false</showEndState>
                <showName>false</showName>
            </layoutData>
        </startLink>
        <bpmn2Model>
            <ns16:definitions xmlns:ns16="http://www.omg.org/spec/BPMN/20100524/MODEL" xmlns:ns2="http://www.ibm.com/xmlns/prod/bpm/bpmn/ext/trackinggroup" xmlns:ns3="http://www.ibm.com/xmlns/prod/bpm/bpmn/ext/process" xmlns:ns4="http://www.ibm.com/xmlns/prod/bpm/bpmn/ext/process/wle" xmlns:ns5="http://www.ibm.com/xmlns/prod/bpm/bpmn/ext/process/case" xmlns:ns6="http://www.ibm.com/bpm/Extensions" xmlns:ns7="http://www.ibm.com/xmlns/prod/bpm/uca" xmlns:ns8="http://www.ibm.com/xmlns/prod/bpm/bpmn/ext/team" xmlns:ns9="http://www.ibm.com/xmlns/bpmnx/20100524/v1/BusinessVocabulary" xmlns:ns10="http://www.omg.org/spec/DD/20100524/DI" xmlns:ns11="http://www.omg.org/spec/DD/20100524/DC" xmlns:ns12="http://www.omg.org/spec/BPMN/20100524/BPMNDI" xmlns:ns13="http://www.ibm.com/xmlns/prod/bpm/graph" xmlns:ns14="http://www.ibm.com/xmlns/prod/bpm/bpmn/ext/process/auth" xmlns:ns15="http://www.ibm.com/xmlns/prod/bpm/bpmn/ext/extservice" xmlns:ns17="http://www.ibm.com/bpm/processappsettings" xmlns:ns18="http://www.ibm.com/xmlns/links" xmlns:ns19="http://www.ibm.com/bpm/CoachDesignerNG" xmlns:ns20="http://www.ibm.com/xmlns/tagging" xmlns:ns21="http://www.ibm.com/bpm/uitheme" xmlns:ns22="http://www.ibm.com/bpm/coachview" targetNamespace="" expressionLanguage="http://www.ibm.com/xmlns/prod/bpm/expression-lang/javascript" typeLanguage="http://www.w3.org/2001/XMLSchema">
                <ns16:process name="SOR Pridobi dopustna zavarovanja SF" id="1.5bfbbdd2-aefd-499f-bc0b-077421812da7" ns3:executionMode="microflow">
                    <ns16:documentation textFormat="text/plain" />
                    <ns16:extensionElements>
                        <ns3:isSecured>true</ns3:isSecured>
                        <ns3:isAjaxExposed>true</ns3:isAjaxExposed>
                        <ns3:sboSyncEnabled>true</ns3:sboSyncEnabled>
                    </ns16:extensionElements>
                    <ns16:ioSpecification>
                        <ns16:dataInput name="idProduktVerzija" itemSubjectRef="itm.12.3fa0d7a0-828a-4d60-99cc-db5ed143fc2d" isCollection="false" id="2055.c92e4015-4523-47e3-894d-8b0a2b4a50ce">
                            <ns16:extensionElements>
                                <ns3:defaultValue useDefault="false">469</ns3:defaultValue>
                            </ns16:extensionElements>
                        </ns16:dataInput>
                        <ns16:dataOutput name="dopustnaZavarovanja" itemSubjectRef="itm.12.e820db8a-5806-4a4b-a6b3-2de31193eb53" isCollection="true" id="2055.43eed712-13ac-47da-8e46-773c48235b2b" />
                        <ns16:inputSet>
                            <ns16:dataInputRefs>2055.c92e4015-4523-47e3-894d-8b0a2b4a50ce</ns16:dataInputRefs>
                        </ns16:inputSet>
                        <ns16:outputSet>
                            <ns16:dataOutputRefs>2055.43eed712-13ac-47da-8e46-773c48235b2b</ns16:dataOutputRefs>
                        </ns16:outputSet>
                    </ns16:ioSpecification>
                    <ns16:laneSet id="abc6f263-38b1-4dc5-86d9-f52b8fd3d163">
                        <ns16:lane name="System" partitionElementRef="24.6fd38d02-81cf-48ab-bd42-8ff4c0a1628b" id="f5db94f9-400f-4074-8022-bf4b63fcc267" ns4:isSystemLane="true">
                            <ns16:extensionElements>
                                <ns13:nodeVisualInfo x="0" y="0" width="3000" height="500" color="#F8F8F8" />
                            </ns16:extensionElements>
                            <ns16:flowNodeRef>715c0e05-7dc6-40de-8457-a7d198379a03</ns16:flowNodeRef>
                            <ns16:flowNodeRef>f7a0df17-2b72-4c89-818c-3dba4f9d6eca</ns16:flowNodeRef>
                            <ns16:flowNodeRef>753aa5b8-18fe-4ce6-8ae5-584e1568c28e</ns16:flowNodeRef>
                            <ns16:flowNodeRef>7a15d750-0a55-4c61-8aa3-6ad5c05785a1</ns16:flowNodeRef>
                            <ns16:flowNodeRef>693f684e-6095-4384-8ce6-662a6b0ebe2e</ns16:flowNodeRef>
                        </ns16:lane>
                    </ns16:laneSet>
                    <ns16:startEvent isInterrupting="false" parallelMultiple="false" name="Start" id="715c0e05-7dc6-40de-8457-a7d198379a03">
                        <ns16:extensionElements>
                            <ns13:nodeVisualInfo x="25" y="80" width="24" height="24" color="#F8F8F8" />
                        </ns16:extensionElements>
                        <ns16:outgoing>2027.932bc9ba-88e5-44a8-8e8b-f9cad169374e</ns16:outgoing>
                    </ns16:startEvent>
                    <ns16:endEvent name="End" id="f7a0df17-2b72-4c89-818c-3dba4f9d6eca">
                        <ns16:extensionElements>
                            <ns13:nodeVisualInfo x="650" y="80" width="24" height="24" color="#F8F8F8" />
                            <ns4:saveExecutionContext>true</ns4:saveExecutionContext>
                            <ns3:endStateId>guid:c0dbb457da533cc6:-130c2890:18e13ffbf32:-7668</ns3:endStateId>
                        </ns16:extensionElements>
                        <ns16:incoming>73c22208-bad1-4744-8df9-832915e6d9e5</ns16:incoming>
                    </ns16:endEvent>
                    <ns16:sequenceFlow sourceRef="715c0e05-7dc6-40de-8457-a7d198379a03" targetRef="7a15d750-0a55-4c61-8aa3-6ad5c05785a1" name="To Priprava SQL" id="2027.932bc9ba-88e5-44a8-8e8b-f9cad169374e">
                        <ns16:extensionElements>
                            <ns13:linkVisualInfo>
                                <ns13:sourcePortLocation>rightCenter</ns13:sourcePortLocation>
                                <ns13:targetPortLocation>leftCenter</ns13:targetPortLocation>
                                <ns13:showLabel>false</ns13:showLabel>
                                <ns13:showCoachControlLabel>false</ns13:showCoachControlLabel>
                                <ns13:labelPosition>0.0</ns13:labelPosition>
                                <ns13:saveExecutionContext>false</ns13:saveExecutionContext>
                            </ns13:linkVisualInfo>
                        </ns16:extensionElements>
                    </ns16:sequenceFlow>
                    <ns16:callActivity calledElement="1.012e1a27-1a81-4e0e-97d9-8a2d8976dda7" name="Izvedba SQL" id="753aa5b8-18fe-4ce6-8ae5-584e1568c28e">
                        <ns16:extensionElements>
                            <ns13:nodeVisualInfo x="271" y="57" width="95" height="70" />
                            <ns4:activityType>CalledProcess</ns4:activityType>
                        </ns16:extensionElements>
                        <ns16:incoming>128edf90-d5df-480e-8b6d-e538e3cc12da</ns16:incoming>
                        <ns16:outgoing>f4f5d556-e45f-480b-825a-7505b30b9d8a</ns16:outgoing>
                        <ns16:dataInputAssociation>
                            <ns16:targetRef>2055.9695b715-db44-410b-8a74-65cf1d31d8ab</ns16:targetRef>
                            <ns16:assignment>
                                <ns16:from xmlns:xsi="http://www.w3.org/2001/XMLSchema-instance" xsi:type="ns16:tFormalExpression" evaluatesToTypeRef="itm.12.3990d8b4-983d-4250-bd06-3600f527fed0">tw.local.sqlStatements</ns16:from>
                            </ns16:assignment>
                        </ns16:dataInputAssociation>
                        <ns16:dataInputAssociation>
                            <ns16:targetRef>2055.a634f531-c979-476c-91db-a17bf5e55c90</ns16:targetRef>
                            <ns16:assignment>
                                <ns16:from xmlns:xsi="http://www.w3.org/2001/XMLSchema-instance" xsi:type="ns16:tFormalExpression" evaluatesToTypeRef="itm.12.c09c9b6e-aabd-4897-bef2-ed61db106297">tw.env.SQL_VIR</ns16:from>
                            </ns16:assignment>
                        </ns16:dataInputAssociation>
                        <ns16:dataOutputAssociation>
                            <ns16:sourceRef>2055.921cdfd7-ed55-4dca-a71d-e4401a90c57e</ns16:sourceRef>
                            <ns16:assignment>
                                <ns16:to xmlns:xsi="http://www.w3.org/2001/XMLSchema-instance" xsi:type="ns16:tFormalExpression" evaluatesToTypeRef="itm.12.3b1e3757-a1f4-4c3f-bbb8-16fecd4d65c1">tw.local.results</ns16:to>
                            </ns16:assignment>
                        </ns16:dataOutputAssociation>
                    </ns16:callActivity>
                    <ns16:sequenceFlow sourceRef="753aa5b8-18fe-4ce6-8ae5-584e1568c28e" targetRef="693f684e-6095-4384-8ce6-662a6b0ebe2e" name="To SQL Rezultati" id="f4f5d556-e45f-480b-825a-7505b30b9d8a">
                        <ns16:extensionElements>
                            <ns3:sequenceFlowImplementation sboSyncEnabled="true" />
                            <ns13:linkVisualInfo>
                                <ns13:sourcePortLocation>rightCenter</ns13:sourcePortLocation>
                                <ns13:targetPortLocation>leftCenter</ns13:targetPortLocation>
                                <ns13:showLabel>false</ns13:showLabel>
                                <ns13:showCoachControlLabel>false</ns13:showCoachControlLabel>
                                <ns13:labelPosition>0.0</ns13:labelPosition>
                                <ns13:saveExecutionContext>true</ns13:saveExecutionContext>
                            </ns13:linkVisualInfo>
                            <ns3:endStateId>guid:b5ffa6577ed3a684:-4e3a2174:115951f71d3:-7fe8</ns3:endStateId>
                        </ns16:extensionElements>
                    </ns16:sequenceFlow>
                    <ns16:dataObject itemSubjectRef="itm.12.3b1e3757-a1f4-4c3f-bbb8-16fecd4d65c1" isCollection="true" name="results" id="2056.de6f0cba-1951-4b0b-883f-b2be6671efce" />
                    <ns16:scriptTask scriptFormat="text/x-javascript" name="Priprava SQL" id="7a15d750-0a55-4c61-8aa3-6ad5c05785a1">
                        <ns16:extensionElements>
                            <ns13:nodeVisualInfo x="109" y="57" width="95" height="70" />
                        </ns16:extensionElements>
                        <ns16:incoming>2027.932bc9ba-88e5-44a8-8e8b-f9cad169374e</ns16:incoming>
                        <ns16:outgoing>128edf90-d5df-480e-8b6d-e538e3cc12da</ns16:outgoing>
                        <ns16:script>tw.local.sqlStatements = [];&#xD;
tw.local.sqlStatements[0] = {};&#xD;
tw.local.sqlStatements[0].sql = "SELECT DISTINCT \&#xD;
						k.id_kategorija_zavarovanja as ID, \&#xD;
						k.naziv_kat_zavarovanja as Naziv, \&#xD;
						k.sklop_zavarovanja as Koda \&#xD;
					   FROM kp.produktverzija_dopus_zavarov dz \&#xD;
					   LEFT JOIN kz.sif_kategorija_zavarovanja k ON k.id_kategorija_zavarovanja = dz.id_kategorija_zavarovanja \&#xD;
					   INNER JOIN kz.sif_podkategorija_zavarovanja pk ON pk.id_kategorija_zavarovanja = dz.id_kategorija_zavarovanja AND pk.vidno_stranki = 0 \&#xD;
					   WHERE \&#xD;
					   	id_produktverzija = ? AND \&#xD;
					   	k.je_aktiven = 1 AND \&#xD;
					   	pk.je_aktiven = 1 AND \&#xD;
					   	dz.je_aktiven = 1";&#xD;
						&#xD;
tw.local.sqlStatements[0].parameters = [];&#xD;
tw.local.sqlStatements[0].parameters[0] = {};&#xD;
tw.local.sqlStatements[0].parameters[0].mode = "IN";&#xD;
tw.local.sqlStatements[0].parameters[0].type = "NUMERIC";&#xD;
tw.local.sqlStatements[0].parameters[0].value = tw.local.idProduktVerzija;&#xD;
&#xD;
tw.local.sqlStatements[1] = {};&#xD;
tw.local.sqlStatements[1].sql = "SELECT DISTINCT \&#xD;
						k.id_kategorija_zavarovanja  as ID, \&#xD;
						k.naziv_kat_zavarovanja as Naziv, \&#xD;
						k.sklop_zavarovanja as Koda \&#xD;
					   FROM kz.sif_kategorija_zavarovanja k \&#xD;
					   INNER JOIN kz.sif_podkategorija_zavarovanja pk ON pk.id_kategorija_zavarovanja = k.id_kategorija_zavarovanja AND pk.vidno_stranki = 0 \&#xD;
					   WHERE \&#xD;
					   	k.je_aktiven = 1 AND \&#xD;
					   	pk.je_aktiven = 1";&#xD;
						&#xD;
tw.local.sqlStatements[1].parameters = [];</ns16:script>
                    </ns16:scriptTask>
                    <ns16:sequenceFlow sourceRef="7a15d750-0a55-4c61-8aa3-6ad5c05785a1" targetRef="753aa5b8-18fe-4ce6-8ae5-584e1568c28e" name="To Izvedba SQL" id="128edf90-d5df-480e-8b6d-e538e3cc12da">
                        <ns16:extensionElements>
                            <ns13:linkVisualInfo>
                                <ns13:sourcePortLocation>rightCenter</ns13:sourcePortLocation>
                                <ns13:targetPortLocation>leftCenter</ns13:targetPortLocation>
                                <ns13:showLabel>false</ns13:showLabel>
                                <ns13:showCoachControlLabel>false</ns13:showCoachControlLabel>
                                <ns13:labelPosition>0.0</ns13:labelPosition>
                                <ns13:saveExecutionContext>false</ns13:saveExecutionContext>
                            </ns13:linkVisualInfo>
                        </ns16:extensionElements>
                    </ns16:sequenceFlow>
                    <ns16:dataObject itemSubjectRef="itm.12.3990d8b4-983d-4250-bd06-3600f527fed0" isCollection="true" name="sqlStatements" id="2056.9f4e99db-a2a8-42c4-8e88-9b46f8c54989" />
                    <ns16:scriptTask scriptFormat="text/x-javascript" name="SQL Rezultati" id="693f684e-6095-4384-8ce6-662a6b0ebe2e">
                        <ns16:extensionElements>
                            <ns13:nodeVisualInfo x="427" y="57" width="95" height="70" />
                        </ns16:extensionElements>
                        <ns16:incoming>f4f5d556-e45f-480b-825a-7505b30b9d8a</ns16:incoming>
                        <ns16:outgoing>73c22208-bad1-4744-8df9-832915e6d9e5</ns16:outgoing>
                        <ns16:script>tw.local.dopustnaZavarovanja = [];&#xD;
if(tw.local.results[0].rows.listLength &gt; 0){&#xD;
	for (var i=0; i&lt;tw.local.results[0].rows.length; i++) {&#xD;
		tw.local.dopustnaZavarovanja[i] = {};&#xD;
		tw.local.dopustnaZavarovanja[i].id = tw.local.results[0].rows[i].indexedMap.ID;&#xD;
		tw.local.dopustnaZavarovanja[i].naziv = tw.local.results[0].rows[i].indexedMap.Naziv;&#xD;
		tw.local.dopustnaZavarovanja[i].koda = tw.local.results[0].rows[i].indexedMap.Koda;&#xD;
	}&#xD;
}else{&#xD;
	for (var i=0; i&lt;tw.local.results[1].rows.length; i++) {&#xD;
		tw.local.dopustnaZavarovanja[i] = {};&#xD;
		tw.local.dopustnaZavarovanja[i].id = tw.local.results[1].rows[i].indexedMap.ID;&#xD;
		tw.local.dopustnaZavarovanja[i].naziv = tw.local.results[1].rows[i].indexedMap.Naziv;&#xD;
		tw.local.dopustnaZavarovanja[i].koda = tw.local.results[1].rows[i].indexedMap.Koda;&#xD;
	}&#xD;
}</ns16:script>
                    </ns16:scriptTask>
                    <ns16:sequenceFlow sourceRef="693f684e-6095-4384-8ce6-662a6b0ebe2e" targetRef="f7a0df17-2b72-4c89-818c-3dba4f9d6eca" name="To Script Task1" id="73c22208-bad1-4744-8df9-832915e6d9e5">
                        <ns16:extensionElements>
                            <ns3:sequenceFlowImplementation sboSyncEnabled="true" />
                            <ns13:linkVisualInfo>
                                <ns13:sourcePortLocation>rightCenter</ns13:sourcePortLocation>
                                <ns13:targetPortLocation>leftCenter</ns13:targetPortLocation>
                                <ns13:showLabel>false</ns13:showLabel>
                                <ns13:showCoachControlLabel>false</ns13:showCoachControlLabel>
                                <ns13:labelPosition>0.0</ns13:labelPosition>
                                <ns13:saveExecutionContext>true</ns13:saveExecutionContext>
                            </ns13:linkVisualInfo>
                        </ns16:extensionElements>
                    </ns16:sequenceFlow>
                </ns16:process>
            </ns16:definitions>
        </bpmn2Model>
        <link name="To SQL Rezultati">
            <lastModified isNull="true" />
            <lastModifiedBy isNull="true" />
            <tenantId isNull="true" />
            <processLinkId>2027.f4f5d556-e45f-480b-825a-7505b30b9d8a</processLinkId>
            <processId>1.5bfbbdd2-aefd-499f-bc0b-077421812da7</processId>
            <description isNull="true" />
            <fromProcessItemId>2025.753aa5b8-18fe-4ce6-8ae5-584e1568c28e</fromProcessItemId>
            <endStateId>guid:b5ffa6577ed3a684:-4e3a2174:115951f71d3:-7fe8</endStateId>
            <toProcessItemId>2025.693f684e-6095-4384-8ce6-662a6b0ebe2e</toProcessItemId>
            <guid>30ba9c63-723e-46c9-9df8-b01b9337d3b5</guid>
            <versionId>5281cb8c-2e95-4502-803c-81a76a2c05e4</versionId>
            <layoutData>
                <controlPoints />
                <showEndState>false</showEndState>
                <showName>false</showName>
            </layoutData>
            <fromItemPort locationId="rightCenter" portType="1" />
            <toItemPort locationId="leftCenter" portType="2" />
            <fromProcessItemId>2025.753aa5b8-18fe-4ce6-8ae5-584e1568c28e</fromProcessItemId>
            <toProcessItemId>2025.693f684e-6095-4384-8ce6-662a6b0ebe2e</toProcessItemId>
        </link>
        <link name="To Script Task1">
            <lastModified isNull="true" />
            <lastModifiedBy isNull="true" />
            <tenantId isNull="true" />
            <processLinkId>2027.73c22208-bad1-4744-8df9-832915e6d9e5</processLinkId>
            <processId>1.5bfbbdd2-aefd-499f-bc0b-077421812da7</processId>
            <description isNull="true" />
            <fromProcessItemId>2025.693f684e-6095-4384-8ce6-662a6b0ebe2e</fromProcessItemId>
            <endStateId>Out</endStateId>
            <toProcessItemId>2025.f7a0df17-2b72-4c89-818c-3dba4f9d6eca</toProcessItemId>
            <guid>385bf8fa-0904-4da8-b068-e2d381ad07b0</guid>
            <versionId>5f3b3238-5ad4-4a1f-a6f1-1602c44af12a</versionId>
            <layoutData>
                <controlPoints />
                <showEndState>false</showEndState>
                <showName>false</showName>
            </layoutData>
            <fromItemPort locationId="rightCenter" portType="1" />
            <toItemPort locationId="leftCenter" portType="2" />
            <fromProcessItemId>2025.693f684e-6095-4384-8ce6-662a6b0ebe2e</fromProcessItemId>
            <toProcessItemId>2025.f7a0df17-2b72-4c89-818c-3dba4f9d6eca</toProcessItemId>
        </link>
        <link name="To Izvedba SQL">
            <lastModified isNull="true" />
            <lastModifiedBy isNull="true" />
            <tenantId isNull="true" />
            <processLinkId>2027.128edf90-d5df-480e-8b6d-e538e3cc12da</processLinkId>
            <processId>1.5bfbbdd2-aefd-499f-bc0b-077421812da7</processId>
            <description isNull="true" />
            <fromProcessItemId>2025.7a15d750-0a55-4c61-8aa3-6ad5c05785a1</fromProcessItemId>
            <endStateId>Out</endStateId>
            <toProcessItemId>2025.753aa5b8-18fe-4ce6-8ae5-584e1568c28e</toProcessItemId>
            <guid>382e5d2c-609c-4d80-ad20-5735a8d1dcf6</guid>
            <versionId>fb6d8fe4-1335-4bf2-a069-7cc93979b44f</versionId>
            <layoutData>
                <controlPoints />
                <showEndState>false</showEndState>
                <showName>false</showName>
            </layoutData>
            <fromItemPort locationId="rightCenter" portType="1" />
            <toItemPort locationId="leftCenter" portType="2" />
            <fromProcessItemId>2025.7a15d750-0a55-4c61-8aa3-6ad5c05785a1</fromProcessItemId>
            <toProcessItemId>2025.753aa5b8-18fe-4ce6-8ae5-584e1568c28e</toProcessItemId>
        </link>
    </process>
</teamworks>

