<?xml version="1.0" encoding="UTF-8"?>
<teamworks>
    <process id="1.96045f85-a6fe-4b91-b5dc-f3ab115a9b36" name="Pridobivanje podatkov o tipu dokumenta SF">
        <lastModified>1749931473239</lastModified>
        <lastModifiedBy>bmihajlovic</lastModifiedBy>
        <tenantId isNull="true" />
        <processId>1.96045f85-a6fe-4b91-b5dc-f3ab115a9b36</processId>
        <image isNull="true" />
        <tabGroup isNull="true" />
        <startingProcessItemId>2025.506e9031-48a6-4013-b64f-bf2a3216254a</startingProcessItemId>
        <isRootProcess>false</isRootProcess>
        <processType>12</processType>
        <isErrorHandlerEnabled>false</isErrorHandlerEnabled>
        <errorHandlerItemId isNull="true" />
        <isLoggingVariables>false</isLoggingVariables>
        <isTransactional>false</isTransactional>
        <processTimingLevel isNull="true" />
        <participantRef isNull="true" />
        <exposedType>0</exposedType>
        <isTrackingEnabled>true</isTrackingEnabled>
        <xmlData isNull="true" />
        <cachingType>false</cachingType>
        <itemLabel isNull="true" />
        <cacheLength>0</cacheLength>
        <mobileReady>false</mobileReady>
        <sboSyncEnabled>true</sboSyncEnabled>
        <externalId isNull="true" />
        <isSecured>false</isSecured>
        <isAjaxExposed>true</isAjaxExposed>
        <isInvokedAsynchronously>false</isInvokedAsynchronously>
        <isTransactionalFlow>false</isTransactionalFlow>
        <description>Servis za preuzimanje dodatnih podataka o tipu dokumenta nakon izbora na tabu dokumentacija.</description>
        <guid>47a81e1e-eaad-4268-8551-9bf37ca0839d</guid>
        <versionId>b816a0c4-3553-4ba5-b9be-a94f46c4f271</versionId>
        <dependencySummary>&lt;dependencySummary id="bpdid:f6d7049ed95c790b:-513c27e2:197694649b5:-78f4" /&gt;</dependencySummary>
        <jsonData>{"rootElement":[{"flowElement":[{"parallelMultiple":false,"outgoing":["e411d03e-0d85-4041-8d97-b7d227eec0f1"],"isInterrupting":false,"extensionElements":{"nodeVisualInfo":[{"color":"#F8F8F8","width":24,"x":25,"y":80,"declaredType":"TNodeVisualInfo","height":24}]},"name":"Start","declaredType":"startEvent","id":"40b962a7-eb0a-4dc4-9c35-c2f8042c55e2"},{"incoming":["ccc3b730-fcb1-4ef4-a1b8-20a7dc75aad9"],"extensionElements":{"nodeVisualInfo":[{"color":"#F8F8F8","width":24,"x":650,"y":80,"declaredType":"TNodeVisualInfo","height":24}],"endStateId":["guid:4a2d8c097836d2cc:d0b8af:195475c3a89:6139"],"saveExecutionContext":[true]},"name":"End","declaredType":"endEvent","id":"1bf7398d-3a0d-4b9e-9c46-1278da0ade03"},{"startQuantity":1,"outgoing":["312cc9be-01ae-49fe-a51d-ece152e8ab85"],"incoming":["3b9e1d28-3cff-4f64-83de-7c248bf64f29"],"extensionElements":{"nodeVisualInfo":[{"width":95,"x":291,"y":57,"declaredType":"TNodeVisualInfo","height":70}],"activityType":["CalledProcess"]},"name":"Izvedba SQL","dataInputAssociation":[{"targetRef":"2055.9695b715-db44-410b-8a74-65cf1d31d8ab","assignment":[{"from":{"evaluatesToTypeRef":"itm.12.3990d8b4-983d-4250-bd06-3600f527fed0","declaredType":"TFormalExpression","content":["tw.local.sqlStatements"]}}]},{"targetRef":"2055.a634f531-c979-476c-91db-a17bf5e55c90","assignment":[{"from":{"evaluatesToTypeRef":"itm.12.c09c9b6e-aabd-4897-bef2-ed61db106297","declaredType":"TFormalExpression","content":["tw.env.SQL_VIR"]}}]}],"isForCompensation":false,"completionQuantity":1,"declaredType":"callActivity","id":"ee4a3554-3032-481d-b718-436878c578f0","dataOutputAssociation":[{"assignment":[{"to":{"evaluatesToTypeRef":"itm.12.3b1e3757-a1f4-4c3f-bbb8-16fecd4d65c1","declaredType":"TFormalExpression","content":["tw.local.results"]}}],"sourceRef":["2055.921cdfd7-ed55-4dca-a71d-e4401a90c57e"]}],"calledElement":"1.012e1a27-1a81-4e0e-97d9-8a2d8976dda7"},{"targetRef":"4d9d4275-6817-404b-a156-fd3895b7e94a","extensionElements":{"sequenceFlowImplementation":[{"fireValidation":"Never","sboSyncEnabled":true,"declaredType":"com.ibm.bpmsdk.model.bpmn20.ibmext.TSequenceFlowImplementation"}],"endStateId":["guid:b5ffa6577ed3a684:-4e3a2174:115951f71d3:-7fe8"],"linkVisualInfo":[{"sourcePortLocation":"rightCenter","showCoachControlLabel":false,"labelPosition":0.0,"targetPortLocation":"leftCenter","declaredType":"TLinkVisualInfo","saveExecutionContext":true,"showLabel":false}]},"name":"To Rezultati SQL","declaredType":"sequenceFlow","id":"312cc9be-01ae-49fe-a51d-ece152e8ab85","sourceRef":"ee4a3554-3032-481d-b718-436878c578f0"},{"itemSubjectRef":"itm.12.3b1e3757-a1f4-4c3f-bbb8-16fecd4d65c1","name":"results","isCollection":true,"declaredType":"dataObject","id":"2056.86e848db-6547-429b-9c4e-fd9b9c28bbff"},{"itemSubjectRef":"itm.12.3990d8b4-983d-4250-bd06-3600f527fed0","name":"sqlStatements","isCollection":true,"declaredType":"dataObject","id":"2056.b149a558-2176-44d5-89ae-1446ecb3639c"},{"startQuantity":1,"outgoing":["3b9e1d28-3cff-4f64-83de-7c248bf64f29"],"incoming":["e411d03e-0d85-4041-8d97-b7d227eec0f1"],"extensionElements":{"nodeVisualInfo":[{"width":95,"x":106,"y":57,"declaredType":"TNodeVisualInfo","height":70}],"preAssignmentScript":[]},"name":"Priprava SQL","isForCompensation":false,"completionQuantity":1,"declaredType":"scriptTask","id":"506e9031-48a6-4013-b64f-bf2a3216254a","scriptFormat":"text\/x-javascript","script":{"content":["tw.local.sqlStatements = [];\r\ntw.local.sqlStatements[0] = {};\r\ntw.local.sqlStatements[0].sql = '\\\r\nWITH TemplateCTE AS ( \\\r\n    SELECT \\\r\n        kdm.ID_KATALOG_DOKUMENTACIJE, \\\r\n        kdt.TEMPLATE_NAZIV \\\r\n    FROM \\\r\n        kd.KATALOG_DOKUMENTACIJE_MATRICA kdm \\\r\n        LEFT JOIN kd.KATALOG_DOKUMENTACIJE_TEMPLATE kdt ON kdt.ID_TEMPLATE = kdm.ID_TEMPLATE \\\r\n        AND kdm.je_aktiven = 1 \\\r\n    WHERE \\\r\n        kdm.ID_PRODUKTVERZIJA = ? OR \\\r\n        kdm.ID_KATEGORIJA_ZAVAROV IN (?) \\\r\n) \\\r\nSELECT TOP(1) \\\r\n    td.ID_TIP_DOKUMENTA AS idTipDokumenta, \\\r\n    td.NAZIV_TIPA_DOKUMENTA AS nazivTipDokumenta, \\\r\n    td_bc.ID AS idTipDokumentaBC, \\\r\n    td_bc.NAZIV AS nazivTipDokumentaBC, \\\r\n    ozn_bc.ID AS idOznakaBC, \\\r\n    ozn_bc.NAZIV AS nazivOznakaBC, \\\r\n    sd.ID_SKUPINA_DOKUMENTACIJE AS idSkupinaDokumentacije, \\\r\n    sd.NAZIV_SKUPINA_DOKUMENTACIJE AS nazivSkupinaDokumentacije, \\\r\n    td.JE_GLAVNI AS jeGlavni, \\\r\n    kd.ID_KATALOG_DOKUMENTACIJE AS idKatalogDokumentacije, \\\r\n    CASE \\\r\n        WHEN td.JE_GLAVNI = 0 THEN ( \\\r\n            SELECT TOP (1) pr.ID_TIP_DOKUMENTA \\\r\n            FROM kd.DOKUMENT_PRILOGE pr \\\r\n            WHERE pr.ID_PRILOGE = td.ID_TIP_DOKUMENTA \\\r\n        ) \\\r\n        ELSE NULL \\\r\n    END AS idTipDokGlavni, \\\r\n    CASE \\\r\n        WHEN kd.ID_DOK_KAT_GENERIRANJE = 2 THEN ( \\\r\n            SELECT kdt.TEMPLATE_NAZIV \\\r\n            FROM kd.KATALOG_DOKUMENTACIJE_TEMPLATE kdt \\\r\n            WHERE kdt.ID_TEMPLATE = kd.ID_TEMPLATE \\\r\n        ) \\\r\n        WHEN kd.ID_DOK_KAT_GENERIRANJE IN (3, 4) THEN ( \\\r\n            SELECT TemplateCTE.TEMPLATE_NAZIV \\\r\n            FROM TemplateCTE \\\r\n            WHERE TemplateCTE.ID_KATALOG_DOKUMENTACIJE = kd.ID_KATALOG_DOKUMENTACIJE \\\r\n        ) \\\r\n        ELSE NULL \\\r\n    END AS template \\\r\nFROM \\\r\n    kd.SIF_TIP_DOKUMENTA td \\\r\n    LEFT JOIN cd.SIFARNIK td_bc ON td_bc.id = td.id_tip_dokum_bc \\\r\n    LEFT JOIN cd.SIFARNIK ozn_bc ON ozn_bc.id = td.id_oznaka_bc \\\r\n    LEFT JOIN kd.KATALOG_DOKUMENTACIJE kd ON kd.ID_TIP_DOKUMENTA = td.ID_TIP_DOKUMENTA AND kd.ID_PROCES = ? \\\r\n    LEFT JOIN kd.EN_SKUPINA_DOKUMENTACIJE sd ON sd.ID_SKUPINA_DOKUMENTACIJE = td.ID_SKUPINA_DOKUMENTACIJE \\\r\nWHERE \\\r\n    td.ID_TIP_DOKUMENTA = ?';\r\n\/\/tw.local.sqlStatements[0].sql = '\\\r\n\/\/WITH TemplateCTE AS ( \\\r\n\/\/    SELECT TOP(1)\\\r\n\/\/        kdm.ID_KATALOG_DOKUMENTACIJE, \\\r\n\/\/        kdt.TEMPLATE_NAZIV \\\r\n\/\/    FROM \\\r\n\/\/        kd.KATALOG_DOKUMENTACIJE_MATRICA kdm \\\r\n\/\/        LEFT JOIN kd.KATALOG_DOKUMENTACIJE_TEMPLATE kdt ON kdt.ID_TEMPLATE = kdm.ID_TEMPLATE \\\r\n\/\/    WHERE \\\r\n\/\/        kdm.ID_PRODUKTVERZIJA = ? OR \\\r\n\/\/        kdm.ID_KATEGORIJA_ZAVAROV IN (?) \\\r\n\/\/) \\\r\n\/\/SELECT TOP(1) \\\r\n\/\/    td.ID_TIP_DOKUMENTA AS idTipDokumenta, \\\r\n\/\/    td.NAZIV_TIPA_DOKUMENTA AS nazivTipDokumenta, \\\r\n\/\/    td_bc.ID AS idTipDokumentaBC, \\\r\n\/\/    td_bc.NAZIV AS nazivTipDokumentaBC, \\\r\n\/\/    ozn_bc.ID AS idOznakaBC, \\\r\n\/\/    ozn_bc.NAZIV AS nazivOznakaBC, \\\r\n\/\/    sd.ID_SKUPINA_DOKUMENTACIJE AS idSkupinaDokumentacije, \\\r\n\/\/    sd.NAZIV_SKUPINA_DOKUMENTACIJE AS nazivSkupinaDokumentacije, \\\r\n\/\/    td.JE_GLAVNI AS jeGlavni, \\\r\n\/\/    kd.ID_KATALOG_DOKUMENTACIJE AS idKatalogDokumentacije, \\\r\n\/\/    CASE \\\r\n\/\/        WHEN td.JE_GLAVNI = 0 THEN ( \\\r\n\/\/            SELECT TOP (1) pr.ID_TIP_DOKUMENTA \\\r\n\/\/            FROM kd.DOKUMENT_PRILOGE pr \\\r\n\/\/            WHERE pr.ID_PRILOGE = td.ID_TIP_DOKUMENTA \\\r\n\/\/        ) \\\r\n\/\/        ELSE NULL \\\r\n\/\/    END AS idTipDokGlavni, \\\r\n\/\/    CASE \\\r\n\/\/        WHEN kd.ID_DOK_KAT_GENERIRANJE = 2 THEN ( \\\r\n\/\/            SELECT kdt.TEMPLATE_NAZIV \\\r\n\/\/            FROM kd.KATALOG_DOKUMENTACIJE_TEMPLATE kdt \\\r\n\/\/            WHERE kdt.ID_TEMPLATE = kd.ID_TEMPLATE \\\r\n\/\/        ) \\\r\n\/\/        WHEN kd.ID_DOK_KAT_GENERIRANJE IN (3, 4) THEN ( \\\r\n\/\/            SELECT TemplateCTE.TEMPLATE_NAZIV \\\r\n\/\/            FROM TemplateCTE \\\r\n\/\/            WHERE TemplateCTE.ID_KATALOG_DOKUMENTACIJE = kd.ID_KATALOG_DOKUMENTACIJE \\\r\n\/\/        ) \\\r\n\/\/        ELSE NULL \\\r\n\/\/    END AS template \\\r\n\/\/FROM \\\r\n\/\/    kd.SIF_TIP_DOKUMENTA td \\\r\n\/\/    LEFT JOIN cd.SIFARNIK td_bc ON td_bc.id = td.id_tip_dokum_bc \\\r\n\/\/    LEFT JOIN cd.SIFARNIK ozn_bc ON ozn_bc.id = td.id_oznaka_bc \\\r\n\/\/    LEFT JOIN kd.KATALOG_DOKUMENTACIJE kd ON kd.ID_TIP_DOKUMENTA = td.ID_TIP_DOKUMENTA AND kd.ID_PROCES = ? \\\r\n\/\/    LEFT JOIN kd.EN_SKUPINA_DOKUMENTACIJE sd ON sd.ID_SKUPINA_DOKUMENTACIJE = td.ID_SKUPINA_DOKUMENTACIJE \\\r\n\/\/WHERE \\\r\n\/\/    td.ID_TIP_DOKUMENTA = ?';\r\n\r\ntw.local.sqlStatements[0].parameters = [];\r\nnewParametar(0,\"NUMERIC\",tw.local.idProduktVerzija);\/\/ID_PRODUKT_VERZIJA\r\nnewParametar(0,\"VARCHAR\",tw.local.kategorijeZavarovanja?tw.local.kategorijeZavarovanja:\"9999\");\/\/ZAVAROVANJA\r\nnewParametar(0,\"NUMERIC\",tw.local.idProces);\/\/ID_PROCES\r\nnewParametar(0,\"NUMERIC\",tw.local.idTipDokumenta);\/\/ID_TIP_DOKUMENTA\r\n\r\nfunction newParametar(index,type,value,mode){\r\n\tvar parameter = new tw.object.SQLParameter();\r\n\tparameter.mode = mode?mode:\"IN\";\r\n\tparameter.type = type;\r\n\tparameter.value = value;\r\n\ttw.local.sqlStatements[index].parameters.insertIntoList(tw.local.sqlStatements[index].parameters.listLength, parameter);\r\n}"]}},{"targetRef":"ee4a3554-3032-481d-b718-436878c578f0","extensionElements":{"linkVisualInfo":[{"sourcePortLocation":"rightCenter","showCoachControlLabel":false,"labelPosition":0.0,"targetPortLocation":"leftCenter","declaredType":"TLinkVisualInfo","saveExecutionContext":false,"showLabel":false}]},"name":"To Izvedba SQL","declaredType":"sequenceFlow","id":"3b9e1d28-3cff-4f64-83de-7c248bf64f29","sourceRef":"506e9031-48a6-4013-b64f-bf2a3216254a"},{"startQuantity":1,"outgoing":["ccc3b730-fcb1-4ef4-a1b8-20a7dc75aad9"],"incoming":["312cc9be-01ae-49fe-a51d-ece152e8ab85"],"extensionElements":{"nodeVisualInfo":[{"width":95,"x":453,"y":57,"declaredType":"TNodeVisualInfo","height":70}]},"name":"Rezultati SQL","isForCompensation":false,"completionQuantity":1,"declaredType":"scriptTask","id":"4d9d4275-6817-404b-a156-fd3895b7e94a","scriptFormat":"text\/x-javascript","script":{"content":["tw.local.dokument = {};\r\n\r\nif (tw.local.results[0].rows.length &gt; 0) {\r\n\ttw.local.dokument.idKatalogDokumentacije = tw.local.results[0].rows[0].indexedMap.idKatalogDokumentacije;\r\n\ttw.local.dokument.tipDokumenta = {};\r\n\ttw.local.dokument.tipDokumenta.id = tw.local.results[0].rows[0].indexedMap.idTipDokumenta;\r\n\ttw.local.dokument.tipDokumenta.naziv = tw.local.results[0].rows[0].indexedMap.nazivTipDokumenta;\r\n\ttw.local.dokument.tipDokumentaBC = {};\r\n\ttw.local.dokument.tipDokumentaBC.id = tw.local.results[0].rows[0].indexedMap.idTipDokumentaBC;\r\n\ttw.local.dokument.tipDokumentaBC.naziv = tw.local.results[0].rows[0].indexedMap.nazivTipDokumentaBC;\r\n\ttw.local.dokument.oznakaBC = {};\r\n\ttw.local.dokument.oznakaBC.id = tw.local.results[0].rows[0].indexedMap.idOznakaBC;\r\n\ttw.local.dokument.oznakaBC.naziv = tw.local.results[0].rows[0].indexedMap.nazivOznakaBC;\r\n\ttw.local.dokument.skupinaDokumentov = {};\r\n\ttw.local.dokument.skupinaDokumentov.id = tw.local.results[0].rows[0].indexedMap.idSkupinaDokumentacije;\r\n\ttw.local.dokument.skupinaDokumentov.naziv = tw.local.results[0].rows[0].indexedMap.nazivSkupinaDokumentacije;\r\n\ttw.local.dokument.jeGlavni = tw.local.results[0].rows[0].indexedMap.jeGlavni?'1':'0';\r\n\ttw.local.dokument.dovoljeniFormatiDokumenta = [];\r\n\ttw.local.dokument.idTipDokumenta = tw.local.results[0].rows[0].indexedMap.idTipDokumenta;\r\n\ttw.local.dokument.nazivTipDokumenta = tw.local.results[0].rows[0].indexedMap.nazivTipDokumenta;\t\r\n\ttw.local.dokument.idTipDokGlavni = tw.local.results[0].rows[0].indexedMap.idTipDokGlavni;\r\n\ttw.local.dokument.template = tw.local.results[0].rows[0].indexedMap.template;\r\n}"]}},{"targetRef":"1bf7398d-3a0d-4b9e-9c46-1278da0ade03","extensionElements":{"sequenceFlowImplementation":[{"fireValidation":"Never","sboSyncEnabled":true,"declaredType":"com.ibm.bpmsdk.model.bpmn20.ibmext.TSequenceFlowImplementation"}],"linkVisualInfo":[{"sourcePortLocation":"rightCenter","showCoachControlLabel":false,"labelPosition":0.0,"targetPortLocation":"leftCenter","declaredType":"TLinkVisualInfo","saveExecutionContext":true,"showLabel":false}]},"name":"To End","declaredType":"sequenceFlow","id":"ccc3b730-fcb1-4ef4-a1b8-20a7dc75aad9","sourceRef":"4d9d4275-6817-404b-a156-fd3895b7e94a"},{"targetRef":"506e9031-48a6-4013-b64f-bf2a3216254a","extensionElements":{"linkVisualInfo":[{"sourcePortLocation":"rightCenter","showCoachControlLabel":false,"labelPosition":0.0,"targetPortLocation":"leftCenter","declaredType":"TLinkVisualInfo","saveExecutionContext":false,"showLabel":false}]},"name":"To Priprava SQL","declaredType":"sequenceFlow","id":"e411d03e-0d85-4041-8d97-b7d227eec0f1","sourceRef":"40b962a7-eb0a-4dc4-9c35-c2f8042c55e2"}],"laneSet":[{"id":"daeb1329-4be4-4e57-8d7b-f225ff0e9eab","lane":[{"flowNodeRef":["40b962a7-eb0a-4dc4-9c35-c2f8042c55e2","1bf7398d-3a0d-4b9e-9c46-1278da0ade03","ee4a3554-3032-481d-b718-436878c578f0","506e9031-48a6-4013-b64f-bf2a3216254a","4d9d4275-6817-404b-a156-fd3895b7e94a"],"extensionElements":{"nodeVisualInfo":[{"color":"#F8F8F8","width":3000,"x":0,"y":0,"declaredType":"TNodeVisualInfo","height":500}]},"name":"System","partitionElementRef":"24.6fd38d02-81cf-48ab-bd42-8ff4c0a1628b","declaredType":"lane","id":"16d495b5-8acd-455e-b978-cffad01f9fef","otherAttributes":{"{http:\/\/www.ibm.com\/xmlns\/prod\/bpm\/bpmn\/ext\/process\/wle}isSystemLane":"true"}}]}],"isClosed":false,"extensionElements":{"isSecured":[false],"isAjaxExposed":[true],"sboSyncEnabled":[true]},"documentation":[{"content":["Servis za preuzimanje dodatnih podataka o tipu dokumenta nakon izbora na tabu dokumentacija."],"textFormat":"text\/plain"}],"name":"Pridobivanje podatkov o tipu dokumenta SF","declaredType":"process","id":"1.96045f85-a6fe-4b91-b5dc-f3ab115a9b36","processType":"None","otherAttributes":{"{http:\/\/www.ibm.com\/xmlns\/prod\/bpm\/bpmn\/ext\/process}executionMode":"microflow"},"ioSpecification":{"dataOutput":[{"itemSubjectRef":"itm.12.cbd7f922-6dcc-4060-813c-0a99f04ec232","name":"dokument","isCollection":false,"id":"2055.6b5a0ecb-ae01-4ad3-80ed-ae1f41713fc4"}],"inputSet":[{"dataInputRefs":["2055.bb1059cb-7fc4-4bc4-8537-7d462a5c7d07","2055.a89dad3a-f427-49dc-8d74-068358455162","2055.c19e5e30-9a03-4881-8c75-312f73fd8c4b","2055.ad79df44-6f67-4a0b-8ad5-f4b1d9815e58"]}],"outputSet":[{"dataOutputRefs":["2055.6b5a0ecb-ae01-4ad3-80ed-ae1f41713fc4"]}],"dataInput":[{"extensionElements":{"defaultValue":[{"declaredType":"com.ibm.bpmsdk.model.bpmn20.ibmext.TDefaultValue","useDefault":false,"value":"107"}]},"itemSubjectRef":"itm.12.3fa0d7a0-828a-4d60-99cc-db5ed143fc2d","name":"idTipDokumenta","isCollection":false,"id":"2055.bb1059cb-7fc4-4bc4-8537-7d462a5c7d07"},{"extensionElements":{"defaultValue":[{"declaredType":"com.ibm.bpmsdk.model.bpmn20.ibmext.TDefaultValue","useDefault":false,"value":"413"}]},"itemSubjectRef":"itm.12.3fa0d7a0-828a-4d60-99cc-db5ed143fc2d","name":"idProduktVerzija","isCollection":false,"id":"2055.a89dad3a-f427-49dc-8d74-068358455162"},{"extensionElements":{"defaultValue":[{"declaredType":"com.ibm.bpmsdk.model.bpmn20.ibmext.TDefaultValue","useDefault":false,"value":"\"8\""}]},"itemSubjectRef":"itm.12.db884a3c-c533-44b7-bb2d-47bec8ad4022","documentation":[{"content":["Konkatenirani ID kategorija zavarovanja."],"textFormat":"text\/plain"}],"name":"kategorijeZavarovanja","isCollection":false,"id":"2055.c19e5e30-9a03-4881-8c75-312f73fd8c4b"},{"extensionElements":{"defaultValue":[{"declaredType":"com.ibm.bpmsdk.model.bpmn20.ibmext.TDefaultValue","useDefault":false,"value":"16"}]},"itemSubjectRef":"itm.12.3fa0d7a0-828a-4d60-99cc-db5ed143fc2d","name":"idProces","isCollection":false,"id":"2055.ad79df44-6f67-4a0b-8ad5-f4b1d9815e58"}]}}],"targetNamespace":"","typeLanguage":"http:\/\/www.w3.org\/2001\/XMLSchema","expressionLanguage":"http:\/\/www.ibm.com\/xmlns\/prod\/bpm\/expression-lang\/javascript"}</jsonData>
        <field1 isNull="true" />
        <field2 isNull="true" />
        <field3>0</field3>
        <field4 isNull="true" />
        <field5>false</field5>
        <clobField1 isNull="true" />
        <blobField1 isNull="true" />
        <processParameter name="idTipDokumenta">
            <lastModified isNull="true" />
            <lastModifiedBy isNull="true" />
            <tenantId isNull="true" />
            <processParameterId>2055.bb1059cb-7fc4-4bc4-8537-7d462a5c7d07</processParameterId>
            <processId>1.96045f85-a6fe-4b91-b5dc-f3ab115a9b36</processId>
            <parameterType>1</parameterType>
            <isArrayOf>false</isArrayOf>
            <classId>34b0d65f-7524-4bdf-81fb-fcf6680322a1/12.3fa0d7a0-828a-4d60-99cc-db5ed143fc2d</classId>
            <seq>1</seq>
            <hasDefault>false</hasDefault>
            <defaultValue isNull="true" />
            <isLocked>false</isLocked>
            <description isNull="true" />
            <guid>b03d6476-a18d-473c-a238-c383aa9501c1</guid>
            <versionId>dd62d361-127a-43c9-be40-d1b04326ff8b</versionId>
        </processParameter>
        <processParameter name="idProduktVerzija">
            <lastModified isNull="true" />
            <lastModifiedBy isNull="true" />
            <tenantId isNull="true" />
            <processParameterId>2055.a89dad3a-f427-49dc-8d74-068358455162</processParameterId>
            <processId>1.96045f85-a6fe-4b91-b5dc-f3ab115a9b36</processId>
            <parameterType>1</parameterType>
            <isArrayOf>false</isArrayOf>
            <classId>34b0d65f-7524-4bdf-81fb-fcf6680322a1/12.3fa0d7a0-828a-4d60-99cc-db5ed143fc2d</classId>
            <seq>2</seq>
            <hasDefault>false</hasDefault>
            <defaultValue isNull="true" />
            <isLocked>false</isLocked>
            <description isNull="true" />
            <guid>46b529b0-bb9c-4dc0-ae29-e4d0dce8036e</guid>
            <versionId>75f33bdf-f9d4-42f1-8f29-8f7dadf88ff5</versionId>
        </processParameter>
        <processParameter name="kategorijeZavarovanja">
            <lastModified isNull="true" />
            <lastModifiedBy isNull="true" />
            <tenantId isNull="true" />
            <processParameterId>2055.c19e5e30-9a03-4881-8c75-312f73fd8c4b</processParameterId>
            <processId>1.96045f85-a6fe-4b91-b5dc-f3ab115a9b36</processId>
            <parameterType>1</parameterType>
            <isArrayOf>false</isArrayOf>
            <classId>34b0d65f-7524-4bdf-81fb-fcf6680322a1/12.db884a3c-c533-44b7-bb2d-47bec8ad4022</classId>
            <seq>3</seq>
            <hasDefault>false</hasDefault>
            <defaultValue isNull="true" />
            <isLocked>false</isLocked>
            <description>Konkatenirani ID kategorija zavarovanja.</description>
            <guid>59acc61c-ee30-430a-b523-e6fba6eadcd4</guid>
            <versionId>68c1965a-38bf-48c2-af72-0f12cc42f8b7</versionId>
        </processParameter>
        <processParameter name="idProces">
            <lastModified isNull="true" />
            <lastModifiedBy isNull="true" />
            <tenantId isNull="true" />
            <processParameterId>2055.ad79df44-6f67-4a0b-8ad5-f4b1d9815e58</processParameterId>
            <processId>1.96045f85-a6fe-4b91-b5dc-f3ab115a9b36</processId>
            <parameterType>1</parameterType>
            <isArrayOf>false</isArrayOf>
            <classId>34b0d65f-7524-4bdf-81fb-fcf6680322a1/12.3fa0d7a0-828a-4d60-99cc-db5ed143fc2d</classId>
            <seq>4</seq>
            <hasDefault>false</hasDefault>
            <defaultValue isNull="true" />
            <isLocked>false</isLocked>
            <description isNull="true" />
            <guid>8ce97599-4488-4562-9cac-d787ec7a2238</guid>
            <versionId>56dfdc45-0947-4ae9-a6ab-29b3b184f2dc</versionId>
        </processParameter>
        <processParameter name="dokument">
            <lastModified isNull="true" />
            <lastModifiedBy isNull="true" />
            <tenantId isNull="true" />
            <processParameterId>2055.6b5a0ecb-ae01-4ad3-80ed-ae1f41713fc4</processParameterId>
            <processId>1.96045f85-a6fe-4b91-b5dc-f3ab115a9b36</processId>
            <parameterType>2</parameterType>
            <isArrayOf>false</isArrayOf>
            <classId>/12.cbd7f922-6dcc-4060-813c-0a99f04ec232</classId>
            <seq>5</seq>
            <hasDefault>false</hasDefault>
            <defaultValue isNull="true" />
            <isLocked>false</isLocked>
            <description isNull="true" />
            <guid>af6753be-a8e0-4bc4-81e4-39c5f6f7d22a</guid>
            <versionId>4bdc70fb-e87d-44df-87aa-af9e63a544e8</versionId>
        </processParameter>
        <processVariable name="results">
            <lastModified isNull="true" />
            <lastModifiedBy isNull="true" />
            <tenantId isNull="true" />
            <processVariableId>2056.86e848db-6547-429b-9c4e-fd9b9c28bbff</processVariableId>
            <description isNull="true" />
            <processId>1.96045f85-a6fe-4b91-b5dc-f3ab115a9b36</processId>
            <namespace>2</namespace>
            <seq>1</seq>
            <isArrayOf>true</isArrayOf>
            <isTransient>false</isTransient>
            <classId>34b0d65f-7524-4bdf-81fb-fcf6680322a1/12.3b1e3757-a1f4-4c3f-bbb8-16fecd4d65c1</classId>
            <hasDefault>false</hasDefault>
            <defaultValue isNull="true" />
            <guid>39026e25-3690-4e1b-8d7e-d1cb0129ed6f</guid>
            <versionId>bcd121c3-9e4b-40f6-bab2-872bbfacd898</versionId>
        </processVariable>
        <processVariable name="sqlStatements">
            <lastModified isNull="true" />
            <lastModifiedBy isNull="true" />
            <tenantId isNull="true" />
            <processVariableId>2056.b149a558-2176-44d5-89ae-1446ecb3639c</processVariableId>
            <description isNull="true" />
            <processId>1.96045f85-a6fe-4b91-b5dc-f3ab115a9b36</processId>
            <namespace>2</namespace>
            <seq>2</seq>
            <isArrayOf>true</isArrayOf>
            <isTransient>false</isTransient>
            <classId>34b0d65f-7524-4bdf-81fb-fcf6680322a1/12.3990d8b4-983d-4250-bd06-3600f527fed0</classId>
            <hasDefault>false</hasDefault>
            <defaultValue isNull="true" />
            <guid>915c3eb2-ae65-43ed-9328-fcb70d1881e6</guid>
            <versionId>5acf1ae6-ed55-4164-8575-7aaed0146ff9</versionId>
        </processVariable>
        <item>
            <lastModified isNull="true" />
            <lastModifiedBy isNull="true" />
            <tenantId isNull="true" />
            <processItemId>2025.506e9031-48a6-4013-b64f-bf2a3216254a</processItemId>
            <processId>1.96045f85-a6fe-4b91-b5dc-f3ab115a9b36</processId>
            <name>Priprava SQL</name>
            <tWComponentName>Script</tWComponentName>
            <tWComponentId>3011.8d9704e3-5401-4f53-977d-0b115b25f009</tWComponentId>
            <isLogEnabled>false</isLogEnabled>
            <isTraceEnabled>false</isTraceEnabled>
            <traceCategory isNull="true" />
            <traceLevel isNull="true" />
            <traceMessage isNull="true" />
            <traceSymbolTable isNull="true" />
            <isExecutionContextTraced>false</isExecutionContextTraced>
            <saveExecutionContext>false</saveExecutionContext>
            <documentation isNull="true" />
            <isErrorHandlerEnabled>false</isErrorHandlerEnabled>
            <errorHandlerItemId isNull="true" />
            <guid>guid:4a2d8c097836d2cc:d0b8af:195475c3a89:6138</guid>
            <versionId>1fe92b30-a27f-480e-a48a-67889eab146e</versionId>
            <externalServiceRef isNull="true" />
            <externalServiceOp isNull="true" />
            <nodeColor isNull="true" />
            <processPrePosts>
                <lastModified isNull="true" />
                <lastModifiedBy isNull="true" />
                <tenantId isNull="true" />
                <processItemPrePostId>2029.4fd199d1-3648-4093-ac2b-fc503090de50</processItemPrePostId>
                <processItemId>2025.506e9031-48a6-4013-b64f-bf2a3216254a</processItemId>
                <location>1</location>
                <script isNull="true" />
                <guid>3761d5e7-5a6c-4beb-b5fd-9acd3207fc2b</guid>
                <versionId>9d6fcfa1-8eb6-4a83-98ca-476ff7859432</versionId>
            </processPrePosts>
            <layoutData x="106" y="57">
                <errorLink>
                    <controlPoints />
                    <showEndState>false</showEndState>
                    <showName>false</showName>
                </errorLink>
            </layoutData>
            <TWComponent>
                <lastModified isNull="true" />
                <lastModifiedBy isNull="true" />
                <tenantId isNull="true" />
                <scriptId>3011.8d9704e3-5401-4f53-977d-0b115b25f009</scriptId>
                <scriptTypeId>2</scriptTypeId>
                <isActive>true</isActive>
                <script>tw.local.sqlStatements = [];&#xD;
tw.local.sqlStatements[0] = {};&#xD;
tw.local.sqlStatements[0].sql = '\&#xD;
WITH TemplateCTE AS ( \&#xD;
    SELECT \&#xD;
        kdm.ID_KATALOG_DOKUMENTACIJE, \&#xD;
        kdt.TEMPLATE_NAZIV \&#xD;
    FROM \&#xD;
        kd.KATALOG_DOKUMENTACIJE_MATRICA kdm \&#xD;
        LEFT JOIN kd.KATALOG_DOKUMENTACIJE_TEMPLATE kdt ON kdt.ID_TEMPLATE = kdm.ID_TEMPLATE \&#xD;
        AND kdm.je_aktiven = 1 \&#xD;
    WHERE \&#xD;
        kdm.ID_PRODUKTVERZIJA = ? OR \&#xD;
        kdm.ID_KATEGORIJA_ZAVAROV IN (?) \&#xD;
) \&#xD;
SELECT TOP(1) \&#xD;
    td.ID_TIP_DOKUMENTA AS idTipDokumenta, \&#xD;
    td.NAZIV_TIPA_DOKUMENTA AS nazivTipDokumenta, \&#xD;
    td_bc.ID AS idTipDokumentaBC, \&#xD;
    td_bc.NAZIV AS nazivTipDokumentaBC, \&#xD;
    ozn_bc.ID AS idOznakaBC, \&#xD;
    ozn_bc.NAZIV AS nazivOznakaBC, \&#xD;
    sd.ID_SKUPINA_DOKUMENTACIJE AS idSkupinaDokumentacije, \&#xD;
    sd.NAZIV_SKUPINA_DOKUMENTACIJE AS nazivSkupinaDokumentacije, \&#xD;
    td.JE_GLAVNI AS jeGlavni, \&#xD;
    kd.ID_KATALOG_DOKUMENTACIJE AS idKatalogDokumentacije, \&#xD;
    CASE \&#xD;
        WHEN td.JE_GLAVNI = 0 THEN ( \&#xD;
            SELECT TOP (1) pr.ID_TIP_DOKUMENTA \&#xD;
            FROM kd.DOKUMENT_PRILOGE pr \&#xD;
            WHERE pr.ID_PRILOGE = td.ID_TIP_DOKUMENTA \&#xD;
        ) \&#xD;
        ELSE NULL \&#xD;
    END AS idTipDokGlavni, \&#xD;
    CASE \&#xD;
        WHEN kd.ID_DOK_KAT_GENERIRANJE = 2 THEN ( \&#xD;
            SELECT kdt.TEMPLATE_NAZIV \&#xD;
            FROM kd.KATALOG_DOKUMENTACIJE_TEMPLATE kdt \&#xD;
            WHERE kdt.ID_TEMPLATE = kd.ID_TEMPLATE \&#xD;
        ) \&#xD;
        WHEN kd.ID_DOK_KAT_GENERIRANJE IN (3, 4) THEN ( \&#xD;
            SELECT TemplateCTE.TEMPLATE_NAZIV \&#xD;
            FROM TemplateCTE \&#xD;
            WHERE TemplateCTE.ID_KATALOG_DOKUMENTACIJE = kd.ID_KATALOG_DOKUMENTACIJE \&#xD;
        ) \&#xD;
        ELSE NULL \&#xD;
    END AS template \&#xD;
FROM \&#xD;
    kd.SIF_TIP_DOKUMENTA td \&#xD;
    LEFT JOIN cd.SIFARNIK td_bc ON td_bc.id = td.id_tip_dokum_bc \&#xD;
    LEFT JOIN cd.SIFARNIK ozn_bc ON ozn_bc.id = td.id_oznaka_bc \&#xD;
    LEFT JOIN kd.KATALOG_DOKUMENTACIJE kd ON kd.ID_TIP_DOKUMENTA = td.ID_TIP_DOKUMENTA AND kd.ID_PROCES = ? \&#xD;
    LEFT JOIN kd.EN_SKUPINA_DOKUMENTACIJE sd ON sd.ID_SKUPINA_DOKUMENTACIJE = td.ID_SKUPINA_DOKUMENTACIJE \&#xD;
WHERE \&#xD;
    td.ID_TIP_DOKUMENTA = ?';&#xD;
//tw.local.sqlStatements[0].sql = '\&#xD;
//WITH TemplateCTE AS ( \&#xD;
//    SELECT TOP(1)\&#xD;
//        kdm.ID_KATALOG_DOKUMENTACIJE, \&#xD;
//        kdt.TEMPLATE_NAZIV \&#xD;
//    FROM \&#xD;
//        kd.KATALOG_DOKUMENTACIJE_MATRICA kdm \&#xD;
//        LEFT JOIN kd.KATALOG_DOKUMENTACIJE_TEMPLATE kdt ON kdt.ID_TEMPLATE = kdm.ID_TEMPLATE \&#xD;
//    WHERE \&#xD;
//        kdm.ID_PRODUKTVERZIJA = ? OR \&#xD;
//        kdm.ID_KATEGORIJA_ZAVAROV IN (?) \&#xD;
//) \&#xD;
//SELECT TOP(1) \&#xD;
//    td.ID_TIP_DOKUMENTA AS idTipDokumenta, \&#xD;
//    td.NAZIV_TIPA_DOKUMENTA AS nazivTipDokumenta, \&#xD;
//    td_bc.ID AS idTipDokumentaBC, \&#xD;
//    td_bc.NAZIV AS nazivTipDokumentaBC, \&#xD;
//    ozn_bc.ID AS idOznakaBC, \&#xD;
//    ozn_bc.NAZIV AS nazivOznakaBC, \&#xD;
//    sd.ID_SKUPINA_DOKUMENTACIJE AS idSkupinaDokumentacije, \&#xD;
//    sd.NAZIV_SKUPINA_DOKUMENTACIJE AS nazivSkupinaDokumentacije, \&#xD;
//    td.JE_GLAVNI AS jeGlavni, \&#xD;
//    kd.ID_KATALOG_DOKUMENTACIJE AS idKatalogDokumentacije, \&#xD;
//    CASE \&#xD;
//        WHEN td.JE_GLAVNI = 0 THEN ( \&#xD;
//            SELECT TOP (1) pr.ID_TIP_DOKUMENTA \&#xD;
//            FROM kd.DOKUMENT_PRILOGE pr \&#xD;
//            WHERE pr.ID_PRILOGE = td.ID_TIP_DOKUMENTA \&#xD;
//        ) \&#xD;
//        ELSE NULL \&#xD;
//    END AS idTipDokGlavni, \&#xD;
//    CASE \&#xD;
//        WHEN kd.ID_DOK_KAT_GENERIRANJE = 2 THEN ( \&#xD;
//            SELECT kdt.TEMPLATE_NAZIV \&#xD;
//            FROM kd.KATALOG_DOKUMENTACIJE_TEMPLATE kdt \&#xD;
//            WHERE kdt.ID_TEMPLATE = kd.ID_TEMPLATE \&#xD;
//        ) \&#xD;
//        WHEN kd.ID_DOK_KAT_GENERIRANJE IN (3, 4) THEN ( \&#xD;
//            SELECT TemplateCTE.TEMPLATE_NAZIV \&#xD;
//            FROM TemplateCTE \&#xD;
//            WHERE TemplateCTE.ID_KATALOG_DOKUMENTACIJE = kd.ID_KATALOG_DOKUMENTACIJE \&#xD;
//        ) \&#xD;
//        ELSE NULL \&#xD;
//    END AS template \&#xD;
//FROM \&#xD;
//    kd.SIF_TIP_DOKUMENTA td \&#xD;
//    LEFT JOIN cd.SIFARNIK td_bc ON td_bc.id = td.id_tip_dokum_bc \&#xD;
//    LEFT JOIN cd.SIFARNIK ozn_bc ON ozn_bc.id = td.id_oznaka_bc \&#xD;
//    LEFT JOIN kd.KATALOG_DOKUMENTACIJE kd ON kd.ID_TIP_DOKUMENTA = td.ID_TIP_DOKUMENTA AND kd.ID_PROCES = ? \&#xD;
//    LEFT JOIN kd.EN_SKUPINA_DOKUMENTACIJE sd ON sd.ID_SKUPINA_DOKUMENTACIJE = td.ID_SKUPINA_DOKUMENTACIJE \&#xD;
//WHERE \&#xD;
//    td.ID_TIP_DOKUMENTA = ?';&#xD;
&#xD;
tw.local.sqlStatements[0].parameters = [];&#xD;
newParametar(0,"NUMERIC",tw.local.idProduktVerzija);//ID_PRODUKT_VERZIJA&#xD;
newParametar(0,"VARCHAR",tw.local.kategorijeZavarovanja?tw.local.kategorijeZavarovanja:"9999");//ZAVAROVANJA&#xD;
newParametar(0,"NUMERIC",tw.local.idProces);//ID_PROCES&#xD;
newParametar(0,"NUMERIC",tw.local.idTipDokumenta);//ID_TIP_DOKUMENTA&#xD;
&#xD;
function newParametar(index,type,value,mode){&#xD;
	var parameter = new tw.object.SQLParameter();&#xD;
	parameter.mode = mode?mode:"IN";&#xD;
	parameter.type = type;&#xD;
	parameter.value = value;&#xD;
	tw.local.sqlStatements[index].parameters.insertIntoList(tw.local.sqlStatements[index].parameters.listLength, parameter);&#xD;
}</script>
                <isRule>false</isRule>
                <guid>9bb55a44-398f-4f1f-b02a-f084319606b1</guid>
                <versionId>f3c92b1b-0787-4a0f-9b9d-c83b63c6432b</versionId>
            </TWComponent>
        </item>
        <item>
            <lastModified isNull="true" />
            <lastModifiedBy isNull="true" />
            <tenantId isNull="true" />
            <processItemId>2025.1bf7398d-3a0d-4b9e-9c46-1278da0ade03</processItemId>
            <processId>1.96045f85-a6fe-4b91-b5dc-f3ab115a9b36</processId>
            <name>End</name>
            <tWComponentName>ExitPoint</tWComponentName>
            <tWComponentId>3008.7ce8bdad-6645-4c25-8e81-85e632eb8a92</tWComponentId>
            <isLogEnabled>false</isLogEnabled>
            <isTraceEnabled>false</isTraceEnabled>
            <traceCategory isNull="true" />
            <traceLevel isNull="true" />
            <traceMessage isNull="true" />
            <traceSymbolTable isNull="true" />
            <isExecutionContextTraced>false</isExecutionContextTraced>
            <saveExecutionContext>true</saveExecutionContext>
            <documentation isNull="true" />
            <isErrorHandlerEnabled>false</isErrorHandlerEnabled>
            <errorHandlerItemId isNull="true" />
            <guid>guid:4a2d8c097836d2cc:d0b8af:195475c3a89:6139</guid>
            <versionId>2cec0bb0-d585-4672-b8c4-db0fe99a0f46</versionId>
            <externalServiceRef isNull="true" />
            <externalServiceOp isNull="true" />
            <nodeColor isNull="true" />
            <layoutData x="650" y="80">
                <errorLink>
                    <controlPoints />
                    <showEndState>false</showEndState>
                    <showName>false</showName>
                </errorLink>
            </layoutData>
            <TWComponent>
                <lastModified isNull="true" />
                <lastModifiedBy isNull="true" />
                <tenantId isNull="true" />
                <exitPointId>3008.7ce8bdad-6645-4c25-8e81-85e632eb8a92</exitPointId>
                <haltProcess>false</haltProcess>
                <guid>269a7a7d-fefd-41fd-be84-a58757585aa3</guid>
                <versionId>8b8d91d8-d952-4d3a-a805-7c5153063663</versionId>
            </TWComponent>
        </item>
        <item>
            <lastModified isNull="true" />
            <lastModifiedBy isNull="true" />
            <tenantId isNull="true" />
            <processItemId>2025.ee4a3554-3032-481d-b718-436878c578f0</processItemId>
            <processId>1.96045f85-a6fe-4b91-b5dc-f3ab115a9b36</processId>
            <name>Izvedba SQL</name>
            <tWComponentName>SubProcess</tWComponentName>
            <tWComponentId>3012.48422bc6-122f-45ca-a1a5-cb13a2321a2c</tWComponentId>
            <isLogEnabled>false</isLogEnabled>
            <isTraceEnabled>false</isTraceEnabled>
            <traceCategory isNull="true" />
            <traceLevel isNull="true" />
            <traceMessage isNull="true" />
            <traceSymbolTable isNull="true" />
            <isExecutionContextTraced>false</isExecutionContextTraced>
            <saveExecutionContext>false</saveExecutionContext>
            <documentation isNull="true" />
            <isErrorHandlerEnabled>false</isErrorHandlerEnabled>
            <errorHandlerItemId isNull="true" />
            <guid>guid:4a2d8c097836d2cc:d0b8af:195475c3a89:613b</guid>
            <versionId>31b25b7d-f3f1-41b9-8e29-037cc6c6a64f</versionId>
            <externalServiceRef isNull="true" />
            <externalServiceOp isNull="true" />
            <nodeColor isNull="true" />
            <layoutData x="291" y="57">
                <errorLink>
                    <controlPoints />
                    <showEndState>false</showEndState>
                    <showName>false</showName>
                </errorLink>
            </layoutData>
            <TWComponent>
                <lastModified isNull="true" />
                <lastModifiedBy isNull="true" />
                <tenantId isNull="true" />
                <subProcessId>3012.48422bc6-122f-45ca-a1a5-cb13a2321a2c</subProcessId>
                <attachedProcessRef>34b0d65f-7524-4bdf-81fb-fcf6680322a1/1.012e1a27-1a81-4e0e-97d9-8a2d8976dda7</attachedProcessRef>
                <guid>edf8a195-fa76-43a1-9f4d-34271256423a</guid>
                <versionId>9bb220f2-84eb-4a07-94b0-da26d8ed2e4a</versionId>
                <parameterMapping name="dataSourceName">
                    <lastModified isNull="true" />
                    <lastModifiedBy isNull="true" />
                    <tenantId isNull="true" />
                    <parameterMappingId>2054.a0172ad7-2074-4fde-9653-156ff32a6c63</parameterMappingId>
                    <processParameterId>2055.a634f531-c979-476c-91db-a17bf5e55c90</processParameterId>
                    <parameterMappingParentId>3012.48422bc6-122f-45ca-a1a5-cb13a2321a2c</parameterMappingParentId>
                    <useDefault>false</useDefault>
                    <value>tw.env.SQL_VIR</value>
                    <classRef>/12.db884a3c-c533-44b7-bb2d-47bec8ad4022</classRef>
                    <isList>false</isList>
                    <isInput>true</isInput>
                    <mappingMode isNull="true" />
                    <sourcePath isNull="true" />
                    <targetPath isNull="true" />
                    <guid>49f2e4ad-e167-4df3-b6f9-17de58292d57</guid>
                    <versionId>2109bb06-6f77-4710-911a-9ab07428aa5a</versionId>
                    <description isNull="true" />
                </parameterMapping>
                <parameterMapping name="results">
                    <lastModified isNull="true" />
                    <lastModifiedBy isNull="true" />
                    <tenantId isNull="true" />
                    <parameterMappingId>2054.17cb63b3-57d3-4f86-b768-a9e77de8db65</parameterMappingId>
                    <processParameterId>2055.921cdfd7-ed55-4dca-a71d-e4401a90c57e</processParameterId>
                    <parameterMappingParentId>3012.48422bc6-122f-45ca-a1a5-cb13a2321a2c</parameterMappingParentId>
                    <useDefault>false</useDefault>
                    <value>tw.local.results</value>
                    <classRef>/12.3b1e3757-a1f4-4c3f-bbb8-16fecd4d65c1</classRef>
                    <isList>true</isList>
                    <isInput>false</isInput>
                    <mappingMode isNull="true" />
                    <sourcePath isNull="true" />
                    <targetPath isNull="true" />
                    <guid>b5253057-e5d4-48cb-8739-b0b5e98e4860</guid>
                    <versionId>65a7cfa7-92c6-4f35-a17f-67efd356a2ed</versionId>
                    <description isNull="true" />
                </parameterMapping>
                <parameterMapping name="sqlStatements">
                    <lastModified isNull="true" />
                    <lastModifiedBy isNull="true" />
                    <tenantId isNull="true" />
                    <parameterMappingId>2054.1725fdda-3176-48a3-8fcc-685a2ba5e767</parameterMappingId>
                    <processParameterId>2055.9695b715-db44-410b-8a74-65cf1d31d8ab</processParameterId>
                    <parameterMappingParentId>3012.48422bc6-122f-45ca-a1a5-cb13a2321a2c</parameterMappingParentId>
                    <useDefault>false</useDefault>
                    <value>tw.local.sqlStatements</value>
                    <classRef>/12.3990d8b4-983d-4250-bd06-3600f527fed0</classRef>
                    <isList>true</isList>
                    <isInput>true</isInput>
                    <mappingMode isNull="true" />
                    <sourcePath isNull="true" />
                    <targetPath isNull="true" />
                    <guid>6a8273ff-9ee3-4b88-909a-83c10da0358f</guid>
                    <versionId>921f1ae6-f76d-4b4b-8966-dcd2165bbd7c</versionId>
                    <description isNull="true" />
                </parameterMapping>
            </TWComponent>
        </item>
        <item>
            <lastModified isNull="true" />
            <lastModifiedBy isNull="true" />
            <tenantId isNull="true" />
            <processItemId>2025.4d9d4275-6817-404b-a156-fd3895b7e94a</processItemId>
            <processId>1.96045f85-a6fe-4b91-b5dc-f3ab115a9b36</processId>
            <name>Rezultati SQL</name>
            <tWComponentName>Script</tWComponentName>
            <tWComponentId>3011.c5ae17ed-b9f0-41ac-8fe1-b787052db1ba</tWComponentId>
            <isLogEnabled>false</isLogEnabled>
            <isTraceEnabled>false</isTraceEnabled>
            <traceCategory isNull="true" />
            <traceLevel isNull="true" />
            <traceMessage isNull="true" />
            <traceSymbolTable isNull="true" />
            <isExecutionContextTraced>false</isExecutionContextTraced>
            <saveExecutionContext>false</saveExecutionContext>
            <documentation isNull="true" />
            <isErrorHandlerEnabled>false</isErrorHandlerEnabled>
            <errorHandlerItemId isNull="true" />
            <guid>guid:4a2d8c097836d2cc:d0b8af:195475c3a89:613a</guid>
            <versionId>5ed823e8-a031-4fe0-a833-759b7bca12f8</versionId>
            <externalServiceRef isNull="true" />
            <externalServiceOp isNull="true" />
            <nodeColor isNull="true" />
            <layoutData x="453" y="57">
                <errorLink>
                    <controlPoints />
                    <showEndState>false</showEndState>
                    <showName>false</showName>
                </errorLink>
            </layoutData>
            <TWComponent>
                <lastModified isNull="true" />
                <lastModifiedBy isNull="true" />
                <tenantId isNull="true" />
                <scriptId>3011.c5ae17ed-b9f0-41ac-8fe1-b787052db1ba</scriptId>
                <scriptTypeId>2</scriptTypeId>
                <isActive>true</isActive>
                <script>tw.local.dokument = {};&#xD;
&#xD;
if (tw.local.results[0].rows.length &gt; 0) {&#xD;
	tw.local.dokument.idKatalogDokumentacije = tw.local.results[0].rows[0].indexedMap.idKatalogDokumentacije;&#xD;
	tw.local.dokument.tipDokumenta = {};&#xD;
	tw.local.dokument.tipDokumenta.id = tw.local.results[0].rows[0].indexedMap.idTipDokumenta;&#xD;
	tw.local.dokument.tipDokumenta.naziv = tw.local.results[0].rows[0].indexedMap.nazivTipDokumenta;&#xD;
	tw.local.dokument.tipDokumentaBC = {};&#xD;
	tw.local.dokument.tipDokumentaBC.id = tw.local.results[0].rows[0].indexedMap.idTipDokumentaBC;&#xD;
	tw.local.dokument.tipDokumentaBC.naziv = tw.local.results[0].rows[0].indexedMap.nazivTipDokumentaBC;&#xD;
	tw.local.dokument.oznakaBC = {};&#xD;
	tw.local.dokument.oznakaBC.id = tw.local.results[0].rows[0].indexedMap.idOznakaBC;&#xD;
	tw.local.dokument.oznakaBC.naziv = tw.local.results[0].rows[0].indexedMap.nazivOznakaBC;&#xD;
	tw.local.dokument.skupinaDokumentov = {};&#xD;
	tw.local.dokument.skupinaDokumentov.id = tw.local.results[0].rows[0].indexedMap.idSkupinaDokumentacije;&#xD;
	tw.local.dokument.skupinaDokumentov.naziv = tw.local.results[0].rows[0].indexedMap.nazivSkupinaDokumentacije;&#xD;
	tw.local.dokument.jeGlavni = tw.local.results[0].rows[0].indexedMap.jeGlavni?'1':'0';&#xD;
	tw.local.dokument.dovoljeniFormatiDokumenta = [];&#xD;
	tw.local.dokument.idTipDokumenta = tw.local.results[0].rows[0].indexedMap.idTipDokumenta;&#xD;
	tw.local.dokument.nazivTipDokumenta = tw.local.results[0].rows[0].indexedMap.nazivTipDokumenta;	&#xD;
	tw.local.dokument.idTipDokGlavni = tw.local.results[0].rows[0].indexedMap.idTipDokGlavni;&#xD;
	tw.local.dokument.template = tw.local.results[0].rows[0].indexedMap.template;&#xD;
}</script>
                <isRule>false</isRule>
                <guid>eca02bb0-5d59-49ee-bcac-2cc0a76a8391</guid>
                <versionId>2fa38cc8-30de-4313-b746-0c25ac0c26de</versionId>
            </TWComponent>
        </item>
        <startingProcessItemId>2025.506e9031-48a6-4013-b64f-bf2a3216254a</startingProcessItemId>
        <errorHandlerItemId isNull="true" />
        <layoutData noConversion="true">
            <errorLink>
                <controlPoints />
                <showEndState>false</showEndState>
                <showName>false</showName>
            </errorLink>
        </layoutData>
        <startPoint>
            <layoutData x="25" y="80">
                <errorLink>
                    <controlPoints />
                    <showEndState>false</showEndState>
                    <showName>false</showName>
                </errorLink>
            </layoutData>
        </startPoint>
        <startLink>
            <fromPort locationId="rightCenter" portType="1" />
            <toPort locationId="leftCenter" portType="2" />
            <layoutData>
                <controlPoints />
                <showEndState>false</showEndState>
                <showName>false</showName>
            </layoutData>
        </startLink>
        <bpmn2Model>
            <ns16:definitions xmlns:ns16="http://www.omg.org/spec/BPMN/20100524/MODEL" xmlns:ns2="http://www.ibm.com/xmlns/prod/bpm/bpmn/ext/trackinggroup" xmlns:ns3="http://www.ibm.com/xmlns/prod/bpm/bpmn/ext/process" xmlns:ns4="http://www.ibm.com/xmlns/prod/bpm/bpmn/ext/process/wle" xmlns:ns5="http://www.ibm.com/xmlns/prod/bpm/bpmn/ext/process/case" xmlns:ns6="http://www.ibm.com/bpm/Extensions" xmlns:ns7="http://www.ibm.com/xmlns/prod/bpm/uca" xmlns:ns8="http://www.ibm.com/xmlns/prod/bpm/bpmn/ext/team" xmlns:ns9="http://www.ibm.com/xmlns/bpmnx/20100524/v1/BusinessVocabulary" xmlns:ns10="http://www.omg.org/spec/DD/20100524/DI" xmlns:ns11="http://www.omg.org/spec/DD/20100524/DC" xmlns:ns12="http://www.omg.org/spec/BPMN/20100524/BPMNDI" xmlns:ns13="http://www.ibm.com/xmlns/prod/bpm/graph" xmlns:ns14="http://www.ibm.com/xmlns/prod/bpm/bpmn/ext/process/auth" xmlns:ns15="http://www.ibm.com/xmlns/prod/bpm/bpmn/ext/extservice" xmlns:ns17="http://www.ibm.com/bpm/processappsettings" xmlns:ns18="http://www.ibm.com/xmlns/links" xmlns:ns19="http://www.ibm.com/bpm/CoachDesignerNG" xmlns:ns20="http://www.ibm.com/xmlns/tagging" xmlns:ns21="http://www.ibm.com/bpm/uitheme" xmlns:ns22="http://www.ibm.com/bpm/coachview" targetNamespace="" expressionLanguage="http://www.ibm.com/xmlns/prod/bpm/expression-lang/javascript" typeLanguage="http://www.w3.org/2001/XMLSchema">
                <ns16:process name="Pridobivanje podatkov o tipu dokumenta SF" id="1.96045f85-a6fe-4b91-b5dc-f3ab115a9b36" ns3:executionMode="microflow">
                    <ns16:documentation textFormat="text/plain">Servis za preuzimanje dodatnih podataka o tipu dokumenta nakon izbora na tabu dokumentacija.</ns16:documentation>
                    <ns16:extensionElements>
                        <ns3:sboSyncEnabled>true</ns3:sboSyncEnabled>
                        <ns3:isSecured>false</ns3:isSecured>
                        <ns3:isAjaxExposed>true</ns3:isAjaxExposed>
                    </ns16:extensionElements>
                    <ns16:ioSpecification>
                        <ns16:dataInput name="idTipDokumenta" itemSubjectRef="itm.12.3fa0d7a0-828a-4d60-99cc-db5ed143fc2d" isCollection="false" id="2055.bb1059cb-7fc4-4bc4-8537-7d462a5c7d07">
                            <ns16:extensionElements>
                                <ns3:defaultValue useDefault="false">107</ns3:defaultValue>
                            </ns16:extensionElements>
                        </ns16:dataInput>
                        <ns16:dataInput name="idProduktVerzija" itemSubjectRef="itm.12.3fa0d7a0-828a-4d60-99cc-db5ed143fc2d" isCollection="false" id="2055.a89dad3a-f427-49dc-8d74-068358455162">
                            <ns16:extensionElements>
                                <ns3:defaultValue useDefault="false">413</ns3:defaultValue>
                            </ns16:extensionElements>
                        </ns16:dataInput>
                        <ns16:dataInput name="kategorijeZavarovanja" itemSubjectRef="itm.12.db884a3c-c533-44b7-bb2d-47bec8ad4022" isCollection="false" id="2055.c19e5e30-9a03-4881-8c75-312f73fd8c4b">
                            <ns16:documentation textFormat="text/plain">Konkatenirani ID kategorija zavarovanja.</ns16:documentation>
                            <ns16:extensionElements>
                                <ns3:defaultValue useDefault="false">"8"</ns3:defaultValue>
                            </ns16:extensionElements>
                        </ns16:dataInput>
                        <ns16:dataInput name="idProces" itemSubjectRef="itm.12.3fa0d7a0-828a-4d60-99cc-db5ed143fc2d" isCollection="false" id="2055.ad79df44-6f67-4a0b-8ad5-f4b1d9815e58">
                            <ns16:extensionElements>
                                <ns3:defaultValue useDefault="false">16</ns3:defaultValue>
                            </ns16:extensionElements>
                        </ns16:dataInput>
                        <ns16:dataOutput name="dokument" itemSubjectRef="itm.12.cbd7f922-6dcc-4060-813c-0a99f04ec232" isCollection="false" id="2055.6b5a0ecb-ae01-4ad3-80ed-ae1f41713fc4" />
                        <ns16:inputSet>
                            <ns16:dataInputRefs>2055.bb1059cb-7fc4-4bc4-8537-7d462a5c7d07</ns16:dataInputRefs>
                            <ns16:dataInputRefs>2055.a89dad3a-f427-49dc-8d74-068358455162</ns16:dataInputRefs>
                            <ns16:dataInputRefs>2055.c19e5e30-9a03-4881-8c75-312f73fd8c4b</ns16:dataInputRefs>
                            <ns16:dataInputRefs>2055.ad79df44-6f67-4a0b-8ad5-f4b1d9815e58</ns16:dataInputRefs>
                        </ns16:inputSet>
                        <ns16:outputSet>
                            <ns16:dataOutputRefs>2055.6b5a0ecb-ae01-4ad3-80ed-ae1f41713fc4</ns16:dataOutputRefs>
                        </ns16:outputSet>
                    </ns16:ioSpecification>
                    <ns16:laneSet id="daeb1329-4be4-4e57-8d7b-f225ff0e9eab">
                        <ns16:lane name="System" partitionElementRef="24.6fd38d02-81cf-48ab-bd42-8ff4c0a1628b" id="16d495b5-8acd-455e-b978-cffad01f9fef" ns4:isSystemLane="true">
                            <ns16:extensionElements>
                                <ns13:nodeVisualInfo x="0" y="0" width="3000" height="500" color="#F8F8F8" />
                            </ns16:extensionElements>
                            <ns16:flowNodeRef>40b962a7-eb0a-4dc4-9c35-c2f8042c55e2</ns16:flowNodeRef>
                            <ns16:flowNodeRef>1bf7398d-3a0d-4b9e-9c46-1278da0ade03</ns16:flowNodeRef>
                            <ns16:flowNodeRef>ee4a3554-3032-481d-b718-436878c578f0</ns16:flowNodeRef>
                            <ns16:flowNodeRef>506e9031-48a6-4013-b64f-bf2a3216254a</ns16:flowNodeRef>
                            <ns16:flowNodeRef>4d9d4275-6817-404b-a156-fd3895b7e94a</ns16:flowNodeRef>
                        </ns16:lane>
                    </ns16:laneSet>
                    <ns16:startEvent isInterrupting="false" parallelMultiple="false" name="Start" id="40b962a7-eb0a-4dc4-9c35-c2f8042c55e2">
                        <ns16:extensionElements>
                            <ns13:nodeVisualInfo x="25" y="80" width="24" height="24" color="#F8F8F8" />
                        </ns16:extensionElements>
                        <ns16:outgoing>e411d03e-0d85-4041-8d97-b7d227eec0f1</ns16:outgoing>
                    </ns16:startEvent>
                    <ns16:endEvent name="End" id="1bf7398d-3a0d-4b9e-9c46-1278da0ade03">
                        <ns16:extensionElements>
                            <ns13:nodeVisualInfo x="650" y="80" width="24" height="24" color="#F8F8F8" />
                            <ns4:saveExecutionContext>true</ns4:saveExecutionContext>
                            <ns3:endStateId>guid:4a2d8c097836d2cc:d0b8af:195475c3a89:6139</ns3:endStateId>
                        </ns16:extensionElements>
                        <ns16:incoming>ccc3b730-fcb1-4ef4-a1b8-20a7dc75aad9</ns16:incoming>
                    </ns16:endEvent>
                    <ns16:callActivity calledElement="1.012e1a27-1a81-4e0e-97d9-8a2d8976dda7" name="Izvedba SQL" id="ee4a3554-3032-481d-b718-436878c578f0">
                        <ns16:extensionElements>
                            <ns13:nodeVisualInfo x="291" y="57" width="95" height="70" />
                            <ns4:activityType>CalledProcess</ns4:activityType>
                        </ns16:extensionElements>
                        <ns16:incoming>3b9e1d28-3cff-4f64-83de-7c248bf64f29</ns16:incoming>
                        <ns16:outgoing>312cc9be-01ae-49fe-a51d-ece152e8ab85</ns16:outgoing>
                        <ns16:dataInputAssociation>
                            <ns16:targetRef>2055.9695b715-db44-410b-8a74-65cf1d31d8ab</ns16:targetRef>
                            <ns16:assignment>
                                <ns16:from xmlns:xsi="http://www.w3.org/2001/XMLSchema-instance" xsi:type="ns16:tFormalExpression" evaluatesToTypeRef="itm.12.3990d8b4-983d-4250-bd06-3600f527fed0">tw.local.sqlStatements</ns16:from>
                            </ns16:assignment>
                        </ns16:dataInputAssociation>
                        <ns16:dataInputAssociation>
                            <ns16:targetRef>2055.a634f531-c979-476c-91db-a17bf5e55c90</ns16:targetRef>
                            <ns16:assignment>
                                <ns16:from xmlns:xsi="http://www.w3.org/2001/XMLSchema-instance" xsi:type="ns16:tFormalExpression" evaluatesToTypeRef="itm.12.c09c9b6e-aabd-4897-bef2-ed61db106297">tw.env.SQL_VIR</ns16:from>
                            </ns16:assignment>
                        </ns16:dataInputAssociation>
                        <ns16:dataOutputAssociation>
                            <ns16:sourceRef>2055.921cdfd7-ed55-4dca-a71d-e4401a90c57e</ns16:sourceRef>
                            <ns16:assignment>
                                <ns16:to xmlns:xsi="http://www.w3.org/2001/XMLSchema-instance" xsi:type="ns16:tFormalExpression" evaluatesToTypeRef="itm.12.3b1e3757-a1f4-4c3f-bbb8-16fecd4d65c1">tw.local.results</ns16:to>
                            </ns16:assignment>
                        </ns16:dataOutputAssociation>
                    </ns16:callActivity>
                    <ns16:sequenceFlow sourceRef="ee4a3554-3032-481d-b718-436878c578f0" targetRef="4d9d4275-6817-404b-a156-fd3895b7e94a" name="To Rezultati SQL" id="312cc9be-01ae-49fe-a51d-ece152e8ab85">
                        <ns16:extensionElements>
                            <ns3:sequenceFlowImplementation sboSyncEnabled="true" />
                            <ns13:linkVisualInfo>
                                <ns13:sourcePortLocation>rightCenter</ns13:sourcePortLocation>
                                <ns13:targetPortLocation>leftCenter</ns13:targetPortLocation>
                                <ns13:showLabel>false</ns13:showLabel>
                                <ns13:showCoachControlLabel>false</ns13:showCoachControlLabel>
                                <ns13:labelPosition>0.0</ns13:labelPosition>
                                <ns13:saveExecutionContext>true</ns13:saveExecutionContext>
                            </ns13:linkVisualInfo>
                            <ns3:endStateId>guid:b5ffa6577ed3a684:-4e3a2174:115951f71d3:-7fe8</ns3:endStateId>
                        </ns16:extensionElements>
                    </ns16:sequenceFlow>
                    <ns16:dataObject itemSubjectRef="itm.12.3b1e3757-a1f4-4c3f-bbb8-16fecd4d65c1" isCollection="true" name="results" id="2056.86e848db-6547-429b-9c4e-fd9b9c28bbff" />
                    <ns16:dataObject itemSubjectRef="itm.12.3990d8b4-983d-4250-bd06-3600f527fed0" isCollection="true" name="sqlStatements" id="2056.b149a558-2176-44d5-89ae-1446ecb3639c" />
                    <ns16:scriptTask scriptFormat="text/x-javascript" name="Priprava SQL" id="506e9031-48a6-4013-b64f-bf2a3216254a">
                        <ns16:extensionElements>
                            <ns13:nodeVisualInfo x="106" y="57" width="95" height="70" />
                            <ns3:preAssignmentScript />
                        </ns16:extensionElements>
                        <ns16:incoming>e411d03e-0d85-4041-8d97-b7d227eec0f1</ns16:incoming>
                        <ns16:outgoing>3b9e1d28-3cff-4f64-83de-7c248bf64f29</ns16:outgoing>
                        <ns16:script>tw.local.sqlStatements = [];&#xD;
tw.local.sqlStatements[0] = {};&#xD;
tw.local.sqlStatements[0].sql = '\&#xD;
WITH TemplateCTE AS ( \&#xD;
    SELECT \&#xD;
        kdm.ID_KATALOG_DOKUMENTACIJE, \&#xD;
        kdt.TEMPLATE_NAZIV \&#xD;
    FROM \&#xD;
        kd.KATALOG_DOKUMENTACIJE_MATRICA kdm \&#xD;
        LEFT JOIN kd.KATALOG_DOKUMENTACIJE_TEMPLATE kdt ON kdt.ID_TEMPLATE = kdm.ID_TEMPLATE \&#xD;
        AND kdm.je_aktiven = 1 \&#xD;
    WHERE \&#xD;
        kdm.ID_PRODUKTVERZIJA = ? OR \&#xD;
        kdm.ID_KATEGORIJA_ZAVAROV IN (?) \&#xD;
) \&#xD;
SELECT TOP(1) \&#xD;
    td.ID_TIP_DOKUMENTA AS idTipDokumenta, \&#xD;
    td.NAZIV_TIPA_DOKUMENTA AS nazivTipDokumenta, \&#xD;
    td_bc.ID AS idTipDokumentaBC, \&#xD;
    td_bc.NAZIV AS nazivTipDokumentaBC, \&#xD;
    ozn_bc.ID AS idOznakaBC, \&#xD;
    ozn_bc.NAZIV AS nazivOznakaBC, \&#xD;
    sd.ID_SKUPINA_DOKUMENTACIJE AS idSkupinaDokumentacije, \&#xD;
    sd.NAZIV_SKUPINA_DOKUMENTACIJE AS nazivSkupinaDokumentacije, \&#xD;
    td.JE_GLAVNI AS jeGlavni, \&#xD;
    kd.ID_KATALOG_DOKUMENTACIJE AS idKatalogDokumentacije, \&#xD;
    CASE \&#xD;
        WHEN td.JE_GLAVNI = 0 THEN ( \&#xD;
            SELECT TOP (1) pr.ID_TIP_DOKUMENTA \&#xD;
            FROM kd.DOKUMENT_PRILOGE pr \&#xD;
            WHERE pr.ID_PRILOGE = td.ID_TIP_DOKUMENTA \&#xD;
        ) \&#xD;
        ELSE NULL \&#xD;
    END AS idTipDokGlavni, \&#xD;
    CASE \&#xD;
        WHEN kd.ID_DOK_KAT_GENERIRANJE = 2 THEN ( \&#xD;
            SELECT kdt.TEMPLATE_NAZIV \&#xD;
            FROM kd.KATALOG_DOKUMENTACIJE_TEMPLATE kdt \&#xD;
            WHERE kdt.ID_TEMPLATE = kd.ID_TEMPLATE \&#xD;
        ) \&#xD;
        WHEN kd.ID_DOK_KAT_GENERIRANJE IN (3, 4) THEN ( \&#xD;
            SELECT TemplateCTE.TEMPLATE_NAZIV \&#xD;
            FROM TemplateCTE \&#xD;
            WHERE TemplateCTE.ID_KATALOG_DOKUMENTACIJE = kd.ID_KATALOG_DOKUMENTACIJE \&#xD;
        ) \&#xD;
        ELSE NULL \&#xD;
    END AS template \&#xD;
FROM \&#xD;
    kd.SIF_TIP_DOKUMENTA td \&#xD;
    LEFT JOIN cd.SIFARNIK td_bc ON td_bc.id = td.id_tip_dokum_bc \&#xD;
    LEFT JOIN cd.SIFARNIK ozn_bc ON ozn_bc.id = td.id_oznaka_bc \&#xD;
    LEFT JOIN kd.KATALOG_DOKUMENTACIJE kd ON kd.ID_TIP_DOKUMENTA = td.ID_TIP_DOKUMENTA AND kd.ID_PROCES = ? \&#xD;
    LEFT JOIN kd.EN_SKUPINA_DOKUMENTACIJE sd ON sd.ID_SKUPINA_DOKUMENTACIJE = td.ID_SKUPINA_DOKUMENTACIJE \&#xD;
WHERE \&#xD;
    td.ID_TIP_DOKUMENTA = ?';&#xD;
//tw.local.sqlStatements[0].sql = '\&#xD;
//WITH TemplateCTE AS ( \&#xD;
//    SELECT TOP(1)\&#xD;
//        kdm.ID_KATALOG_DOKUMENTACIJE, \&#xD;
//        kdt.TEMPLATE_NAZIV \&#xD;
//    FROM \&#xD;
//        kd.KATALOG_DOKUMENTACIJE_MATRICA kdm \&#xD;
//        LEFT JOIN kd.KATALOG_DOKUMENTACIJE_TEMPLATE kdt ON kdt.ID_TEMPLATE = kdm.ID_TEMPLATE \&#xD;
//    WHERE \&#xD;
//        kdm.ID_PRODUKTVERZIJA = ? OR \&#xD;
//        kdm.ID_KATEGORIJA_ZAVAROV IN (?) \&#xD;
//) \&#xD;
//SELECT TOP(1) \&#xD;
//    td.ID_TIP_DOKUMENTA AS idTipDokumenta, \&#xD;
//    td.NAZIV_TIPA_DOKUMENTA AS nazivTipDokumenta, \&#xD;
//    td_bc.ID AS idTipDokumentaBC, \&#xD;
//    td_bc.NAZIV AS nazivTipDokumentaBC, \&#xD;
//    ozn_bc.ID AS idOznakaBC, \&#xD;
//    ozn_bc.NAZIV AS nazivOznakaBC, \&#xD;
//    sd.ID_SKUPINA_DOKUMENTACIJE AS idSkupinaDokumentacije, \&#xD;
//    sd.NAZIV_SKUPINA_DOKUMENTACIJE AS nazivSkupinaDokumentacije, \&#xD;
//    td.JE_GLAVNI AS jeGlavni, \&#xD;
//    kd.ID_KATALOG_DOKUMENTACIJE AS idKatalogDokumentacije, \&#xD;
//    CASE \&#xD;
//        WHEN td.JE_GLAVNI = 0 THEN ( \&#xD;
//            SELECT TOP (1) pr.ID_TIP_DOKUMENTA \&#xD;
//            FROM kd.DOKUMENT_PRILOGE pr \&#xD;
//            WHERE pr.ID_PRILOGE = td.ID_TIP_DOKUMENTA \&#xD;
//        ) \&#xD;
//        ELSE NULL \&#xD;
//    END AS idTipDokGlavni, \&#xD;
//    CASE \&#xD;
//        WHEN kd.ID_DOK_KAT_GENERIRANJE = 2 THEN ( \&#xD;
//            SELECT kdt.TEMPLATE_NAZIV \&#xD;
//            FROM kd.KATALOG_DOKUMENTACIJE_TEMPLATE kdt \&#xD;
//            WHERE kdt.ID_TEMPLATE = kd.ID_TEMPLATE \&#xD;
//        ) \&#xD;
//        WHEN kd.ID_DOK_KAT_GENERIRANJE IN (3, 4) THEN ( \&#xD;
//            SELECT TemplateCTE.TEMPLATE_NAZIV \&#xD;
//            FROM TemplateCTE \&#xD;
//            WHERE TemplateCTE.ID_KATALOG_DOKUMENTACIJE = kd.ID_KATALOG_DOKUMENTACIJE \&#xD;
//        ) \&#xD;
//        ELSE NULL \&#xD;
//    END AS template \&#xD;
//FROM \&#xD;
//    kd.SIF_TIP_DOKUMENTA td \&#xD;
//    LEFT JOIN cd.SIFARNIK td_bc ON td_bc.id = td.id_tip_dokum_bc \&#xD;
//    LEFT JOIN cd.SIFARNIK ozn_bc ON ozn_bc.id = td.id_oznaka_bc \&#xD;
//    LEFT JOIN kd.KATALOG_DOKUMENTACIJE kd ON kd.ID_TIP_DOKUMENTA = td.ID_TIP_DOKUMENTA AND kd.ID_PROCES = ? \&#xD;
//    LEFT JOIN kd.EN_SKUPINA_DOKUMENTACIJE sd ON sd.ID_SKUPINA_DOKUMENTACIJE = td.ID_SKUPINA_DOKUMENTACIJE \&#xD;
//WHERE \&#xD;
//    td.ID_TIP_DOKUMENTA = ?';&#xD;
&#xD;
tw.local.sqlStatements[0].parameters = [];&#xD;
newParametar(0,"NUMERIC",tw.local.idProduktVerzija);//ID_PRODUKT_VERZIJA&#xD;
newParametar(0,"VARCHAR",tw.local.kategorijeZavarovanja?tw.local.kategorijeZavarovanja:"9999");//ZAVAROVANJA&#xD;
newParametar(0,"NUMERIC",tw.local.idProces);//ID_PROCES&#xD;
newParametar(0,"NUMERIC",tw.local.idTipDokumenta);//ID_TIP_DOKUMENTA&#xD;
&#xD;
function newParametar(index,type,value,mode){&#xD;
	var parameter = new tw.object.SQLParameter();&#xD;
	parameter.mode = mode?mode:"IN";&#xD;
	parameter.type = type;&#xD;
	parameter.value = value;&#xD;
	tw.local.sqlStatements[index].parameters.insertIntoList(tw.local.sqlStatements[index].parameters.listLength, parameter);&#xD;
}</ns16:script>
                    </ns16:scriptTask>
                    <ns16:sequenceFlow sourceRef="506e9031-48a6-4013-b64f-bf2a3216254a" targetRef="ee4a3554-3032-481d-b718-436878c578f0" name="To Izvedba SQL" id="3b9e1d28-3cff-4f64-83de-7c248bf64f29">
                        <ns16:extensionElements>
                            <ns13:linkVisualInfo>
                                <ns13:sourcePortLocation>rightCenter</ns13:sourcePortLocation>
                                <ns13:targetPortLocation>leftCenter</ns13:targetPortLocation>
                                <ns13:showLabel>false</ns13:showLabel>
                                <ns13:showCoachControlLabel>false</ns13:showCoachControlLabel>
                                <ns13:labelPosition>0.0</ns13:labelPosition>
                                <ns13:saveExecutionContext>false</ns13:saveExecutionContext>
                            </ns13:linkVisualInfo>
                        </ns16:extensionElements>
                    </ns16:sequenceFlow>
                    <ns16:scriptTask scriptFormat="text/x-javascript" name="Rezultati SQL" id="4d9d4275-6817-404b-a156-fd3895b7e94a">
                        <ns16:extensionElements>
                            <ns13:nodeVisualInfo x="453" y="57" width="95" height="70" />
                        </ns16:extensionElements>
                        <ns16:incoming>312cc9be-01ae-49fe-a51d-ece152e8ab85</ns16:incoming>
                        <ns16:outgoing>ccc3b730-fcb1-4ef4-a1b8-20a7dc75aad9</ns16:outgoing>
                        <ns16:script>tw.local.dokument = {};&#xD;
&#xD;
if (tw.local.results[0].rows.length &gt; 0) {&#xD;
	tw.local.dokument.idKatalogDokumentacije = tw.local.results[0].rows[0].indexedMap.idKatalogDokumentacije;&#xD;
	tw.local.dokument.tipDokumenta = {};&#xD;
	tw.local.dokument.tipDokumenta.id = tw.local.results[0].rows[0].indexedMap.idTipDokumenta;&#xD;
	tw.local.dokument.tipDokumenta.naziv = tw.local.results[0].rows[0].indexedMap.nazivTipDokumenta;&#xD;
	tw.local.dokument.tipDokumentaBC = {};&#xD;
	tw.local.dokument.tipDokumentaBC.id = tw.local.results[0].rows[0].indexedMap.idTipDokumentaBC;&#xD;
	tw.local.dokument.tipDokumentaBC.naziv = tw.local.results[0].rows[0].indexedMap.nazivTipDokumentaBC;&#xD;
	tw.local.dokument.oznakaBC = {};&#xD;
	tw.local.dokument.oznakaBC.id = tw.local.results[0].rows[0].indexedMap.idOznakaBC;&#xD;
	tw.local.dokument.oznakaBC.naziv = tw.local.results[0].rows[0].indexedMap.nazivOznakaBC;&#xD;
	tw.local.dokument.skupinaDokumentov = {};&#xD;
	tw.local.dokument.skupinaDokumentov.id = tw.local.results[0].rows[0].indexedMap.idSkupinaDokumentacije;&#xD;
	tw.local.dokument.skupinaDokumentov.naziv = tw.local.results[0].rows[0].indexedMap.nazivSkupinaDokumentacije;&#xD;
	tw.local.dokument.jeGlavni = tw.local.results[0].rows[0].indexedMap.jeGlavni?'1':'0';&#xD;
	tw.local.dokument.dovoljeniFormatiDokumenta = [];&#xD;
	tw.local.dokument.idTipDokumenta = tw.local.results[0].rows[0].indexedMap.idTipDokumenta;&#xD;
	tw.local.dokument.nazivTipDokumenta = tw.local.results[0].rows[0].indexedMap.nazivTipDokumenta;	&#xD;
	tw.local.dokument.idTipDokGlavni = tw.local.results[0].rows[0].indexedMap.idTipDokGlavni;&#xD;
	tw.local.dokument.template = tw.local.results[0].rows[0].indexedMap.template;&#xD;
}</ns16:script>
                    </ns16:scriptTask>
                    <ns16:sequenceFlow sourceRef="4d9d4275-6817-404b-a156-fd3895b7e94a" targetRef="1bf7398d-3a0d-4b9e-9c46-1278da0ade03" name="To End" id="ccc3b730-fcb1-4ef4-a1b8-20a7dc75aad9">
                        <ns16:extensionElements>
                            <ns3:sequenceFlowImplementation sboSyncEnabled="true" />
                            <ns13:linkVisualInfo>
                                <ns13:sourcePortLocation>rightCenter</ns13:sourcePortLocation>
                                <ns13:targetPortLocation>leftCenter</ns13:targetPortLocation>
                                <ns13:showLabel>false</ns13:showLabel>
                                <ns13:showCoachControlLabel>false</ns13:showCoachControlLabel>
                                <ns13:labelPosition>0.0</ns13:labelPosition>
                                <ns13:saveExecutionContext>true</ns13:saveExecutionContext>
                            </ns13:linkVisualInfo>
                        </ns16:extensionElements>
                    </ns16:sequenceFlow>
                    <ns16:sequenceFlow sourceRef="40b962a7-eb0a-4dc4-9c35-c2f8042c55e2" targetRef="506e9031-48a6-4013-b64f-bf2a3216254a" name="To Priprava SQL" id="e411d03e-0d85-4041-8d97-b7d227eec0f1">
                        <ns16:extensionElements>
                            <ns13:linkVisualInfo>
                                <ns13:sourcePortLocation>rightCenter</ns13:sourcePortLocation>
                                <ns13:targetPortLocation>leftCenter</ns13:targetPortLocation>
                                <ns13:showLabel>false</ns13:showLabel>
                                <ns13:showCoachControlLabel>false</ns13:showCoachControlLabel>
                                <ns13:labelPosition>0.0</ns13:labelPosition>
                                <ns13:saveExecutionContext>false</ns13:saveExecutionContext>
                            </ns13:linkVisualInfo>
                        </ns16:extensionElements>
                    </ns16:sequenceFlow>
                </ns16:process>
            </ns16:definitions>
        </bpmn2Model>
        <link name="To Rezultati SQL">
            <lastModified isNull="true" />
            <lastModifiedBy isNull="true" />
            <tenantId isNull="true" />
            <processLinkId>2027.312cc9be-01ae-49fe-a51d-ece152e8ab85</processLinkId>
            <processId>1.96045f85-a6fe-4b91-b5dc-f3ab115a9b36</processId>
            <description isNull="true" />
            <fromProcessItemId>2025.ee4a3554-3032-481d-b718-436878c578f0</fromProcessItemId>
            <endStateId>guid:b5ffa6577ed3a684:-4e3a2174:115951f71d3:-7fe8</endStateId>
            <toProcessItemId>2025.4d9d4275-6817-404b-a156-fd3895b7e94a</toProcessItemId>
            <guid>be76a57d-c351-4d74-ad70-f80fd754dfb5</guid>
            <versionId>2bff94eb-bdc7-4beb-a4a4-e6430829f9ea</versionId>
            <layoutData>
                <controlPoints />
                <showEndState>false</showEndState>
                <showName>false</showName>
            </layoutData>
            <fromItemPort locationId="rightCenter" portType="1" />
            <toItemPort locationId="leftCenter" portType="2" />
            <fromProcessItemId>2025.ee4a3554-3032-481d-b718-436878c578f0</fromProcessItemId>
            <toProcessItemId>2025.4d9d4275-6817-404b-a156-fd3895b7e94a</toProcessItemId>
        </link>
        <link name="To End">
            <lastModified isNull="true" />
            <lastModifiedBy isNull="true" />
            <tenantId isNull="true" />
            <processLinkId>2027.ccc3b730-fcb1-4ef4-a1b8-20a7dc75aad9</processLinkId>
            <processId>1.96045f85-a6fe-4b91-b5dc-f3ab115a9b36</processId>
            <description isNull="true" />
            <fromProcessItemId>2025.4d9d4275-6817-404b-a156-fd3895b7e94a</fromProcessItemId>
            <endStateId>Out</endStateId>
            <toProcessItemId>2025.1bf7398d-3a0d-4b9e-9c46-1278da0ade03</toProcessItemId>
            <guid>682218a4-77f8-4a0c-8df4-0d100f1410a3</guid>
            <versionId>663dd117-032b-46f1-a5a1-51eeb7974a50</versionId>
            <layoutData>
                <controlPoints />
                <showEndState>false</showEndState>
                <showName>false</showName>
            </layoutData>
            <fromItemPort locationId="rightCenter" portType="1" />
            <toItemPort locationId="leftCenter" portType="2" />
            <fromProcessItemId>2025.4d9d4275-6817-404b-a156-fd3895b7e94a</fromProcessItemId>
            <toProcessItemId>2025.1bf7398d-3a0d-4b9e-9c46-1278da0ade03</toProcessItemId>
        </link>
        <link name="To Izvedba SQL">
            <lastModified isNull="true" />
            <lastModifiedBy isNull="true" />
            <tenantId isNull="true" />
            <processLinkId>2027.3b9e1d28-3cff-4f64-83de-7c248bf64f29</processLinkId>
            <processId>1.96045f85-a6fe-4b91-b5dc-f3ab115a9b36</processId>
            <description isNull="true" />
            <fromProcessItemId>2025.506e9031-48a6-4013-b64f-bf2a3216254a</fromProcessItemId>
            <endStateId>Out</endStateId>
            <toProcessItemId>2025.ee4a3554-3032-481d-b718-436878c578f0</toProcessItemId>
            <guid>fb6c0c1f-7c25-48fd-8a3f-899e58405147</guid>
            <versionId>ee8d550b-2199-4b6b-bfdb-47dd90a86cf2</versionId>
            <layoutData>
                <controlPoints />
                <showEndState>false</showEndState>
                <showName>false</showName>
            </layoutData>
            <fromItemPort locationId="rightCenter" portType="1" />
            <toItemPort locationId="leftCenter" portType="2" />
            <fromProcessItemId>2025.506e9031-48a6-4013-b64f-bf2a3216254a</fromProcessItemId>
            <toProcessItemId>2025.ee4a3554-3032-481d-b718-436878c578f0</toProcessItemId>
        </link>
    </process>
</teamworks>

