<?xml version="1.0" encoding="UTF-8"?>
<teamworks>
    <process id="1.c4e0dd1d-490e-4687-9919-eddf3deb1e98" name="Pridobi vprasanja KP SF">
        <lastModified>1752151171492</lastModified>
        <lastModifiedBy>amanojlovic</lastModifiedBy>
        <tenantId isNull="true" />
        <processId>1.c4e0dd1d-490e-4687-9919-eddf3deb1e98</processId>
        <image isNull="true" />
        <tabGroup isNull="true" />
        <startingProcessItemId>2025.5d2e0124-663a-4648-879b-aed99ed7e15e</startingProcessItemId>
        <isRootProcess>false</isRootProcess>
        <processType>12</processType>
        <isErrorHandlerEnabled>false</isErrorHandlerEnabled>
        <errorHandlerItemId isNull="true" />
        <isLoggingVariables>false</isLoggingVariables>
        <isTransactional>false</isTransactional>
        <processTimingLevel isNull="true" />
        <participantRef isNull="true" />
        <exposedType>0</exposedType>
        <isTrackingEnabled>true</isTrackingEnabled>
        <xmlData isNull="true" />
        <cachingType>false</cachingType>
        <itemLabel isNull="true" />
        <cacheLength>0</cacheLength>
        <mobileReady>false</mobileReady>
        <sboSyncEnabled>true</sboSyncEnabled>
        <externalId isNull="true" />
        <isSecured>true</isSecured>
        <isAjaxExposed>true</isAjaxExposed>
        <isInvokedAsynchronously>false</isInvokedAsynchronously>
        <isTransactionalFlow>false</isTransactionalFlow>
        <description>Servis za preuzimanje pitanja za kreditni predlog koja se parametrizuje po proizvodu.</description>
        <guid>guid:58796f1bbcfffd45:1079a9f2:18b7bbf69e2:59ba</guid>
        <versionId>ee658869-28a2-4284-b5e7-1254174c3bea</versionId>
        <dependencySummary>&lt;dependencySummary id="bpdid:0d5255df8632e1da:66d1fa00:197f44bc66e:-5f37" /&gt;</dependencySummary>
        <jsonData>{"rootElement":[{"flowElement":[{"parallelMultiple":false,"outgoing":["2027.8d00ef42-4894-44fe-86ed-b4c665081916"],"isInterrupting":false,"extensionElements":{"nodeVisualInfo":[{"color":"#F8F8F8","width":24,"x":25,"y":80,"declaredType":"TNodeVisualInfo","height":24}]},"name":"Start","declaredType":"startEvent","id":"415bd0b2-72a8-4c3f-89b5-63d420371516"},{"incoming":["03c4b395-19f9-4309-8d2b-b12efc8796d0"],"extensionElements":{"nodeVisualInfo":[{"color":"#F8F8F8","width":24,"x":650,"y":80,"declaredType":"TNodeVisualInfo","height":24}],"endStateId":["guid:58796f1bbcfffd45:1079a9f2:18b7bbf69e2:59bc"],"saveExecutionContext":[true]},"name":"End","declaredType":"endEvent","id":"2bcae3a4-3e26-486b-86c1-b706babdfe24"},{"targetRef":"5d2e0124-663a-4648-879b-aed99ed7e15e","extensionElements":{"linkVisualInfo":[{"sourcePortLocation":"rightCenter","showCoachControlLabel":false,"labelPosition":0.0,"targetPortLocation":"leftCenter","declaredType":"TLinkVisualInfo","saveExecutionContext":false,"showLabel":false}]},"name":"To Izvedba SQL","declaredType":"sequenceFlow","id":"2027.8d00ef42-4894-44fe-86ed-b4c665081916","sourceRef":"415bd0b2-72a8-4c3f-89b5-63d420371516"},{"startQuantity":1,"outgoing":["03c4b395-19f9-4309-8d2b-b12efc8796d0"],"incoming":["2027.8d00ef42-4894-44fe-86ed-b4c665081916"],"extensionElements":{"postAssignmentScript":["tw.local.vprasanja = [];\r\nvar indeks;\r\nfor (var i = 0; i &lt; tw.local.results[0].rows.length; i++) {\r\n      if (!tw.local.results[0].rows[i].indexedMap.izracunPravila || eval(tw.local.results[0].rows[i].indexedMap.izracunPravila)) {\r\n            indeks = tw.local.vprasanja.listLength;\r\n            tw.local.vprasanja[indeks] = {};\r\n            tw.local.vprasanja[indeks].idVprasanje = tw.local.results[0].rows[i].indexedMap.idVprasanja;\r\n            tw.local.vprasanja[indeks].idTipPolja = tw.local.results[0].rows[i].indexedMap.idTipPolja;\r\n            tw.local.vprasanja[indeks].oznakaPolja = tw.local.results[0].rows[i].indexedMap.vprasanje;\r\n            tw.local.vprasanja[indeks].templateZnacka = tw.local.results[0].rows[i].indexedMap.vprasanjaTemplate;\r\n            tw.local.vprasanja[indeks].vidljivostKomentar = tw.local.results[0].rows[i].indexedMap.potrebenKomentar ? \"DEFAULT\" : \"NONE\";\r\n            if (tw.local.vprasanja[indeks].idTipPolja == tw.epv.TabelaSifrantiEPV.idTipPoljaTextArea) {\r\n                  tw.local.vprasanja[indeks].indeksVariant = \"0\";\r\n            } else if (tw.local.vprasanja[indeks].idTipPolja == tw.epv.TabelaSifrantiEPV.idTipPoljaDaNe) {\r\n                  tw.local.vprasanja[indeks].indeksVariant = \"1\";\r\n            } else if (tw.local.vprasanja[indeks].idTipPolja == tw.epv.TabelaSifrantiEPV.idTipPoljaCustomKP1) {\r\n                  tw.local.vprasanja[indeks].indeksVariant = \"2\";\r\n            }\r\n      }\r\n}"],"nodeVisualInfo":[{"width":95,"x":260,"y":57,"declaredType":"TNodeVisualInfo","height":70}],"preAssignmentScript":["tw.local.sql =\r\n      \"     SELECT kpv.ID_VPRASANJA as idVprasanja, \\\r\n\t\t       kpv.ID_VPRASALNIK_TIP_POLJA as idTipPolja, \\\r\n\t\t       kpv.VPRASANJE_TEKST as vprasanje, \\\r\n\t\t       kpv.VPRASANJE_TEMPLATE as vprasanjaTemplate, \\\r\n\t\t       kpp.OPOMBA as opomba, \\\r\n\t\t       kpp.POTREBEN_KOMENTAR as potrebenKomentar, \\\r\n\t\t       pp.IZRACUN_PRAVILA as izracunPravila \\\r\n\t\tFROM dbo.KREDITNI_PREDLOG_PRODUKT kpp \\\r\n\t\t    LEFT JOIN dbo.KREDITNI_PREDLOG_VPRASANJA kpv \\\r\n\t\t        ON kpv.ID_VPRASANJA = kpp.ID_VPRASANJA \\\r\n\t\t    LEFT JOIN dbo.POSLOVNO_PRAVILO pp \\\r\n\t\t        ON pp.ID_POSLOVNO_PRAVILO = kpp.ID_POSLOVNA_PRAVILA \\\r\n\t\tWHERE kpp.JE_AKTIVEN = 1 \\\r\n\t\t      AND kpv.JE_AKTIVEN = 1 \\\r\n\t\t      AND kpp.ID_PRODUKTVERZIJA = ?\";\r\n\r\ntw.local.parameters = [];\r\nnewParameter(\"NUMERIC\",tw.local.idProduktVerzija);\r\n\r\nfunction newParameter(type,value,mode){\r\n\tvar parameter = {};\r\n\tparameter.mode = mode?mode:\"IN\";\r\n\tparameter.type = type;\r\n\tparameter.value = value;\r\n\ttw.local.parameters.insertIntoList(tw.local.parameters.listLength, parameter);\r\n}"],"activityType":["CalledProcess"]},"name":"Izvedba SQL","dataInputAssociation":[{"targetRef":"2055.25f5990f-9abf-4cf6-9101-497d43dee141","assignment":[{"from":{"evaluatesToTypeRef":"itm.12.db884a3c-c533-44b7-bb2d-47bec8ad4022","declaredType":"TFormalExpression","content":["tw.local.sql"]}}]},{"targetRef":"2055.8b844f2a-0a1f-4f12-b34b-e9fd5191dc43","assignment":[{"from":{"evaluatesToTypeRef":"itm.12.f453f500-ca4e-4264-a371-72c1892e8b7c","declaredType":"TFormalExpression","content":["tw.local.parameters"]}}]},{"targetRef":"2055.81a41d09-a504-4a63-bdaa-a92bac26ad7e","assignment":[{"from":{"evaluatesToTypeRef":"itm.12.c09c9b6e-aabd-4897-bef2-ed61db106297","declaredType":"TFormalExpression","content":["tw.env.SQL_VIR"]}}]},{"targetRef":"2055.53ee0328-837f-427d-b0a1-0255f36f7e0c","assignment":[{"from":{"evaluatesToTypeRef":"itm.12.c09c9b6e-aabd-4897-bef2-ed61db106297","declaredType":"TFormalExpression","content":["null"]}}]}],"isForCompensation":false,"completionQuantity":1,"declaredType":"callActivity","id":"5d2e0124-663a-4648-879b-aed99ed7e15e","dataOutputAssociation":[{"assignment":[{"to":{"evaluatesToTypeRef":"itm.12.3b1e3757-a1f4-4c3f-bbb8-16fecd4d65c1","declaredType":"TFormalExpression","content":["tw.local.results"]}}],"sourceRef":["2055.976cdc78-9d8d-41d4-ae85-f6c9a50c6764"]}],"calledElement":"1.4e480adb-5741-4f5e-aead-27b3654e9cd2"},{"targetRef":"2bcae3a4-3e26-486b-86c1-b706babdfe24","extensionElements":{"sequenceFlowImplementation":[{"fireValidation":"Never","sboSyncEnabled":true,"declaredType":"com.ibm.bpmsdk.model.bpmn20.ibmext.TSequenceFlowImplementation"}],"endStateId":["guid:d7766b7587753602:16bdf27c:11586c10093:-7fe7"],"linkVisualInfo":[{"sourcePortLocation":"rightCenter","showCoachControlLabel":false,"labelPosition":0.0,"targetPortLocation":"leftCenter","declaredType":"TLinkVisualInfo","saveExecutionContext":true,"showLabel":false}]},"name":"To Script Task","declaredType":"sequenceFlow","id":"03c4b395-19f9-4309-8d2b-b12efc8796d0","sourceRef":"5d2e0124-663a-4648-879b-aed99ed7e15e"},{"itemSubjectRef":"itm.12.f453f500-ca4e-4264-a371-72c1892e8b7c","name":"parameters","isCollection":true,"declaredType":"dataObject","id":"2056.fcbb1285-9cfe-44c3-8d13-5eda763e99cf"},{"itemSubjectRef":"itm.12.db884a3c-c533-44b7-bb2d-47bec8ad4022","name":"sql","isCollection":false,"declaredType":"dataObject","id":"2056.4dfe489a-1d45-45a2-84e1-f0e89f0a4b4d"},{"itemSubjectRef":"itm.12.3b1e3757-a1f4-4c3f-bbb8-16fecd4d65c1","name":"results","isCollection":true,"declaredType":"dataObject","id":"2056.83bd82ba-ecc5-43c5-8059-39be8bb37bae"}],"laneSet":[{"id":"91e6db12-5104-47b2-8db8-6a3ae95f1ccb","lane":[{"flowNodeRef":["415bd0b2-72a8-4c3f-89b5-63d420371516","2bcae3a4-3e26-486b-86c1-b706babdfe24","5d2e0124-663a-4648-879b-aed99ed7e15e"],"extensionElements":{"nodeVisualInfo":[{"color":"#F8F8F8","width":3000,"x":0,"y":0,"declaredType":"TNodeVisualInfo","height":500}]},"name":"System","partitionElementRef":"24.6fd38d02-81cf-48ab-bd42-8ff4c0a1628b","declaredType":"lane","id":"5c9a40d0-bdf0-4e10-8432-15aa2c606b4b","otherAttributes":{"{http:\/\/www.ibm.com\/xmlns\/prod\/bpm\/bpmn\/ext\/process\/wle}isSystemLane":"true"}}]}],"isClosed":false,"extensionElements":{"isSecured":[true],"isAjaxExposed":[true],"sboSyncEnabled":[true]},"documentation":[{"content":["Servis za preuzimanje pitanja za kreditni predlog koja se parametrizuje po proizvodu."],"textFormat":"text\/plain"}],"name":"Pridobi vprasanja KP SF","declaredType":"process","id":"1.c4e0dd1d-490e-4687-9919-eddf3deb1e98","processType":"None","otherAttributes":{"{http:\/\/www.ibm.com\/xmlns\/prod\/bpm\/bpmn\/ext\/process}executionMode":"microflow"},"ioSpecification":{"dataOutput":[{"itemSubjectRef":"itm.12.93bbd526-a175-42ff-a6bd-88307a246efe","name":"vprasanja","isCollection":true,"id":"2055.92aed92f-43c8-4e68-8229-8f669c702b7b"}],"extensionElements":{"epvProcessLinks":[{"epvProcessLinkRef":[{"epvId":"21.c56aa906-f64d-47a1-8b56-1f82535d412e","epvProcessLinkId":"c8debe77-e0f0-4b98-8a9f-53e5b375b912","declaredType":"com.ibm.bpmsdk.model.bpmn20.ibmext.TEpvProcessLinkRef"}],"declaredType":"com.ibm.bpmsdk.model.bpmn20.ibmext.TEpvProcessLinks"}]},"inputSet":[{"dataInputRefs":["2055.da334399-3cad-4eff-86c1-b420aee46f00","2055.b55607eb-77ce-42b6-8612-10497ad44fd6"]}],"outputSet":[{"dataOutputRefs":["2055.92aed92f-43c8-4e68-8229-8f669c702b7b"]}],"dataInput":[{"extensionElements":{"defaultValue":[{"declaredType":"com.ibm.bpmsdk.model.bpmn20.ibmext.TDefaultValue","useDefault":true,"value":"16"}]},"itemSubjectRef":"itm.12.3fa0d7a0-828a-4d60-99cc-db5ed143fc2d","name":"idProduktVerzija","isCollection":false,"id":"2055.da334399-3cad-4eff-86c1-b420aee46f00"},{"itemSubjectRef":"itm.12.634308ba-40cc-42ae-949e-a44fe1af365e","name":"vloga","isCollection":false,"id":"2055.b55607eb-77ce-42b6-8612-10497ad44fd6"}]}}],"targetNamespace":"","typeLanguage":"http:\/\/www.w3.org\/2001\/XMLSchema","expressionLanguage":"http:\/\/www.ibm.com\/xmlns\/prod\/bpm\/expression-lang\/javascript"}</jsonData>
        <field1 isNull="true" />
        <field2 isNull="true" />
        <field3>0</field3>
        <field4 isNull="true" />
        <field5>false</field5>
        <clobField1 isNull="true" />
        <blobField1 isNull="true" />
        <processParameter name="idProduktVerzija">
            <lastModified isNull="true" />
            <lastModifiedBy isNull="true" />
            <tenantId isNull="true" />
            <processParameterId>2055.da334399-3cad-4eff-86c1-b420aee46f00</processParameterId>
            <processId>1.c4e0dd1d-490e-4687-9919-eddf3deb1e98</processId>
            <parameterType>1</parameterType>
            <isArrayOf>false</isArrayOf>
            <classId>34b0d65f-7524-4bdf-81fb-fcf6680322a1/12.3fa0d7a0-828a-4d60-99cc-db5ed143fc2d</classId>
            <seq>1</seq>
            <hasDefault>true</hasDefault>
            <defaultValue>16</defaultValue>
            <isLocked>false</isLocked>
            <description isNull="true" />
            <guid>008fd199-67d1-41e2-a647-8d42ca021015</guid>
            <versionId>2c800065-d393-4958-b43d-4047282f38f7</versionId>
        </processParameter>
        <processParameter name="vloga">
            <lastModified isNull="true" />
            <lastModifiedBy isNull="true" />
            <tenantId isNull="true" />
            <processParameterId>2055.b55607eb-77ce-42b6-8612-10497ad44fd6</processParameterId>
            <processId>1.c4e0dd1d-490e-4687-9919-eddf3deb1e98</processId>
            <parameterType>1</parameterType>
            <isArrayOf>false</isArrayOf>
            <classId>/12.634308ba-40cc-42ae-949e-a44fe1af365e</classId>
            <seq>2</seq>
            <hasDefault>false</hasDefault>
            <defaultValue isNull="true" />
            <isLocked>false</isLocked>
            <description isNull="true" />
            <guid>1229936a-8ad7-437d-b20b-2a7edecd0c38</guid>
            <versionId>774cfc43-dc5b-454c-941a-04549d5406e1</versionId>
        </processParameter>
        <processParameter name="vprasanja">
            <lastModified isNull="true" />
            <lastModifiedBy isNull="true" />
            <tenantId isNull="true" />
            <processParameterId>2055.92aed92f-43c8-4e68-8229-8f669c702b7b</processParameterId>
            <processId>1.c4e0dd1d-490e-4687-9919-eddf3deb1e98</processId>
            <parameterType>2</parameterType>
            <isArrayOf>true</isArrayOf>
            <classId>/12.93bbd526-a175-42ff-a6bd-88307a246efe</classId>
            <seq>3</seq>
            <hasDefault>false</hasDefault>
            <defaultValue isNull="true" />
            <isLocked>false</isLocked>
            <description isNull="true" />
            <guid>06d774eb-c921-4369-9220-ebe2098d95da</guid>
            <versionId>3aa32cd8-14e4-47c8-8645-f9c4fbd9df7e</versionId>
        </processParameter>
        <processVariable name="parameters">
            <lastModified isNull="true" />
            <lastModifiedBy isNull="true" />
            <tenantId isNull="true" />
            <processVariableId>2056.fcbb1285-9cfe-44c3-8d13-5eda763e99cf</processVariableId>
            <description isNull="true" />
            <processId>1.c4e0dd1d-490e-4687-9919-eddf3deb1e98</processId>
            <namespace>2</namespace>
            <seq>1</seq>
            <isArrayOf>true</isArrayOf>
            <isTransient>false</isTransient>
            <classId>34b0d65f-7524-4bdf-81fb-fcf6680322a1/12.f453f500-ca4e-4264-a371-72c1892e8b7c</classId>
            <hasDefault>false</hasDefault>
            <defaultValue isNull="true" />
            <guid>c9577a4b-5548-464f-b0db-15d7af831466</guid>
            <versionId>cb537f29-a802-48de-b554-1993f41cda61</versionId>
        </processVariable>
        <processVariable name="sql">
            <lastModified isNull="true" />
            <lastModifiedBy isNull="true" />
            <tenantId isNull="true" />
            <processVariableId>2056.4dfe489a-1d45-45a2-84e1-f0e89f0a4b4d</processVariableId>
            <description isNull="true" />
            <processId>1.c4e0dd1d-490e-4687-9919-eddf3deb1e98</processId>
            <namespace>2</namespace>
            <seq>2</seq>
            <isArrayOf>false</isArrayOf>
            <isTransient>false</isTransient>
            <classId>34b0d65f-7524-4bdf-81fb-fcf6680322a1/12.db884a3c-c533-44b7-bb2d-47bec8ad4022</classId>
            <hasDefault>false</hasDefault>
            <defaultValue isNull="true" />
            <guid>5611cb77-bd63-445a-9b8a-c10ba6cac0b4</guid>
            <versionId>01da617f-8da3-47ea-b01a-278d2d44487b</versionId>
        </processVariable>
        <processVariable name="results">
            <lastModified isNull="true" />
            <lastModifiedBy isNull="true" />
            <tenantId isNull="true" />
            <processVariableId>2056.83bd82ba-ecc5-43c5-8059-39be8bb37bae</processVariableId>
            <description isNull="true" />
            <processId>1.c4e0dd1d-490e-4687-9919-eddf3deb1e98</processId>
            <namespace>2</namespace>
            <seq>3</seq>
            <isArrayOf>true</isArrayOf>
            <isTransient>false</isTransient>
            <classId>34b0d65f-7524-4bdf-81fb-fcf6680322a1/12.3b1e3757-a1f4-4c3f-bbb8-16fecd4d65c1</classId>
            <hasDefault>false</hasDefault>
            <defaultValue isNull="true" />
            <guid>ce4611bd-413a-4a75-8100-e3ae68d69cdb</guid>
            <versionId>264f6016-0d76-4a8d-8530-a4eecb1e36db</versionId>
        </processVariable>
        <item>
            <lastModified isNull="true" />
            <lastModifiedBy isNull="true" />
            <tenantId isNull="true" />
            <processItemId>2025.2bcae3a4-3e26-486b-86c1-b706babdfe24</processItemId>
            <processId>1.c4e0dd1d-490e-4687-9919-eddf3deb1e98</processId>
            <name>End</name>
            <tWComponentName>ExitPoint</tWComponentName>
            <tWComponentId>3008.b7636e3d-ac0b-468c-b337-3afea239c5f8</tWComponentId>
            <isLogEnabled>false</isLogEnabled>
            <isTraceEnabled>false</isTraceEnabled>
            <traceCategory isNull="true" />
            <traceLevel isNull="true" />
            <traceMessage isNull="true" />
            <traceSymbolTable isNull="true" />
            <isExecutionContextTraced>false</isExecutionContextTraced>
            <saveExecutionContext>true</saveExecutionContext>
            <documentation isNull="true" />
            <isErrorHandlerEnabled>false</isErrorHandlerEnabled>
            <errorHandlerItemId isNull="true" />
            <guid>guid:58796f1bbcfffd45:1079a9f2:18b7bbf69e2:59bc</guid>
            <versionId>a3ee8471-5eb7-4d36-b2dd-ba77371c5812</versionId>
            <externalServiceRef isNull="true" />
            <externalServiceOp isNull="true" />
            <nodeColor isNull="true" />
            <layoutData x="650" y="80">
                <errorLink>
                    <controlPoints />
                    <showEndState>false</showEndState>
                    <showName>false</showName>
                </errorLink>
            </layoutData>
            <TWComponent>
                <lastModified isNull="true" />
                <lastModifiedBy isNull="true" />
                <tenantId isNull="true" />
                <exitPointId>3008.b7636e3d-ac0b-468c-b337-3afea239c5f8</exitPointId>
                <haltProcess>false</haltProcess>
                <guid>c6d06415-a443-4c1a-8b8a-2a6c3b02cc22</guid>
                <versionId>eee0501c-2135-4c86-a616-b1543a5d06f2</versionId>
            </TWComponent>
        </item>
        <item>
            <lastModified isNull="true" />
            <lastModifiedBy isNull="true" />
            <tenantId isNull="true" />
            <processItemId>2025.5d2e0124-663a-4648-879b-aed99ed7e15e</processItemId>
            <processId>1.c4e0dd1d-490e-4687-9919-eddf3deb1e98</processId>
            <name>Izvedba SQL</name>
            <tWComponentName>SubProcess</tWComponentName>
            <tWComponentId>3012.08db4b19-7c06-44e7-ab87-9cd763357b42</tWComponentId>
            <isLogEnabled>false</isLogEnabled>
            <isTraceEnabled>false</isTraceEnabled>
            <traceCategory isNull="true" />
            <traceLevel isNull="true" />
            <traceMessage isNull="true" />
            <traceSymbolTable isNull="true" />
            <isExecutionContextTraced>false</isExecutionContextTraced>
            <saveExecutionContext>false</saveExecutionContext>
            <documentation isNull="true" />
            <isErrorHandlerEnabled>false</isErrorHandlerEnabled>
            <errorHandlerItemId isNull="true" />
            <guid>guid:58796f1bbcfffd45:1079a9f2:18b7bbf69e2:59c0</guid>
            <versionId>f4701764-12a7-4431-9415-28714249084a</versionId>
            <externalServiceRef isNull="true" />
            <externalServiceOp isNull="true" />
            <nodeColor isNull="true" />
            <processPrePosts>
                <lastModified isNull="true" />
                <lastModifiedBy isNull="true" />
                <tenantId isNull="true" />
                <processItemPrePostId>2029.72a0a587-d737-4743-ba81-313d6d90b2b3</processItemPrePostId>
                <processItemId>2025.5d2e0124-663a-4648-879b-aed99ed7e15e</processItemId>
                <location>2</location>
                <script>tw.local.vprasanja = [];&#xD;
var indeks;&#xD;
for (var i = 0; i &lt; tw.local.results[0].rows.length; i++) {&#xD;
      if (!tw.local.results[0].rows[i].indexedMap.izracunPravila || eval(tw.local.results[0].rows[i].indexedMap.izracunPravila)) {&#xD;
            indeks = tw.local.vprasanja.listLength;&#xD;
            tw.local.vprasanja[indeks] = {};&#xD;
            tw.local.vprasanja[indeks].idVprasanje = tw.local.results[0].rows[i].indexedMap.idVprasanja;&#xD;
            tw.local.vprasanja[indeks].idTipPolja = tw.local.results[0].rows[i].indexedMap.idTipPolja;&#xD;
            tw.local.vprasanja[indeks].oznakaPolja = tw.local.results[0].rows[i].indexedMap.vprasanje;&#xD;
            tw.local.vprasanja[indeks].templateZnacka = tw.local.results[0].rows[i].indexedMap.vprasanjaTemplate;&#xD;
            tw.local.vprasanja[indeks].vidljivostKomentar = tw.local.results[0].rows[i].indexedMap.potrebenKomentar ? "DEFAULT" : "NONE";&#xD;
            if (tw.local.vprasanja[indeks].idTipPolja == tw.epv.TabelaSifrantiEPV.idTipPoljaTextArea) {&#xD;
                  tw.local.vprasanja[indeks].indeksVariant = "0";&#xD;
            } else if (tw.local.vprasanja[indeks].idTipPolja == tw.epv.TabelaSifrantiEPV.idTipPoljaDaNe) {&#xD;
                  tw.local.vprasanja[indeks].indeksVariant = "1";&#xD;
            } else if (tw.local.vprasanja[indeks].idTipPolja == tw.epv.TabelaSifrantiEPV.idTipPoljaCustomKP1) {&#xD;
                  tw.local.vprasanja[indeks].indeksVariant = "2";&#xD;
            }&#xD;
      }&#xD;
}</script>
                <guid>c3226149-049a-47ab-9d9f-9395063daf5f</guid>
                <versionId>2e5aab3c-9d4d-44a3-a9ab-41a5476bbeb7</versionId>
            </processPrePosts>
            <processPrePosts>
                <lastModified isNull="true" />
                <lastModifiedBy isNull="true" />
                <tenantId isNull="true" />
                <processItemPrePostId>2029.db0cf9a8-0c71-4f58-b8c5-b57c2bd587fe</processItemPrePostId>
                <processItemId>2025.5d2e0124-663a-4648-879b-aed99ed7e15e</processItemId>
                <location>1</location>
                <script>tw.local.sql =&#xD;
      "     SELECT kpv.ID_VPRASANJA as idVprasanja, \&#xD;
		       kpv.ID_VPRASALNIK_TIP_POLJA as idTipPolja, \&#xD;
		       kpv.VPRASANJE_TEKST as vprasanje, \&#xD;
		       kpv.VPRASANJE_TEMPLATE as vprasanjaTemplate, \&#xD;
		       kpp.OPOMBA as opomba, \&#xD;
		       kpp.POTREBEN_KOMENTAR as potrebenKomentar, \&#xD;
		       pp.IZRACUN_PRAVILA as izracunPravila \&#xD;
		FROM dbo.KREDITNI_PREDLOG_PRODUKT kpp \&#xD;
		    LEFT JOIN dbo.KREDITNI_PREDLOG_VPRASANJA kpv \&#xD;
		        ON kpv.ID_VPRASANJA = kpp.ID_VPRASANJA \&#xD;
		    LEFT JOIN dbo.POSLOVNO_PRAVILO pp \&#xD;
		        ON pp.ID_POSLOVNO_PRAVILO = kpp.ID_POSLOVNA_PRAVILA \&#xD;
		WHERE kpp.JE_AKTIVEN = 1 \&#xD;
		      AND kpv.JE_AKTIVEN = 1 \&#xD;
		      AND kpp.ID_PRODUKTVERZIJA = ?";&#xD;
&#xD;
tw.local.parameters = [];&#xD;
newParameter("NUMERIC",tw.local.idProduktVerzija);&#xD;
&#xD;
function newParameter(type,value,mode){&#xD;
	var parameter = {};&#xD;
	parameter.mode = mode?mode:"IN";&#xD;
	parameter.type = type;&#xD;
	parameter.value = value;&#xD;
	tw.local.parameters.insertIntoList(tw.local.parameters.listLength, parameter);&#xD;
}</script>
                <guid>5f80c516-6c39-44b7-935d-e1fadbad3fe1</guid>
                <versionId>389c9bed-f7c0-43bd-9d32-6cf0beca8521</versionId>
            </processPrePosts>
            <layoutData x="260" y="57">
                <errorLink>
                    <controlPoints />
                    <showEndState>false</showEndState>
                    <showName>false</showName>
                </errorLink>
            </layoutData>
            <TWComponent>
                <lastModified isNull="true" />
                <lastModifiedBy isNull="true" />
                <tenantId isNull="true" />
                <subProcessId>3012.08db4b19-7c06-44e7-ab87-9cd763357b42</subProcessId>
                <attachedProcessRef>34b0d65f-7524-4bdf-81fb-fcf6680322a1/1.4e480adb-5741-4f5e-aead-27b3654e9cd2</attachedProcessRef>
                <guid>4a0d067f-f322-48ec-8391-6dcff1a61dc9</guid>
                <versionId>58d622a0-c2df-4fb4-a1e8-6ed3215fe3ab</versionId>
                <parameterMapping name="results">
                    <lastModified isNull="true" />
                    <lastModifiedBy isNull="true" />
                    <tenantId isNull="true" />
                    <parameterMappingId>2054.b51499b2-ab3c-48b3-abf2-b4561a605374</parameterMappingId>
                    <processParameterId>2055.976cdc78-9d8d-41d4-ae85-f6c9a50c6764</processParameterId>
                    <parameterMappingParentId>3012.08db4b19-7c06-44e7-ab87-9cd763357b42</parameterMappingParentId>
                    <useDefault>false</useDefault>
                    <value>tw.local.results</value>
                    <classRef>/12.3b1e3757-a1f4-4c3f-bbb8-16fecd4d65c1</classRef>
                    <isList>true</isList>
                    <isInput>false</isInput>
                    <mappingMode isNull="true" />
                    <sourcePath isNull="true" />
                    <targetPath isNull="true" />
                    <guid>6fe8dde1-1dda-4711-a5d5-605486141c94</guid>
                    <versionId>2f992d46-c289-4dc3-9d04-44a3f138aeb4</versionId>
                    <description isNull="true" />
                </parameterMapping>
                <parameterMapping name="maxRows">
                    <lastModified isNull="true" />
                    <lastModifiedBy isNull="true" />
                    <tenantId isNull="true" />
                    <parameterMappingId>2054.e7cb1877-ca79-480c-aa2d-5c90b15ca5c8</parameterMappingId>
                    <processParameterId>2055.53ee0328-837f-427d-b0a1-0255f36f7e0c</processParameterId>
                    <parameterMappingParentId>3012.08db4b19-7c06-44e7-ab87-9cd763357b42</parameterMappingParentId>
                    <useDefault>false</useDefault>
                    <value>null</value>
                    <classRef>/12.3fa0d7a0-828a-4d60-99cc-db5ed143fc2d</classRef>
                    <isList>false</isList>
                    <isInput>true</isInput>
                    <mappingMode isNull="true" />
                    <sourcePath isNull="true" />
                    <targetPath isNull="true" />
                    <guid>a5573985-8c6c-46aa-ba5e-ea3b6dd41a2a</guid>
                    <versionId>304cdd94-3f7f-4eb2-9c88-515c744f1c52</versionId>
                    <description isNull="true" />
                </parameterMapping>
                <parameterMapping name="parameters">
                    <lastModified isNull="true" />
                    <lastModifiedBy isNull="true" />
                    <tenantId isNull="true" />
                    <parameterMappingId>2054.8985ce41-69fd-4975-b37b-e7222c455d14</parameterMappingId>
                    <processParameterId>2055.8b844f2a-0a1f-4f12-b34b-e9fd5191dc43</processParameterId>
                    <parameterMappingParentId>3012.08db4b19-7c06-44e7-ab87-9cd763357b42</parameterMappingParentId>
                    <useDefault>false</useDefault>
                    <value>tw.local.parameters</value>
                    <classRef>/12.f453f500-ca4e-4264-a371-72c1892e8b7c</classRef>
                    <isList>true</isList>
                    <isInput>true</isInput>
                    <mappingMode isNull="true" />
                    <sourcePath isNull="true" />
                    <targetPath isNull="true" />
                    <guid>3a1dc925-d0b7-4b9c-8f47-2191a23af5ec</guid>
                    <versionId>4bffa619-8b50-4dc1-8b5f-dfcdd47c11b0</versionId>
                    <description isNull="true" />
                </parameterMapping>
                <parameterMapping name="sql">
                    <lastModified isNull="true" />
                    <lastModifiedBy isNull="true" />
                    <tenantId isNull="true" />
                    <parameterMappingId>2054.3295d12b-5f7c-4217-8b6a-dd91215a1771</parameterMappingId>
                    <processParameterId>2055.25f5990f-9abf-4cf6-9101-497d43dee141</processParameterId>
                    <parameterMappingParentId>3012.08db4b19-7c06-44e7-ab87-9cd763357b42</parameterMappingParentId>
                    <useDefault>false</useDefault>
                    <value>tw.local.sql</value>
                    <classRef>/12.db884a3c-c533-44b7-bb2d-47bec8ad4022</classRef>
                    <isList>false</isList>
                    <isInput>true</isInput>
                    <mappingMode isNull="true" />
                    <sourcePath isNull="true" />
                    <targetPath isNull="true" />
                    <guid>2931e258-0b65-4167-a5b4-e8a410927c36</guid>
                    <versionId>c4846082-d8db-4a8b-8926-e001a23c169f</versionId>
                    <description isNull="true" />
                </parameterMapping>
                <parameterMapping name="dataSourceName">
                    <lastModified isNull="true" />
                    <lastModifiedBy isNull="true" />
                    <tenantId isNull="true" />
                    <parameterMappingId>2054.7e7b8cbd-8fb0-4ba5-8397-88b32ffde314</parameterMappingId>
                    <processParameterId>2055.81a41d09-a504-4a63-bdaa-a92bac26ad7e</processParameterId>
                    <parameterMappingParentId>3012.08db4b19-7c06-44e7-ab87-9cd763357b42</parameterMappingParentId>
                    <useDefault>false</useDefault>
                    <value>tw.env.SQL_VIR</value>
                    <classRef>/12.db884a3c-c533-44b7-bb2d-47bec8ad4022</classRef>
                    <isList>false</isList>
                    <isInput>true</isInput>
                    <mappingMode isNull="true" />
                    <sourcePath isNull="true" />
                    <targetPath isNull="true" />
                    <guid>153de30c-0a25-4c8b-8f74-308705b3df08</guid>
                    <versionId>e1cf5c55-6aa2-440d-8728-7ef30908aced</versionId>
                    <description isNull="true" />
                </parameterMapping>
            </TWComponent>
        </item>
        <EPV_PROCESS_LINK>
            <lastModified isNull="true" />
            <lastModifiedBy isNull="true" />
            <tenantId isNull="true" />
            <epvProcessLinkId>2058.95bc352e-dc4e-496d-bf07-ed4fcc2c75f0</epvProcessLinkId>
            <epvId>/21.c56aa906-f64d-47a1-8b56-1f82535d412e</epvId>
            <processId>1.c4e0dd1d-490e-4687-9919-eddf3deb1e98</processId>
            <guid>a62679ea-7b63-444d-ab3d-25d2148ae43a</guid>
            <versionId>7545bb97-c85b-45ee-8bdf-8e0985901846</versionId>
        </EPV_PROCESS_LINK>
        <startingProcessItemId>2025.5d2e0124-663a-4648-879b-aed99ed7e15e</startingProcessItemId>
        <errorHandlerItemId isNull="true" />
        <layoutData noConversion="true">
            <errorLink>
                <controlPoints />
                <showEndState>false</showEndState>
                <showName>false</showName>
            </errorLink>
        </layoutData>
        <startPoint>
            <layoutData x="25" y="80">
                <errorLink>
                    <controlPoints />
                    <showEndState>false</showEndState>
                    <showName>false</showName>
                </errorLink>
            </layoutData>
        </startPoint>
        <startLink>
            <fromPort locationId="rightCenter" portType="1" />
            <toPort locationId="leftCenter" portType="2" />
            <layoutData>
                <controlPoints />
                <showEndState>false</showEndState>
                <showName>false</showName>
            </layoutData>
        </startLink>
        <bpmn2Model>
            <ns16:definitions xmlns:ns16="http://www.omg.org/spec/BPMN/20100524/MODEL" xmlns:ns2="http://www.ibm.com/xmlns/prod/bpm/bpmn/ext/process/case" xmlns:ns3="http://www.ibm.com/xmlns/prod/bpm/bpmn/ext/process" xmlns:ns4="http://www.ibm.com/xmlns/prod/bpm/bpmn/ext/process/wle" xmlns:ns5="http://www.ibm.com/bpm/Extensions" xmlns:ns6="http://www.ibm.com/xmlns/prod/bpm/uca" xmlns:ns7="http://www.ibm.com/xmlns/prod/bpm/bpmn/ext/team" xmlns:ns8="http://www.ibm.com/xmlns/prod/bpm/bpmn/ext/trackinggroup" xmlns:ns9="http://www.ibm.com/xmlns/bpmnx/20100524/v1/BusinessVocabulary" xmlns:ns10="http://www.omg.org/spec/DD/20100524/DI" xmlns:ns11="http://www.omg.org/spec/DD/20100524/DC" xmlns:ns12="http://www.omg.org/spec/BPMN/20100524/BPMNDI" xmlns:ns13="http://www.ibm.com/xmlns/prod/bpm/graph" xmlns:ns14="http://www.ibm.com/xmlns/prod/bpm/bpmn/ext/process/auth" xmlns:ns15="http://www.ibm.com/xmlns/prod/bpm/bpmn/ext/extservice" xmlns:ns17="http://www.ibm.com/bpm/processappsettings" xmlns:ns18="http://www.ibm.com/xmlns/links" xmlns:ns19="http://www.ibm.com/bpm/CoachDesignerNG" xmlns:ns20="http://www.ibm.com/xmlns/tagging" xmlns:ns21="http://www.ibm.com/bpm/uitheme" xmlns:ns22="http://www.ibm.com/bpm/coachview" targetNamespace="" expressionLanguage="http://www.ibm.com/xmlns/prod/bpm/expression-lang/javascript" typeLanguage="http://www.w3.org/2001/XMLSchema">
                <ns16:process name="Pridobi vprasanja KP SF" id="1.c4e0dd1d-490e-4687-9919-eddf3deb1e98" ns3:executionMode="microflow">
                    <ns16:documentation textFormat="text/plain">Servis za preuzimanje pitanja za kreditni predlog koja se parametrizuje po proizvodu.</ns16:documentation>
                    <ns16:extensionElements>
                        <ns3:isSecured>true</ns3:isSecured>
                        <ns3:isAjaxExposed>true</ns3:isAjaxExposed>
                        <ns3:sboSyncEnabled>true</ns3:sboSyncEnabled>
                    </ns16:extensionElements>
                    <ns16:ioSpecification>
                        <ns16:extensionElements>
                            <ns3:epvProcessLinks>
                                <ns3:epvProcessLinkRef epvId="21.c56aa906-f64d-47a1-8b56-1f82535d412e" epvProcessLinkId="c8debe77-e0f0-4b98-8a9f-53e5b375b912" />
                            </ns3:epvProcessLinks>
                        </ns16:extensionElements>
                        <ns16:dataInput name="idProduktVerzija" itemSubjectRef="itm.12.3fa0d7a0-828a-4d60-99cc-db5ed143fc2d" isCollection="false" id="2055.da334399-3cad-4eff-86c1-b420aee46f00">
                            <ns16:extensionElements>
                                <ns3:defaultValue useDefault="true">16</ns3:defaultValue>
                            </ns16:extensionElements>
                        </ns16:dataInput>
                        <ns16:dataInput name="vloga" itemSubjectRef="itm.12.634308ba-40cc-42ae-949e-a44fe1af365e" isCollection="false" id="2055.b55607eb-77ce-42b6-8612-10497ad44fd6" />
                        <ns16:dataOutput name="vprasanja" itemSubjectRef="itm.12.93bbd526-a175-42ff-a6bd-88307a246efe" isCollection="true" id="2055.92aed92f-43c8-4e68-8229-8f669c702b7b" />
                        <ns16:inputSet>
                            <ns16:dataInputRefs>2055.da334399-3cad-4eff-86c1-b420aee46f00</ns16:dataInputRefs>
                            <ns16:dataInputRefs>2055.b55607eb-77ce-42b6-8612-10497ad44fd6</ns16:dataInputRefs>
                        </ns16:inputSet>
                        <ns16:outputSet>
                            <ns16:dataOutputRefs>2055.92aed92f-43c8-4e68-8229-8f669c702b7b</ns16:dataOutputRefs>
                        </ns16:outputSet>
                    </ns16:ioSpecification>
                    <ns16:laneSet id="91e6db12-5104-47b2-8db8-6a3ae95f1ccb">
                        <ns16:lane name="System" partitionElementRef="24.6fd38d02-81cf-48ab-bd42-8ff4c0a1628b" id="5c9a40d0-bdf0-4e10-8432-15aa2c606b4b" ns4:isSystemLane="true">
                            <ns16:extensionElements>
                                <ns13:nodeVisualInfo x="0" y="0" width="3000" height="500" color="#F8F8F8" />
                            </ns16:extensionElements>
                            <ns16:flowNodeRef>415bd0b2-72a8-4c3f-89b5-63d420371516</ns16:flowNodeRef>
                            <ns16:flowNodeRef>2bcae3a4-3e26-486b-86c1-b706babdfe24</ns16:flowNodeRef>
                            <ns16:flowNodeRef>5d2e0124-663a-4648-879b-aed99ed7e15e</ns16:flowNodeRef>
                        </ns16:lane>
                    </ns16:laneSet>
                    <ns16:startEvent isInterrupting="false" parallelMultiple="false" name="Start" id="415bd0b2-72a8-4c3f-89b5-63d420371516">
                        <ns16:extensionElements>
                            <ns13:nodeVisualInfo x="25" y="80" width="24" height="24" color="#F8F8F8" />
                        </ns16:extensionElements>
                        <ns16:outgoing>2027.8d00ef42-4894-44fe-86ed-b4c665081916</ns16:outgoing>
                    </ns16:startEvent>
                    <ns16:endEvent name="End" id="2bcae3a4-3e26-486b-86c1-b706babdfe24">
                        <ns16:extensionElements>
                            <ns13:nodeVisualInfo x="650" y="80" width="24" height="24" color="#F8F8F8" />
                            <ns4:saveExecutionContext>true</ns4:saveExecutionContext>
                            <ns3:endStateId>guid:58796f1bbcfffd45:1079a9f2:18b7bbf69e2:59bc</ns3:endStateId>
                        </ns16:extensionElements>
                        <ns16:incoming>03c4b395-19f9-4309-8d2b-b12efc8796d0</ns16:incoming>
                    </ns16:endEvent>
                    <ns16:sequenceFlow sourceRef="415bd0b2-72a8-4c3f-89b5-63d420371516" targetRef="5d2e0124-663a-4648-879b-aed99ed7e15e" name="To Izvedba SQL" id="2027.8d00ef42-4894-44fe-86ed-b4c665081916">
                        <ns16:extensionElements>
                            <ns13:linkVisualInfo>
                                <ns13:sourcePortLocation>rightCenter</ns13:sourcePortLocation>
                                <ns13:targetPortLocation>leftCenter</ns13:targetPortLocation>
                                <ns13:showLabel>false</ns13:showLabel>
                                <ns13:showCoachControlLabel>false</ns13:showCoachControlLabel>
                                <ns13:labelPosition>0.0</ns13:labelPosition>
                                <ns13:saveExecutionContext>false</ns13:saveExecutionContext>
                            </ns13:linkVisualInfo>
                        </ns16:extensionElements>
                    </ns16:sequenceFlow>
                    <ns16:callActivity calledElement="1.4e480adb-5741-4f5e-aead-27b3654e9cd2" name="Izvedba SQL" id="5d2e0124-663a-4648-879b-aed99ed7e15e">
                        <ns16:extensionElements>
                            <ns13:nodeVisualInfo x="260" y="57" width="95" height="70" />
                            <ns4:activityType>CalledProcess</ns4:activityType>
                            <ns3:preAssignmentScript>tw.local.sql =&#xD;
      "     SELECT kpv.ID_VPRASANJA as idVprasanja, \&#xD;
		       kpv.ID_VPRASALNIK_TIP_POLJA as idTipPolja, \&#xD;
		       kpv.VPRASANJE_TEKST as vprasanje, \&#xD;
		       kpv.VPRASANJE_TEMPLATE as vprasanjaTemplate, \&#xD;
		       kpp.OPOMBA as opomba, \&#xD;
		       kpp.POTREBEN_KOMENTAR as potrebenKomentar, \&#xD;
		       pp.IZRACUN_PRAVILA as izracunPravila \&#xD;
		FROM dbo.KREDITNI_PREDLOG_PRODUKT kpp \&#xD;
		    LEFT JOIN dbo.KREDITNI_PREDLOG_VPRASANJA kpv \&#xD;
		        ON kpv.ID_VPRASANJA = kpp.ID_VPRASANJA \&#xD;
		    LEFT JOIN dbo.POSLOVNO_PRAVILO pp \&#xD;
		        ON pp.ID_POSLOVNO_PRAVILO = kpp.ID_POSLOVNA_PRAVILA \&#xD;
		WHERE kpp.JE_AKTIVEN = 1 \&#xD;
		      AND kpv.JE_AKTIVEN = 1 \&#xD;
		      AND kpp.ID_PRODUKTVERZIJA = ?";&#xD;
&#xD;
tw.local.parameters = [];&#xD;
newParameter("NUMERIC",tw.local.idProduktVerzija);&#xD;
&#xD;
function newParameter(type,value,mode){&#xD;
	var parameter = {};&#xD;
	parameter.mode = mode?mode:"IN";&#xD;
	parameter.type = type;&#xD;
	parameter.value = value;&#xD;
	tw.local.parameters.insertIntoList(tw.local.parameters.listLength, parameter);&#xD;
}</ns3:preAssignmentScript>
                            <ns3:postAssignmentScript>tw.local.vprasanja = [];&#xD;
var indeks;&#xD;
for (var i = 0; i &lt; tw.local.results[0].rows.length; i++) {&#xD;
      if (!tw.local.results[0].rows[i].indexedMap.izracunPravila || eval(tw.local.results[0].rows[i].indexedMap.izracunPravila)) {&#xD;
            indeks = tw.local.vprasanja.listLength;&#xD;
            tw.local.vprasanja[indeks] = {};&#xD;
            tw.local.vprasanja[indeks].idVprasanje = tw.local.results[0].rows[i].indexedMap.idVprasanja;&#xD;
            tw.local.vprasanja[indeks].idTipPolja = tw.local.results[0].rows[i].indexedMap.idTipPolja;&#xD;
            tw.local.vprasanja[indeks].oznakaPolja = tw.local.results[0].rows[i].indexedMap.vprasanje;&#xD;
            tw.local.vprasanja[indeks].templateZnacka = tw.local.results[0].rows[i].indexedMap.vprasanjaTemplate;&#xD;
            tw.local.vprasanja[indeks].vidljivostKomentar = tw.local.results[0].rows[i].indexedMap.potrebenKomentar ? "DEFAULT" : "NONE";&#xD;
            if (tw.local.vprasanja[indeks].idTipPolja == tw.epv.TabelaSifrantiEPV.idTipPoljaTextArea) {&#xD;
                  tw.local.vprasanja[indeks].indeksVariant = "0";&#xD;
            } else if (tw.local.vprasanja[indeks].idTipPolja == tw.epv.TabelaSifrantiEPV.idTipPoljaDaNe) {&#xD;
                  tw.local.vprasanja[indeks].indeksVariant = "1";&#xD;
            } else if (tw.local.vprasanja[indeks].idTipPolja == tw.epv.TabelaSifrantiEPV.idTipPoljaCustomKP1) {&#xD;
                  tw.local.vprasanja[indeks].indeksVariant = "2";&#xD;
            }&#xD;
      }&#xD;
}</ns3:postAssignmentScript>
                        </ns16:extensionElements>
                        <ns16:incoming>2027.8d00ef42-4894-44fe-86ed-b4c665081916</ns16:incoming>
                        <ns16:outgoing>03c4b395-19f9-4309-8d2b-b12efc8796d0</ns16:outgoing>
                        <ns16:dataInputAssociation>
                            <ns16:targetRef>2055.25f5990f-9abf-4cf6-9101-497d43dee141</ns16:targetRef>
                            <ns16:assignment>
                                <ns16:from xmlns:xsi="http://www.w3.org/2001/XMLSchema-instance" xsi:type="ns16:tFormalExpression" evaluatesToTypeRef="itm.12.db884a3c-c533-44b7-bb2d-47bec8ad4022">tw.local.sql</ns16:from>
                            </ns16:assignment>
                        </ns16:dataInputAssociation>
                        <ns16:dataInputAssociation>
                            <ns16:targetRef>2055.8b844f2a-0a1f-4f12-b34b-e9fd5191dc43</ns16:targetRef>
                            <ns16:assignment>
                                <ns16:from xmlns:xsi="http://www.w3.org/2001/XMLSchema-instance" xsi:type="ns16:tFormalExpression" evaluatesToTypeRef="itm.12.f453f500-ca4e-4264-a371-72c1892e8b7c">tw.local.parameters</ns16:from>
                            </ns16:assignment>
                        </ns16:dataInputAssociation>
                        <ns16:dataInputAssociation>
                            <ns16:targetRef>2055.81a41d09-a504-4a63-bdaa-a92bac26ad7e</ns16:targetRef>
                            <ns16:assignment>
                                <ns16:from xmlns:xsi="http://www.w3.org/2001/XMLSchema-instance" xsi:type="ns16:tFormalExpression" evaluatesToTypeRef="itm.12.c09c9b6e-aabd-4897-bef2-ed61db106297">tw.env.SQL_VIR</ns16:from>
                            </ns16:assignment>
                        </ns16:dataInputAssociation>
                        <ns16:dataInputAssociation>
                            <ns16:targetRef>2055.53ee0328-837f-427d-b0a1-0255f36f7e0c</ns16:targetRef>
                            <ns16:assignment>
                                <ns16:from xmlns:xsi="http://www.w3.org/2001/XMLSchema-instance" xsi:type="ns16:tFormalExpression" evaluatesToTypeRef="itm.12.c09c9b6e-aabd-4897-bef2-ed61db106297">null</ns16:from>
                            </ns16:assignment>
                        </ns16:dataInputAssociation>
                        <ns16:dataOutputAssociation>
                            <ns16:sourceRef>2055.976cdc78-9d8d-41d4-ae85-f6c9a50c6764</ns16:sourceRef>
                            <ns16:assignment>
                                <ns16:to xmlns:xsi="http://www.w3.org/2001/XMLSchema-instance" xsi:type="ns16:tFormalExpression" evaluatesToTypeRef="itm.12.3b1e3757-a1f4-4c3f-bbb8-16fecd4d65c1">tw.local.results</ns16:to>
                            </ns16:assignment>
                        </ns16:dataOutputAssociation>
                    </ns16:callActivity>
                    <ns16:sequenceFlow sourceRef="5d2e0124-663a-4648-879b-aed99ed7e15e" targetRef="2bcae3a4-3e26-486b-86c1-b706babdfe24" name="To Script Task" id="03c4b395-19f9-4309-8d2b-b12efc8796d0">
                        <ns16:extensionElements>
                            <ns3:sequenceFlowImplementation sboSyncEnabled="true" />
                            <ns13:linkVisualInfo>
                                <ns13:sourcePortLocation>rightCenter</ns13:sourcePortLocation>
                                <ns13:targetPortLocation>leftCenter</ns13:targetPortLocation>
                                <ns13:showLabel>false</ns13:showLabel>
                                <ns13:showCoachControlLabel>false</ns13:showCoachControlLabel>
                                <ns13:labelPosition>0.0</ns13:labelPosition>
                                <ns13:saveExecutionContext>true</ns13:saveExecutionContext>
                            </ns13:linkVisualInfo>
                            <ns3:endStateId>guid:d7766b7587753602:16bdf27c:11586c10093:-7fe7</ns3:endStateId>
                        </ns16:extensionElements>
                    </ns16:sequenceFlow>
                    <ns16:dataObject itemSubjectRef="itm.12.f453f500-ca4e-4264-a371-72c1892e8b7c" isCollection="true" name="parameters" id="2056.fcbb1285-9cfe-44c3-8d13-5eda763e99cf" />
                    <ns16:dataObject itemSubjectRef="itm.12.db884a3c-c533-44b7-bb2d-47bec8ad4022" isCollection="false" name="sql" id="2056.4dfe489a-1d45-45a2-84e1-f0e89f0a4b4d" />
                    <ns16:dataObject itemSubjectRef="itm.12.3b1e3757-a1f4-4c3f-bbb8-16fecd4d65c1" isCollection="true" name="results" id="2056.83bd82ba-ecc5-43c5-8059-39be8bb37bae" />
                </ns16:process>
            </ns16:definitions>
        </bpmn2Model>
        <link name="To Script Task">
            <lastModified isNull="true" />
            <lastModifiedBy isNull="true" />
            <tenantId isNull="true" />
            <processLinkId>2027.03c4b395-19f9-4309-8d2b-b12efc8796d0</processLinkId>
            <processId>1.c4e0dd1d-490e-4687-9919-eddf3deb1e98</processId>
            <description isNull="true" />
            <fromProcessItemId>2025.5d2e0124-663a-4648-879b-aed99ed7e15e</fromProcessItemId>
            <endStateId>guid:d7766b7587753602:16bdf27c:11586c10093:-7fe7</endStateId>
            <toProcessItemId>2025.2bcae3a4-3e26-486b-86c1-b706babdfe24</toProcessItemId>
            <guid>0c7356cc-659d-4458-aad3-6067c997ea65</guid>
            <versionId>2a073523-377a-4b44-bb90-e457ccf0605d</versionId>
            <layoutData>
                <controlPoints />
                <showEndState>false</showEndState>
                <showName>false</showName>
            </layoutData>
            <fromItemPort locationId="rightCenter" portType="1" />
            <toItemPort locationId="leftCenter" portType="2" />
            <fromProcessItemId>2025.5d2e0124-663a-4648-879b-aed99ed7e15e</fromProcessItemId>
            <toProcessItemId>2025.2bcae3a4-3e26-486b-86c1-b706babdfe24</toProcessItemId>
        </link>
    </process>
</teamworks>

