<?xml version="1.0" encoding="UTF-8"?>
<teamworks>
    <process id="1.c7556be5-1ea0-4826-b8b1-b8f80ec5264f" name="Credes">
        <lastModified>1700236047786</lastModified>
        <lastModifiedBy>bmihajlovic</lastModifiedBy>
        <tenantId isNull="true" />
        <processId>1.c7556be5-1ea0-4826-b8b1-b8f80ec5264f</processId>
        <image isNull="true" />
        <tabGroup isNull="true" />
        <startingProcessItemId isNull="true" />
        <isRootProcess>false</isRootProcess>
        <processType>11</processType>
        <isErrorHandlerEnabled>false</isErrorHandlerEnabled>
        <errorHandlerItemId isNull="true" />
        <isLoggingVariables>false</isLoggingVariables>
        <isTransactional>false</isTransactional>
        <processTimingLevel isNull="true" />
        <participantRef isNull="true" />
        <exposedType isNull="true" />
        <isTrackingEnabled>true</isTrackingEnabled>
        <xmlData isNull="true" />
        <cachingType>false</cachingType>
        <itemLabel isNull="true" />
        <cacheLength isNull="true" />
        <mobileReady>false</mobileReady>
        <sboSyncEnabled>true</sboSyncEnabled>
        <externalId>{http://sing.si/credes/sid/}_893848a1-3885-498f-9ebb-8578abdcce62</externalId>
        <isSecured>false</isSecured>
        <isAjaxExposed>false</isAjaxExposed>
        <isInvokedAsynchronously>false</isInvokedAsynchronously>
        <isTransactionalFlow>false</isTransactionalFlow>
        <description isNull="true" />
        <guid>guid:d5093b7866157b1f:-48a1e4c1:18bddc6f6c5:-6bca</guid>
        <versionId>46c58f9c-3b3f-4ce0-9f49-2cc8f19ce1c5</versionId>
        <dependencySummary>&lt;dependencySummary id="bpdid:d5093b7866157b1f:-48a1e4c1:18bddc6f6c5:-6bc7"&gt;
  &lt;artifactReference id="bpdid:d5093b7866157b1f:-48a1e4c1:18bddc6f6c5:-6bc6"&gt;
    &lt;refId&gt;/6023.4e40b7d2-eadd-4fbc-86f3-4f433971e06d&lt;/refId&gt;
    &lt;refType&gt;1&lt;/refType&gt;
    &lt;nameValuePair id="bpdid:d5093b7866157b1f:-48a1e4c1:18bddc6f6c5:-6bc5"&gt;
      &lt;name&gt;externalId&lt;/name&gt;
      &lt;value&gt;http://sing.si/credes/sid/&lt;/value&gt;
    &lt;/nameValuePair&gt;
    &lt;nameValuePair id="bpdid:d5093b7866157b1f:-48a1e4c1:18bddc6f6c5:-6bc4"&gt;
      &lt;name&gt;mimeType&lt;/name&gt;
      &lt;value&gt;wsdl&lt;/value&gt;
    &lt;/nameValuePair&gt;
  &lt;/artifactReference&gt;
  &lt;artifactReference id="bpdid:d5093b7866157b1f:-48a1e4c1:18bddc6f6c5:-6bc3"&gt;
    &lt;refId&gt;/12.4e180d4c-7f1b-4cd9-9987-3848606251f6&lt;/refId&gt;
    &lt;refType&gt;1&lt;/refType&gt;
    &lt;nameValuePair id="bpdid:d5093b7866157b1f:-48a1e4c1:18bddc6f6c5:-6bc2"&gt;
      &lt;name&gt;externalId&lt;/name&gt;
      &lt;value&gt;{http://sing.si/credes/sid/}PogodbaVpis&lt;/value&gt;
    &lt;/nameValuePair&gt;
    &lt;nameValuePair id="bpdid:d5093b7866157b1f:-48a1e4c1:18bddc6f6c5:-6bc1"&gt;
      &lt;name&gt;mimeType&lt;/name&gt;
      &lt;value&gt;msg&lt;/value&gt;
    &lt;/nameValuePair&gt;
  &lt;/artifactReference&gt;
  &lt;artifactReference id="bpdid:d5093b7866157b1f:-48a1e4c1:18bddc6f6c5:-6bc0"&gt;
    &lt;refId&gt;/12.50db0d1d-ea5d-4b35-b5d6-5352056ac5c7&lt;/refId&gt;
    &lt;refType&gt;1&lt;/refType&gt;
    &lt;nameValuePair id="bpdid:d5093b7866157b1f:-48a1e4c1:18bddc6f6c5:-6bbf"&gt;
      &lt;name&gt;externalId&lt;/name&gt;
      &lt;value&gt;{http://sing.si/credes/sid/}PogodbaVpisResponse&lt;/value&gt;
    &lt;/nameValuePair&gt;
    &lt;nameValuePair id="bpdid:d5093b7866157b1f:-48a1e4c1:18bddc6f6c5:-6bbe"&gt;
      &lt;name&gt;mimeType&lt;/name&gt;
      &lt;value&gt;msg&lt;/value&gt;
    &lt;/nameValuePair&gt;
  &lt;/artifactReference&gt;
  &lt;artifactReference id="bpdid:d5093b7866157b1f:-48a1e4c1:18bddc6f6c5:-6bbd"&gt;
    &lt;refId&gt;/6023.4cf84fad-da59-4541-9be7-c1c489339acd&lt;/refId&gt;
    &lt;refType&gt;1&lt;/refType&gt;
    &lt;nameValuePair id="bpdid:d5093b7866157b1f:-48a1e4c1:18bddc6f6c5:-6bbc"&gt;
      &lt;name&gt;externalId&lt;/name&gt;
      &lt;value&gt;PogodbaVpis&lt;/value&gt;
    &lt;/nameValuePair&gt;
    &lt;nameValuePair id="bpdid:d5093b7866157b1f:-48a1e4c1:18bddc6f6c5:-6bbb"&gt;
      &lt;name&gt;mimeType&lt;/name&gt;
      &lt;value&gt;xsd&lt;/value&gt;
    &lt;/nameValuePair&gt;
  &lt;/artifactReference&gt;
  &lt;artifactReference id="bpdid:d5093b7866157b1f:-48a1e4c1:18bddc6f6c5:-6bba"&gt;
    &lt;refId&gt;/6023.f032deae-30b6-4374-b5d3-4b2e2dfabc9b&lt;/refId&gt;
    &lt;refType&gt;1&lt;/refType&gt;
    &lt;nameValuePair id="bpdid:d5093b7866157b1f:-48a1e4c1:18bddc6f6c5:-6bb9"&gt;
      &lt;name&gt;externalId&lt;/name&gt;
      &lt;value&gt;PogodbaVpis&lt;/value&gt;
    &lt;/nameValuePair&gt;
    &lt;nameValuePair id="bpdid:d5093b7866157b1f:-48a1e4c1:18bddc6f6c5:-6bb8"&gt;
      &lt;name&gt;mimeType&lt;/name&gt;
      &lt;value&gt;xsd&lt;/value&gt;
    &lt;/nameValuePair&gt;
  &lt;/artifactReference&gt;
&lt;/dependencySummary&gt;</dependencySummary>
        <jsonData isNull="true" />
        <field1 isNull="true" />
        <field2 isNull="true" />
        <field3>0</field3>
        <field4 isNull="true" />
        <field5>false</field5>
        <clobField1 isNull="true" />
        <blobField1 isNull="true" />
        <startingProcessItemId isNull="true" />
        <errorHandlerItemId isNull="true" />
        <layoutData noConversion="true">
            <errorLink>
                <controlPoints />
                <showEndState>false</showEndState>
                <showName>false</showName>
            </errorLink>
        </layoutData>
        <startPoint>
            <layoutData x="0" y="0">
                <errorLink>
                    <controlPoints />
                    <showEndState>false</showEndState>
                    <showName>false</showName>
                </errorLink>
            </layoutData>
        </startPoint>
        <startLink>
            <fromPort locationId="rightCenter" portType="1" />
            <toPort locationId="rightCenter" portType="2" />
            <layoutData>
                <controlPoints />
                <showEndState>false</showEndState>
                <showName>false</showName>
            </layoutData>
        </startLink>
        <bpmn2Model>
            <ns14:definitions xmlns:ns14="http://www.omg.org/spec/BPMN/20100524/MODEL" xmlns:ns2="http://www.ibm.com/xmlns/prod/bpm/bpmn/ext/trackinggroup" xmlns:ns3="http://www.ibm.com/xmlns/prod/bpm/bpmn/ext/process" xmlns:ns4="http://www.ibm.com/xmlns/prod/bpm/bpmn/ext/process/wle" xmlns:ns5="http://www.ibm.com/xmlns/prod/bpm/bpmn/ext/process/case" xmlns:ns6="http://www.ibm.com/bpm/Extensions" xmlns:ns7="http://www.ibm.com/xmlns/prod/bpm/uca" xmlns:ns8="http://www.ibm.com/xmlns/prod/bpm/bpmn/ext/team" xmlns:ns9="http://www.ibm.com/xmlns/bpmnx/20100524/v1/BusinessVocabulary" xmlns:ns10="http://www.omg.org/spec/DD/20100524/DI" xmlns:ns11="http://www.omg.org/spec/DD/20100524/DC" xmlns:ns12="http://www.omg.org/spec/BPMN/20100524/BPMNDI" xmlns:ns13="http://www.ibm.com/xmlns/prod/bpm/graph" xmlns:ns15="http://www.ibm.com/xmlns/prod/bpm/bpmn/ext/extservice" xmlns:ns16="http://www.ibm.com/bpm/processappsettings" xmlns:ns17="http://www.ibm.com/xmlns/prod/bpm/bpmn/ext/process/auth" xmlns:ns18="http://www.ibm.com/xmlns/links" xmlns:ns19="http://www.ibm.com/bpm/uitheme" xmlns:ns20="http://www.ibm.com/xmlns/tagging" id="_70caf3aa-2d9c-4500-b46a-899fea0ba21d" targetNamespace="http://sing.si/credes/sid/" expressionLanguage="http://www.ibm.com/xmlns/prod/bpm/expression-lang/javascript">
                <ns14:interface name="SingSoap" id="_2ece11cc-8a1e-48f2-a637-17f80a72b4f0">
                    <ns14:documentation />
                    <ns14:operation name="PogodbaVpis" id="_13be4c71-8b4d-4278-8ee7-e99e17d2dcc1">
                        <ns14:documentation />
                        <ns14:extensionElements>
                            <ns3:inMessageRefPO>12.4e180d4c-7f1b-4cd9-9987-3848606251f6</ns3:inMessageRefPO>
                            <ns3:outMessageRefPO>12.50db0d1d-ea5d-4b35-b5d6-5352056ac5c7</ns3:outMessageRefPO>
                            <ns17:businessSignature>
                                <ns17:input id="_b5855a3c-2317-4efd-ae46-06bef584a0d0">
                                    <ns17:name>matiPart</ns17:name>
                                    <ns17:typeRef>{http://www.w3.org/2001/XMLSchema}int</ns17:typeRef>
                                    <ns17:typeRefPO>itm.12.3fa0d7a0-828a-4d60-99cc-db5ed143fc2d</ns17:typeRefPO>
                                    <ns17:path>matiPart</ns17:path>
                                    <ns17:isCollection>false</ns17:isCollection>
                                </ns17:input>
                                <ns17:input id="_9c42a263-732a-4070-bef6-d89baa52e74b">
                                    <ns17:name>matiAnek</ns17:name>
                                    <ns17:typeRef>{http://www.w3.org/2001/XMLSchema}int</ns17:typeRef>
                                    <ns17:typeRefPO>itm.12.3fa0d7a0-828a-4d60-99cc-db5ed143fc2d</ns17:typeRefPO>
                                    <ns17:path>matiAnek</ns17:path>
                                    <ns17:isCollection>false</ns17:isCollection>
                                </ns17:input>
                                <ns17:input id="_fa954859-7ce1-409f-8a74-ad17d4e3d6c1">
                                    <ns17:name>matiApli</ns17:name>
                                    <ns17:typeRef>{http://www.w3.org/2001/XMLSchema}int</ns17:typeRef>
                                    <ns17:typeRefPO>itm.12.3fa0d7a0-828a-4d60-99cc-db5ed143fc2d</ns17:typeRefPO>
                                    <ns17:path>matiApli</ns17:path>
                                    <ns17:isCollection>false</ns17:isCollection>
                                </ns17:input>
                                <ns17:input id="_6d26c96e-66c1-45e8-9506-543096962ff5">
                                    <ns17:name>matiKont</ns17:name>
                                    <ns17:typeRef>{http://www.w3.org/2001/XMLSchema}int</ns17:typeRef>
                                    <ns17:typeRefPO>itm.12.3fa0d7a0-828a-4d60-99cc-db5ed143fc2d</ns17:typeRefPO>
                                    <ns17:path>matiKont</ns17:path>
                                    <ns17:isCollection>false</ns17:isCollection>
                                </ns17:input>
                                <ns17:input id="_a9c686f1-369c-4eaf-9fd6-13e8bd86863c">
                                    <ns17:name>matiRefe</ns17:name>
                                    <ns17:typeRef>{http://www.w3.org/2001/XMLSchema}string</ns17:typeRef>
                                    <ns17:typeRefPO>itm.12.db884a3c-c533-44b7-bb2d-47bec8ad4022</ns17:typeRefPO>
                                    <ns17:path>matiRefe</ns17:path>
                                    <ns17:isCollection>false</ns17:isCollection>
                                </ns17:input>
                                <ns17:input id="_4654e31f-e0fd-4dff-891a-04aed9b43c23">
                                    <ns17:name>matiOspe</ns17:name>
                                    <ns17:typeRef>{http://www.w3.org/2001/XMLSchema}int</ns17:typeRef>
                                    <ns17:typeRefPO>itm.12.3fa0d7a0-828a-4d60-99cc-db5ed143fc2d</ns17:typeRefPO>
                                    <ns17:path>matiOspe</ns17:path>
                                    <ns17:isCollection>false</ns17:isCollection>
                                </ns17:input>
                                <ns17:input id="_55dce34b-5843-4e89-a9c0-8679c898ce8c">
                                    <ns17:name>matiVisr</ns17:name>
                                    <ns17:typeRef>{http://www.w3.org/2001/XMLSchema}string</ns17:typeRef>
                                    <ns17:typeRefPO>itm.12.db884a3c-c533-44b7-bb2d-47bec8ad4022</ns17:typeRefPO>
                                    <ns17:path>matiVisr</ns17:path>
                                    <ns17:isCollection>false</ns17:isCollection>
                                </ns17:input>
                                <ns17:input id="_73a822d5-244e-4801-9793-dc5d1ce2baf3">
                                    <ns17:name>matiRozd</ns17:name>
                                    <ns17:typeRef>{http://www.w3.org/2001/XMLSchema}string</ns17:typeRef>
                                    <ns17:typeRefPO>itm.12.db884a3c-c533-44b7-bb2d-47bec8ad4022</ns17:typeRefPO>
                                    <ns17:path>matiRozd</ns17:path>
                                    <ns17:isCollection>false</ns17:isCollection>
                                </ns17:input>
                                <ns17:input id="_61b2c216-58c1-4fb8-876a-46c338def16e">
                                    <ns17:name>matiAgnt</ns17:name>
                                    <ns17:typeRef>{http://www.w3.org/2001/XMLSchema}string</ns17:typeRef>
                                    <ns17:typeRefPO>itm.12.db884a3c-c533-44b7-bb2d-47bec8ad4022</ns17:typeRefPO>
                                    <ns17:path>matiAgnt</ns17:path>
                                    <ns17:isCollection>false</ns17:isCollection>
                                </ns17:input>
                                <ns17:input id="_0fa408f2-a9ca-4942-b181-30293b0dc8f0">
                                    <ns17:name>matiAgud</ns17:name>
                                    <ns17:typeRef>{http://www.w3.org/2001/XMLSchema}decimal</ns17:typeRef>
                                    <ns17:typeRefPO>itm.12.536b2aa5-a30f-4eca-87fa-3a28066753ee</ns17:typeRefPO>
                                    <ns17:path>matiAgud</ns17:path>
                                    <ns17:isCollection>false</ns17:isCollection>
                                </ns17:input>
                                <ns17:input id="_d03976e4-665a-41c3-b40d-a19b6c5ce5a1">
                                    <ns17:name>matiVrkr</ns17:name>
                                    <ns17:typeRef>{http://www.w3.org/2001/XMLSchema}int</ns17:typeRef>
                                    <ns17:typeRefPO>itm.12.3fa0d7a0-828a-4d60-99cc-db5ed143fc2d</ns17:typeRefPO>
                                    <ns17:path>matiVrkr</ns17:path>
                                    <ns17:isCollection>false</ns17:isCollection>
                                </ns17:input>
                                <ns17:input id="_3f275ade-0921-4245-a687-511e1f83c2ad">
                                    <ns17:name>matiSikr</ns17:name>
                                    <ns17:typeRef>{http://www.w3.org/2001/XMLSchema}int</ns17:typeRef>
                                    <ns17:typeRefPO>itm.12.3fa0d7a0-828a-4d60-99cc-db5ed143fc2d</ns17:typeRefPO>
                                    <ns17:path>matiSikr</ns17:path>
                                    <ns17:isCollection>false</ns17:isCollection>
                                </ns17:input>
                                <ns17:input id="_e426da96-79d9-4475-bcea-f9d03e5faf54">
                                    <ns17:name>matiKlas</ns17:name>
                                    <ns17:typeRef>{http://www.w3.org/2001/XMLSchema}string</ns17:typeRef>
                                    <ns17:typeRefPO>itm.12.db884a3c-c533-44b7-bb2d-47bec8ad4022</ns17:typeRefPO>
                                    <ns17:path>matiKlas</ns17:path>
                                    <ns17:isCollection>false</ns17:isCollection>
                                </ns17:input>
                                <ns17:input id="_206a3e0e-b3d0-4b16-8bb7-8904eb4613f1">
                                    <ns17:name>matiKlms</ns17:name>
                                    <ns17:typeRef>{http://www.w3.org/2001/XMLSchema}string</ns17:typeRef>
                                    <ns17:typeRefPO>itm.12.db884a3c-c533-44b7-bb2d-47bec8ad4022</ns17:typeRefPO>
                                    <ns17:path>matiKlms</ns17:path>
                                    <ns17:isCollection>false</ns17:isCollection>
                                </ns17:input>
                                <ns17:input id="_8388e784-ea2c-4200-a664-72658becc427">
                                    <ns17:name>matiDodo</ns17:name>
                                    <ns17:typeRef>{http://www.w3.org/2001/XMLSchema}dateTime</ns17:typeRef>
                                    <ns17:typeRefPO>itm.12.68474ab0-d56f-47ee-b7e9-510b45a2a8be</ns17:typeRefPO>
                                    <ns17:path>matiDodo</ns17:path>
                                    <ns17:isCollection>false</ns17:isCollection>
                                </ns17:input>
                                <ns17:input id="_73f348a2-d70b-4fdd-a01f-76d2ea7f0b7d">
                                    <ns17:name>matiDvlo</ns17:name>
                                    <ns17:typeRef>{http://www.w3.org/2001/XMLSchema}dateTime</ns17:typeRef>
                                    <ns17:typeRefPO>itm.12.68474ab0-d56f-47ee-b7e9-510b45a2a8be</ns17:typeRefPO>
                                    <ns17:path>matiDvlo</ns17:path>
                                    <ns17:isCollection>false</ns17:isCollection>
                                </ns17:input>
                                <ns17:input id="_a2cdd8b4-3ec3-4258-a2c2-f94e613be32f">
                                    <ns17:name>matiDpog</ns17:name>
                                    <ns17:typeRef>{http://www.w3.org/2001/XMLSchema}dateTime</ns17:typeRef>
                                    <ns17:typeRefPO>itm.12.68474ab0-d56f-47ee-b7e9-510b45a2a8be</ns17:typeRefPO>
                                    <ns17:path>matiDpog</ns17:path>
                                    <ns17:isCollection>false</ns17:isCollection>
                                </ns17:input>
                                <ns17:input id="_c7645c92-5070-4856-94da-0bd405794fe5">
                                    <ns17:name>matiDpre</ns17:name>
                                    <ns17:typeRef>{http://www.w3.org/2001/XMLSchema}dateTime</ns17:typeRef>
                                    <ns17:typeRefPO>itm.12.68474ab0-d56f-47ee-b7e9-510b45a2a8be</ns17:typeRefPO>
                                    <ns17:path>matiDpre</ns17:path>
                                    <ns17:isCollection>false</ns17:isCollection>
                                </ns17:input>
                                <ns17:input id="_8aba9ff4-cf66-4653-b57a-4ff97b36345c">
                                    <ns17:name>matiPeri</ns17:name>
                                    <ns17:typeRef>{http://www.w3.org/2001/XMLSchema}int</ns17:typeRef>
                                    <ns17:typeRefPO>itm.12.3fa0d7a0-828a-4d60-99cc-db5ed143fc2d</ns17:typeRefPO>
                                    <ns17:path>matiPeri</ns17:path>
                                    <ns17:isCollection>false</ns17:isCollection>
                                </ns17:input>
                                <ns17:input id="_7a6c6200-7cbb-4c5e-8405-d89d154881e0">
                                    <ns17:name>matiStev</ns17:name>
                                    <ns17:typeRef>{http://www.w3.org/2001/XMLSchema}int</ns17:typeRef>
                                    <ns17:typeRefPO>itm.12.3fa0d7a0-828a-4d60-99cc-db5ed143fc2d</ns17:typeRefPO>
                                    <ns17:path>matiStev</ns17:path>
                                    <ns17:isCollection>false</ns17:isCollection>
                                </ns17:input>
                                <ns17:input id="_e22ac5aa-a1ba-4b74-ac82-ef703b2f0f17">
                                    <ns17:name>matiDvra</ns17:name>
                                    <ns17:typeRef>{http://www.w3.org/2001/XMLSchema}dateTime</ns17:typeRef>
                                    <ns17:typeRefPO>itm.12.68474ab0-d56f-47ee-b7e9-510b45a2a8be</ns17:typeRefPO>
                                    <ns17:path>matiDvra</ns17:path>
                                    <ns17:isCollection>false</ns17:isCollection>
                                </ns17:input>
                                <ns17:input id="_40310bb0-1791-4447-8202-71cd7da8e48f">
                                    <ns17:name>matiReva</ns17:name>
                                    <ns17:typeRef>{http://www.w3.org/2001/XMLSchema}string</ns17:typeRef>
                                    <ns17:typeRefPO>itm.12.db884a3c-c533-44b7-bb2d-47bec8ad4022</ns17:typeRefPO>
                                    <ns17:path>matiReva</ns17:path>
                                    <ns17:isCollection>false</ns17:isCollection>
                                </ns17:input>
                                <ns17:input id="_9e365230-c4aa-4972-a548-90e8c545b695">
                                    <ns17:name>matiZeva</ns17:name>
                                    <ns17:typeRef>{http://www.w3.org/2001/XMLSchema}string</ns17:typeRef>
                                    <ns17:typeRefPO>itm.12.db884a3c-c533-44b7-bb2d-47bec8ad4022</ns17:typeRefPO>
                                    <ns17:path>matiZeva</ns17:path>
                                    <ns17:isCollection>false</ns17:isCollection>
                                </ns17:input>
                                <ns17:input id="_a392692b-8fac-4ab0-bc8d-310e9138ea97">
                                    <ns17:name>matiPeob</ns17:name>
                                    <ns17:typeRef>{http://www.w3.org/2001/XMLSchema}string</ns17:typeRef>
                                    <ns17:typeRefPO>itm.12.db884a3c-c533-44b7-bb2d-47bec8ad4022</ns17:typeRefPO>
                                    <ns17:path>matiPeob</ns17:path>
                                    <ns17:isCollection>false</ns17:isCollection>
                                </ns17:input>
                                <ns17:input id="_63a0cf84-94d7-4c9a-955b-3b92c778a434">
                                    <ns17:name>matiOmrl</ns17:name>
                                    <ns17:typeRef>{http://www.w3.org/2001/XMLSchema}decimal</ns17:typeRef>
                                    <ns17:typeRefPO>itm.12.536b2aa5-a30f-4eca-87fa-3a28066753ee</ns17:typeRefPO>
                                    <ns17:path>matiOmrl</ns17:path>
                                    <ns17:isCollection>false</ns17:isCollection>
                                </ns17:input>
                                <ns17:input id="_5ee131b6-fe64-4499-a014-38d1d90a0cbe">
                                    <ns17:name>matiItpo</ns17:name>
                                    <ns17:typeRef>{http://www.w3.org/2001/XMLSchema}decimal</ns17:typeRef>
                                    <ns17:typeRefPO>itm.12.536b2aa5-a30f-4eca-87fa-3a28066753ee</ns17:typeRefPO>
                                    <ns17:path>matiItpo</ns17:path>
                                    <ns17:isCollection>false</ns17:isCollection>
                                </ns17:input>
                                <ns17:input id="_d2c499ac-e67d-43f6-96fc-8c1ea502c5a1">
                                    <ns17:name>matiZmrl</ns17:name>
                                    <ns17:typeRef>{http://www.w3.org/2001/XMLSchema}decimal</ns17:typeRef>
                                    <ns17:typeRefPO>itm.12.536b2aa5-a30f-4eca-87fa-3a28066753ee</ns17:typeRefPO>
                                    <ns17:path>matiZmrl</ns17:path>
                                    <ns17:isCollection>false</ns17:isCollection>
                                </ns17:input>
                                <ns17:input id="_a554dbff-0e95-46b1-b80a-27b14c80d69a">
                                    <ns17:name>matiTecm</ns17:name>
                                    <ns17:typeRef>{http://www.w3.org/2001/XMLSchema}string</ns17:typeRef>
                                    <ns17:typeRefPO>itm.12.db884a3c-c533-44b7-bb2d-47bec8ad4022</ns17:typeRefPO>
                                    <ns17:path>matiTecm</ns17:path>
                                    <ns17:isCollection>false</ns17:isCollection>
                                </ns17:input>
                                <ns17:input id="_7dc71003-b8ea-4a1b-a60d-9a24b4b2a917">
                                    <ns17:name>matiZnes</ns17:name>
                                    <ns17:typeRef>{http://www.w3.org/2001/XMLSchema}decimal</ns17:typeRef>
                                    <ns17:typeRefPO>itm.12.536b2aa5-a30f-4eca-87fa-3a28066753ee</ns17:typeRefPO>
                                    <ns17:path>matiZnes</ns17:path>
                                    <ns17:isCollection>false</ns17:isCollection>
                                </ns17:input>
                                <ns17:input id="_6c03f547-27b2-4610-bb33-18393976f8bd">
                                    <ns17:name>matiSifp</ns17:name>
                                    <ns17:typeRef>{http://www.w3.org/2001/XMLSchema}string</ns17:typeRef>
                                    <ns17:typeRefPO>itm.12.db884a3c-c533-44b7-bb2d-47bec8ad4022</ns17:typeRefPO>
                                    <ns17:path>matiSifp</ns17:path>
                                    <ns17:isCollection>false</ns17:isCollection>
                                </ns17:input>
                                <ns17:input id="_fd2eec12-6a17-4bf5-8998-5b222fa383cb">
                                    <ns17:name>manaKluc</ns17:name>
                                    <ns17:typeRef>{http://www.w3.org/2001/XMLSchema}string</ns17:typeRef>
                                    <ns17:typeRefPO>itm.12.db884a3c-c533-44b7-bb2d-47bec8ad4022</ns17:typeRefPO>
                                    <ns17:path>manaKluc</ns17:path>
                                    <ns17:isCollection>false</ns17:isCollection>
                                </ns17:input>
                                <ns17:input id="_1ff8e3db-a935-425e-b72a-0750ae2481fb">
                                    <ns17:name>manaProc</ns17:name>
                                    <ns17:typeRef>{http://www.w3.org/2001/XMLSchema}string</ns17:typeRef>
                                    <ns17:typeRefPO>itm.12.db884a3c-c533-44b7-bb2d-47bec8ad4022</ns17:typeRefPO>
                                    <ns17:path>manaProc</ns17:path>
                                    <ns17:isCollection>false</ns17:isCollection>
                                </ns17:input>
                                <ns17:input id="_cd8fb5c4-f1c1-418b-8bf9-f6d0d1fc6b22">
                                    <ns17:name>matiPool</ns17:name>
                                    <ns17:typeRef>{http://www.w3.org/2001/XMLSchema}string</ns17:typeRef>
                                    <ns17:typeRefPO>itm.12.db884a3c-c533-44b7-bb2d-47bec8ad4022</ns17:typeRefPO>
                                    <ns17:path>matiPool</ns17:path>
                                    <ns17:isCollection>false</ns17:isCollection>
                                </ns17:input>
                                <ns17:input id="_e79f3492-c356-47d7-8410-d395c82461ca">
                                    <ns17:name>matiBcid</ns17:name>
                                    <ns17:typeRef>{http://www.w3.org/2001/XMLSchema}long</ns17:typeRef>
                                    <ns17:typeRefPO>itm.12.536b2aa5-a30f-4eca-87fa-3a28066753ee</ns17:typeRefPO>
                                    <ns17:path>matiBcid</ns17:path>
                                    <ns17:isCollection>false</ns17:isCollection>
                                </ns17:input>
                                <ns17:input id="_340975c7-d19a-477c-8d14-17ffe7c737bc">
                                    <ns17:name>matiBcik</ns17:name>
                                    <ns17:typeRef>{http://www.w3.org/2001/XMLSchema}long</ns17:typeRef>
                                    <ns17:typeRefPO>itm.12.536b2aa5-a30f-4eca-87fa-3a28066753ee</ns17:typeRefPO>
                                    <ns17:path>matiBcik</ns17:path>
                                    <ns17:isCollection>false</ns17:isCollection>
                                </ns17:input>
                                <ns17:input id="_cd334373-d81c-43d4-b813-bb9f54987399">
                                    <ns17:name>virfmKluc</ns17:name>
                                    <ns17:typeRef>{http://www.w3.org/2001/XMLSchema}string</ns17:typeRef>
                                    <ns17:typeRefPO>itm.12.db884a3c-c533-44b7-bb2d-47bec8ad4022</ns17:typeRefPO>
                                    <ns17:path>virfmKluc</ns17:path>
                                    <ns17:isCollection>false</ns17:isCollection>
                                </ns17:input>
                                <ns17:input id="_3d7dbfa5-b900-4606-bd22-4058caa6cd47">
                                    <ns17:name>virfmPasp</ns17:name>
                                    <ns17:typeRef>{http://www.w3.org/2001/XMLSchema}string</ns17:typeRef>
                                    <ns17:typeRefPO>itm.12.db884a3c-c533-44b7-bb2d-47bec8ad4022</ns17:typeRefPO>
                                    <ns17:path>virfmPasp</ns17:path>
                                    <ns17:isCollection>false</ns17:isCollection>
                                </ns17:input>
                                <ns17:input id="_5585ee80-b441-4bf8-99fa-927d023ea1f3">
                                    <ns17:name>virfmProc</ns17:name>
                                    <ns17:typeRef>{http://www.w3.org/2001/XMLSchema}string</ns17:typeRef>
                                    <ns17:typeRefPO>itm.12.db884a3c-c533-44b7-bb2d-47bec8ad4022</ns17:typeRefPO>
                                    <ns17:path>virfmProc</ns17:path>
                                    <ns17:isCollection>false</ns17:isCollection>
                                </ns17:input>
                                <ns17:input id="_9d2acdb2-a6d8-40fe-8d37-6489b8fc4cb9">
                                    <ns17:name>matiProf</ns17:name>
                                    <ns17:typeRef>{http://www.w3.org/2001/XMLSchema}string</ns17:typeRef>
                                    <ns17:typeRefPO>itm.12.db884a3c-c533-44b7-bb2d-47bec8ad4022</ns17:typeRefPO>
                                    <ns17:path>matiProf</ns17:path>
                                    <ns17:isCollection>false</ns17:isCollection>
                                </ns17:input>
                                <ns17:input id="_f16cb484-a67e-405f-80c5-ddef259dc99d">
                                    <ns17:name>matiSkos</ns17:name>
                                    <ns17:typeRef>{http://www.w3.org/2001/XMLSchema}string</ns17:typeRef>
                                    <ns17:typeRefPO>itm.12.db884a3c-c533-44b7-bb2d-47bec8ad4022</ns17:typeRefPO>
                                    <ns17:path>matiSkos</ns17:path>
                                    <ns17:isCollection>false</ns17:isCollection>
                                </ns17:input>
                                <ns17:input id="_fa69f27f-cb60-48b0-afee-4249e8035ae7">
                                    <ns17:name>matiProp</ns17:name>
                                    <ns17:typeRef>{http://www.w3.org/2001/XMLSchema}string</ns17:typeRef>
                                    <ns17:typeRefPO>itm.12.db884a3c-c533-44b7-bb2d-47bec8ad4022</ns17:typeRefPO>
                                    <ns17:path>matiProp</ns17:path>
                                    <ns17:isCollection>false</ns17:isCollection>
                                </ns17:input>
                                <ns17:input id="_4631e132-c03b-4f17-aaad-c6ad87124ada">
                                    <ns17:name>matiPrdz</ns17:name>
                                    <ns17:typeRef>{http://www.w3.org/2001/XMLSchema}dateTime</ns17:typeRef>
                                    <ns17:typeRefPO>itm.12.68474ab0-d56f-47ee-b7e9-510b45a2a8be</ns17:typeRefPO>
                                    <ns17:path>matiPrdz</ns17:path>
                                    <ns17:isCollection>false</ns17:isCollection>
                                </ns17:input>
                                <ns17:input id="_a4a2f36d-c587-42f8-b5d3-ed006d8c3cd1">
                                    <ns17:name>matiPrdk</ns17:name>
                                    <ns17:typeRef>{http://www.w3.org/2001/XMLSchema}dateTime</ns17:typeRef>
                                    <ns17:typeRefPO>itm.12.68474ab0-d56f-47ee-b7e9-510b45a2a8be</ns17:typeRefPO>
                                    <ns17:path>matiPrdk</ns17:path>
                                    <ns17:isCollection>false</ns17:isCollection>
                                </ns17:input>
                                <ns17:input id="_d5b571d8-2114-4632-af19-896e06c1d2da">
                                    <ns17:name>matiSppi</ns17:name>
                                    <ns17:typeRef>{http://www.w3.org/2001/XMLSchema}int</ns17:typeRef>
                                    <ns17:typeRefPO>itm.12.3fa0d7a0-828a-4d60-99cc-db5ed143fc2d</ns17:typeRefPO>
                                    <ns17:path>matiSppi</ns17:path>
                                    <ns17:isCollection>false</ns17:isCollection>
                                </ns17:input>
                                <ns17:input id="_c3053962-8152-471c-be9d-9caa6234e4f2">
                                    <ns17:name>matiDpod</ns17:name>
                                    <ns17:typeRef>{http://www.w3.org/2001/XMLSchema}dateTime</ns17:typeRef>
                                    <ns17:typeRefPO>itm.12.68474ab0-d56f-47ee-b7e9-510b45a2a8be</ns17:typeRefPO>
                                    <ns17:path>matiDpod</ns17:path>
                                    <ns17:isCollection>false</ns17:isCollection>
                                </ns17:input>
                                <ns17:input id="_b8173372-a733-4aa6-9f19-8165d7e8310a">
                                    <ns17:name>matiDzac</ns17:name>
                                    <ns17:typeRef>{http://www.w3.org/2001/XMLSchema}dateTime</ns17:typeRef>
                                    <ns17:typeRefPO>itm.12.68474ab0-d56f-47ee-b7e9-510b45a2a8be</ns17:typeRefPO>
                                    <ns17:path>matiDzac</ns17:path>
                                    <ns17:isCollection>false</ns17:isCollection>
                                </ns17:input>
                                <ns17:input id="_2cd45d67-e611-46a5-9bdf-a0fd59643185">
                                    <ns17:name>matiFipr</ns17:name>
                                    <ns17:typeRef>{http://www.w3.org/2001/XMLSchema}string</ns17:typeRef>
                                    <ns17:typeRefPO>itm.12.db884a3c-c533-44b7-bb2d-47bec8ad4022</ns17:typeRefPO>
                                    <ns17:path>matiFipr</ns17:path>
                                    <ns17:isCollection>false</ns17:isCollection>
                                </ns17:input>
                                <ns17:input id="_83cf6e38-b806-4695-b3e7-0b1efcd55dde">
                                    <ns17:name>naselje</ns17:name>
                                    <ns17:typeRef>{http://www.w3.org/2001/XMLSchema}string</ns17:typeRef>
                                    <ns17:typeRefPO>itm.12.db884a3c-c533-44b7-bb2d-47bec8ad4022</ns17:typeRefPO>
                                    <ns17:path>naselje</ns17:path>
                                    <ns17:isCollection>false</ns17:isCollection>
                                </ns17:input>
                                <ns17:input id="_66009f2a-3ed0-42bd-a205-76059f883b4d">
                                    <ns17:name>matiRfom</ns17:name>
                                    <ns17:typeRef>{http://www.w3.org/2001/XMLSchema}decimal</ns17:typeRef>
                                    <ns17:typeRefPO>itm.12.536b2aa5-a30f-4eca-87fa-3a28066753ee</ns17:typeRefPO>
                                    <ns17:path>matiRfom</ns17:path>
                                    <ns17:isCollection>false</ns17:isCollection>
                                </ns17:input>
                                <ns17:input id="_3a5385c0-6624-4d3b-b8e4-0a3e9313f26e">
                                    <ns17:name>matiPfom</ns17:name>
                                    <ns17:typeRef>{http://www.w3.org/2001/XMLSchema}decimal</ns17:typeRef>
                                    <ns17:typeRefPO>itm.12.536b2aa5-a30f-4eca-87fa-3a28066753ee</ns17:typeRefPO>
                                    <ns17:path>matiPfom</ns17:path>
                                    <ns17:isCollection>false</ns17:isCollection>
                                </ns17:input>
                                <ns17:output id="_5e01138e-7159-43e7-be6e-94336f6b497b">
                                    <ns17:name>PogodbaVpisResult</ns17:name>
                                    <ns17:typeRef>{http://www.w3.org/2001/XMLSchema}string</ns17:typeRef>
                                    <ns17:typeRefPO>itm.12.db884a3c-c533-44b7-bb2d-47bec8ad4022</ns17:typeRefPO>
                                    <ns17:path>PogodbaVpisResult</ns17:path>
                                    <ns17:isCollection>false</ns17:isCollection>
                                </ns17:output>
                            </ns17:businessSignature>
                        </ns14:extensionElements>
                        <ns14:inMessageRef xmlns:ns21="http://sing.si/credes/sid/">ns21:PogodbaVpis</ns14:inMessageRef>
                        <ns14:outMessageRef xmlns:ns21="http://sing.si/credes/sid/">ns21:PogodbaVpisResponse</ns14:outMessageRef>
                    </ns14:operation>
                </ns14:interface>
                <ns14:endPoint>
                    <ns14:extensionElements>
                        <ns15:externalService interfaceRef="_2ece11cc-8a1e-48f2-a637-17f80a72b4f0" name="Credes" id="_893848a1-3885-498f-9ebb-8578abdcce62">
                            <ns15:jaxwsBinding xmlns:ns21="http://sing.si/credes/sid/" portType="ns21:SingSoap" descriptorSrcLocation="https://wsgw-devtest.sid.si/bcservicescredestest/sing.asmx?wsdl" bindingRef="2094.f0fbf831-28b3-48ea-86c0-c71d87fa53f3">
                                <ns15:methodBindings name="PogodbaVpis">
                                    <ns15:legacyServiceReference>_ae1c54da-1025-494d-9b5f-59ea43650b17</ns15:legacyServiceReference>
                                    <ns15:legacyServiceReference>_62d58a65-cd45-4dd2-bdc4-800d3489725b</ns15:legacyServiceReference>
                                    <ns15:soapConnectorConfigurationReferences>_5332cba9-e181-4eab-80e0-b694ae44939e</ns15:soapConnectorConfigurationReferences>
                                    <ns15:soapConnectorConfigurationReferences>_949877df-7d0b-410a-b1a3-95808d9a98f7</ns15:soapConnectorConfigurationReferences>
                                </ns15:methodBindings>
                                <ns15:endpoints />
                                <ns15:legacyService id="_ae1c54da-1025-494d-9b5f-59ea43650b17" serviceName="ns21:Sing" portName="SingSoap12" soapBindingType="http://schemas.xmlsoap.org/wsdl/soap12/" />
                                <ns15:legacyService id="_62d58a65-cd45-4dd2-bdc4-800d3489725b" serviceName="ns21:Sing" portName="SingSoap" soapBindingType="http://schemas.xmlsoap.org/wsdl/soap/" />
                                <ns15:soapConnectorConfigurations id="_5332cba9-e181-4eab-80e0-b694ae44939e" legacyServiceRef="_ae1c54da-1025-494d-9b5f-59ea43650b17" operationName="PogodbaVpis">
                                    <ns15:soapConnectorConfigESArtId>6023.4cf84fad-da59-4541-9be7-c1c489339acd</ns15:soapConnectorConfigESArtId>
                                </ns15:soapConnectorConfigurations>
                                <ns15:soapConnectorConfigurations id="_949877df-7d0b-410a-b1a3-95808d9a98f7" legacyServiceRef="_62d58a65-cd45-4dd2-bdc4-800d3489725b" operationName="PogodbaVpis">
                                    <ns15:soapConnectorConfigESArtId>6023.f032deae-30b6-4374-b5d3-4b2e2dfabc9b</ns15:soapConnectorConfigESArtId>
                                </ns15:soapConnectorConfigurations>
                            </ns15:jaxwsBinding>
                            <ns15:cachingType>false</ns15:cachingType>
                            <ns15:extendedProperties>
                                <ns15:id>f6c41931-61ed-45cd-9ae6-937e694ffe82</ns15:id>
                                <ns15:propertyName>requestHeader</ns15:propertyName>
                                <ns15:label>EXTENDED_PROPERTY_INPUT_HEADER_LABEL</ns15:label>
                                <ns15:groupName>EXTENDED_PROPERTY_INPUT_HEADER_GROUP</ns15:groupName>
                                <ns15:isInput>true</ns15:isInput>
                                <ns15:isStatic>false</ns15:isStatic>
                                <ns15:isPre>true</ns15:isPre>
                            </ns15:extendedProperties>
                            <ns15:extendedProperties>
                                <ns15:id>7c7e538e-694a-465a-a23c-f600e23797e3</ns15:id>
                                <ns15:propertyName>responseHeader</ns15:propertyName>
                                <ns15:label>EXTENDED_PROPERTY_OUTPUT_HEADER_LABEL</ns15:label>
                                <ns15:groupName>EXTENDED_PROPERTY_OUTPUT_HEADER_GROUP</ns15:groupName>
                                <ns15:isInput>false</ns15:isInput>
                                <ns15:isStatic>false</ns15:isStatic>
                                <ns15:isPre>false</ns15:isPre>
                            </ns15:extendedProperties>
                        </ns15:externalService>
                    </ns14:extensionElements>
                </ns14:endPoint>
            </ns14:definitions>
        </bpmn2Model>
    </process>
</teamworks>

