<?xml version="1.0" encoding="UTF-8"?>
<teamworks>
    <process id="1.defa1931-38b9-4440-8a6b-388dc586f680" name="Dokumentacija Servis SF">
        <lastModified>1694705960633</lastModified>
        <lastModifiedBy>bmihajlovic</lastModifiedBy>
        <tenantId isNull="true" />
        <processId>1.defa1931-38b9-4440-8a6b-388dc586f680</processId>
        <image isNull="true" />
        <tabGroup isNull="true" />
        <startingProcessItemId>2025.42e9280d-3e54-4b78-89e6-3aaafa172bdb</startingProcessItemId>
        <isRootProcess>false</isRootProcess>
        <processType>12</processType>
        <isErrorHandlerEnabled>false</isErrorHandlerEnabled>
        <errorHandlerItemId isNull="true" />
        <isLoggingVariables>false</isLoggingVariables>
        <isTransactional>false</isTransactional>
        <processTimingLevel isNull="true" />
        <participantRef isNull="true" />
        <exposedType>0</exposedType>
        <isTrackingEnabled>true</isTrackingEnabled>
        <xmlData isNull="true" />
        <cachingType>false</cachingType>
        <itemLabel isNull="true" />
        <cacheLength>0</cacheLength>
        <mobileReady>false</mobileReady>
        <sboSyncEnabled>true</sboSyncEnabled>
        <externalId isNull="true" />
        <isSecured>false</isSecured>
        <isAjaxExposed>true</isAjaxExposed>
        <isInvokedAsynchronously>false</isInvokedAsynchronously>
        <isTransactionalFlow>false</isTransactionalFlow>
        <description isNull="true" />
        <guid>guid:dfd4a22455700510:61d62793:187afff8af7:-4a2a</guid>
        <versionId>e15aee80-1c31-4217-98cb-6fcd888d6128</versionId>
        <dependencySummary>&lt;dependencySummary id="bpdid:9cb5c5dfea9e666c:5aedbf21:18a94351184:-2e1d" /&gt;</dependencySummary>
        <jsonData>{"rootElement":[{"flowElement":[{"parallelMultiple":false,"outgoing":["2027.c33dbf30-c8fe-4e92-81c8-d594c91dcf80"],"isInterrupting":false,"extensionElements":{"nodeVisualInfo":[{"color":"#F8F8F8","width":24,"x":25,"y":80,"declaredType":"TNodeVisualInfo","height":24}]},"name":"Start","declaredType":"startEvent","id":"3b325e7a-408c-452d-8c2f-ea8f8dfb7c08"},{"incoming":["a7b5078f-5896-456a-8d42-aa04a462d803"],"extensionElements":{"nodeVisualInfo":[{"color":"#F8F8F8","width":24,"x":650,"y":80,"declaredType":"TNodeVisualInfo","height":24}],"endStateId":["guid:dfd4a22455700510:61d62793:187afff8af7:-4a28"],"saveExecutionContext":[true]},"name":"End","declaredType":"endEvent","id":"26993b4b-f5e2-4cbd-89b7-d79542f9f15d"},{"targetRef":"42e9280d-3e54-4b78-89e6-3aaafa172bdb","extensionElements":{"linkVisualInfo":[{"sourcePortLocation":"rightCenter","showCoachControlLabel":false,"labelPosition":0.0,"targetPortLocation":"leftCenter","declaredType":"TLinkVisualInfo","saveExecutionContext":false,"showLabel":false}]},"name":"To Priprava SQL","declaredType":"sequenceFlow","id":"2027.c33dbf30-c8fe-4e92-81c8-d594c91dcf80","sourceRef":"3b325e7a-408c-452d-8c2f-ea8f8dfb7c08"},{"startQuantity":1,"outgoing":["22459615-201a-42b5-8264-8de051c50f07"],"incoming":["e7198669-fe70-4fc6-880e-89c2ab81055b"],"extensionElements":{"nodeVisualInfo":[{"width":95,"x":291,"y":57,"declaredType":"TNodeVisualInfo","height":70}],"preAssignmentScript":[],"activityType":["CalledProcess"]},"name":"Izvedba SQL","dataInputAssociation":[{"targetRef":"2055.9695b715-db44-410b-8a74-65cf1d31d8ab","assignment":[{"from":{"evaluatesToTypeRef":"itm.12.3990d8b4-983d-4250-bd06-3600f527fed0","declaredType":"TFormalExpression","content":["tw.local.sqlStatements"]}}]},{"targetRef":"2055.a634f531-c979-476c-91db-a17bf5e55c90","assignment":[{"from":{"evaluatesToTypeRef":"itm.12.c09c9b6e-aabd-4897-bef2-ed61db106297","declaredType":"TFormalExpression","content":["tw.env.SQL_VIR"]}}]}],"isForCompensation":false,"completionQuantity":1,"declaredType":"callActivity","id":"1ff1f5a4-43f7-48cf-8048-cc5858f7ecd6","dataOutputAssociation":[{"assignment":[{"to":{"evaluatesToTypeRef":"itm.12.3b1e3757-a1f4-4c3f-bbb8-16fecd4d65c1","declaredType":"TFormalExpression","content":["tw.local.results"]}}],"sourceRef":["2055.921cdfd7-ed55-4dca-a71d-e4401a90c57e"]}],"calledElement":"1.012e1a27-1a81-4e0e-97d9-8a2d8976dda7"},{"targetRef":"8df60a9a-d447-47da-8a08-c6e74a1e6d68","extensionElements":{"sequenceFlowImplementation":[{"fireValidation":"Never","sboSyncEnabled":true,"declaredType":"com.ibm.bpmsdk.model.bpmn20.ibmext.TSequenceFlowImplementation"}],"endStateId":["guid:b5ffa6577ed3a684:-4e3a2174:115951f71d3:-7fe8"],"linkVisualInfo":[{"sourcePortLocation":"rightCenter","showCoachControlLabel":false,"labelPosition":0.0,"targetPortLocation":"leftCenter","declaredType":"TLinkVisualInfo","saveExecutionContext":true,"showLabel":false}]},"name":"To Rezultati SQL","declaredType":"sequenceFlow","id":"22459615-201a-42b5-8264-8de051c50f07","sourceRef":"1ff1f5a4-43f7-48cf-8048-cc5858f7ecd6"},{"itemSubjectRef":"itm.12.3b1e3757-a1f4-4c3f-bbb8-16fecd4d65c1","name":"results","isCollection":true,"declaredType":"dataObject","id":"2056.0ebf33da-2eb2-4149-85e3-4cab34f0c4df"},{"itemSubjectRef":"itm.12.3990d8b4-983d-4250-bd06-3600f527fed0","name":"sqlStatements","isCollection":true,"declaredType":"dataObject","id":"2056.3dfe8425-70d4-4528-8898-df2bb987f023"},{"startQuantity":1,"outgoing":["e7198669-fe70-4fc6-880e-89c2ab81055b"],"incoming":["2027.c33dbf30-c8fe-4e92-81c8-d594c91dcf80"],"extensionElements":{"nodeVisualInfo":[{"width":95,"x":106,"y":57,"declaredType":"TNodeVisualInfo","height":70}],"preAssignmentScript":[]},"name":"Priprava SQL","isForCompensation":false,"completionQuantity":1,"declaredType":"scriptTask","id":"42e9280d-3e54-4b78-89e6-3aaafa172bdb","scriptFormat":"text\/x-javascript","script":{"content":["if(!tw.local.dokumentacijaOpravilo.kategorijeZavarovanja){\r\n\ttw.local.dokumentacijaOpravilo.kategorijeZavarovanja = \"9999999\";\r\n}\r\n\r\ntw.local.sqlStatements = [];\r\ntw.local.sqlStatements[0] = {};\r\ntw.local.sqlStatements[0].sql = '\\\r\nSELECT \\\r\n\tkd.id_katalog_dokumentacije idKatalogDokumentacije,\\\r\n\ttd.id_tip_dokumenta idTipDokumenta,\\\r\n\ttd.naziv_tipa_dokumenta nazivTipDokumenta,\\\r\n\ttd_bc.id idTipDokumentaBC,\\\r\n\ttd_bc.Naziv nazivTipDokumentaBC,\\\r\n\tozn_bc.id idOznakaBC,\\\r\n\tozn_bc.Naziv nazivOznakaBC,\\\r\n\tsd.id_skupina_dokumentacije idSkupinaDokumentacije,\\\r\n\tsd.naziv_skupina_dokumentacije nazivSkupinaDokumentacije,\\\r\n\ttd.je_glavni jeGlavni,\\\r\n\ttd.max_velikost_fajla maxVelikostDatoteke,\\\r\n\tkdm.pogoj,\\\r\n\tkd.id_dok_kat_pogoj idDokKatPogoj,\\\r\n\tkdf.id_format_dokumenta idFormatDokumenta,\\\r\n\tfd.naziv_format_dokumenta nazivFormatDokumenta,\\\r\n\t(CASE WHEN kd.id_dok_kat_pogoj = 1 OR kdm.obvezen IS NULL THEN kd.obvezen ELSE kdm.obvezen END) obvezen,\\\r\n\tkd.pogoj_obveznosti pogojObveznosti,\\\r\n\tNULL AS idStatusDokumenta,\\\r\n\tNULL AS nazivStatusDokumenta, \\\r\n\tkd.za_nalaganje zaNalaganje, \\\r\n\tkd.za_arhiviranje seArhivira \\\r\nFROM kd.katalog_dokumentacije kd LEFT JOIN \\\r\n\t\tkd.sif_tip_dokumenta td ON td.id_tip_dokumenta = kd.id_tip_dokumenta LEFT JOIN \\\r\n\t\tcd.Sifarnik td_bc ON td_bc.id = td.id_tip_dokum_bc LEFT JOIN \\\r\n\t\tcd.Sifarnik ozn_bc ON ozn_bc.id = td.id_oznaka_bc LEFT JOIN \\\r\n\t\tkd.en_skupina_dokumentacije sd ON sd.id_skupina_dokumentacije = td.id_skupina_dokumentacije LEFT JOIN \\\r\n\t\tkd.katalog_dokumentacije_matrica kdm ON kdm.id_katalog_dokumentacije = kd.id_katalog_dokumentacije AND kd.id_dok_kat_pogoj IN (2,3,4,5) LEFT JOIN \\\r\n\t\tkd.katalog_dokumentacije_format kdf ON kdf.id_katalog_dokumentacije = kd.id_katalog_dokumentacije LEFT JOIN \\\r\n\t\tdbo.en_format_dokumenta fd ON fd.id_format_dokumenta = kdf.id_format_dokumenta \\\r\nWHERE \\\r\n\tkd.je_aktiven = 1 AND \\\r\n\tkd.id_proces = 16 AND \\\r\n\tkd.ima_workflow = 0 AND \\\r\n\t((kd.id_dok_kat_pogoj = 1 OR kd.id_dok_kat_pogoj = 4) OR \\\r\n\t(kd.id_dok_kat_pogoj = 2 AND kdm.id_produktverzija = ?) OR \\\r\n\t(kd.id_dok_kat_pogoj = 3 AND kdm.id_kategorija_zavarov IN ('+tw.local.dokumentacijaOpravilo.kategorijeZavarovanja+')) OR \\\r\n\t(kd.id_dok_kat_pogoj = 5 AND kdm.id_produktverzija = ? AND kdm.id_kategorija_zavarov IN ('+tw.local.dokumentacijaOpravilo.kategorijeZavarovanja+'))) AND \\\r\n\t(sd.id_skupina_dokumentacije IN (1,2,5,7) AND kd.za_nalaganje = 1)\\\r\nUNION ALL \\\r\nSELECT  \\\r\n\tkd1.id_katalog_dokumentacije idKatalogDokumentacije,\\\r\n\ttd1.id_tip_dokumenta idTipDokumenta,\\\r\n\ttd1.naziv_tipa_dokumenta nazivTipDokumenta,\\\r\n\ttd_bc1.id idTipDokumentaBC,\\\r\n\ttd_bc1.Naziv nazivTipDokumentaBC,\\\r\n\tozn_bc1.id idOznakaBC,\\\r\n\tozn_bc1.Naziv nazivOznakaBC,\\\r\n\tsd1.id_skupina_dokumentacije idSkupinaDokumentacije,\\\r\n\tsd1.naziv_skupina_dokumentacije nazivSkupinaDokumentacije,\\\r\n\ttd1.je_glavni jeGlavni,\\\r\n\ttd1.max_velikost_fajla maxVelikostDatoteke,\\\r\n\tkdm1.pogoj,\\\r\n\tkd1.id_dok_kat_pogoj idDokKatPogoj,\\\r\n\tkdf1.id_format_dokumenta idFormatDokumenta,\\\r\n\tfd1.naziv_format_dokumenta nazivFormatDokumenta,\\\r\n\tkdw.obvezen obvezen,\\\r\n\tkdw.pogoj_obveznosti pogojObveznosti,\\\r\n\tkdw.id_status_dokumenta idStatusDokumenta,\\\r\n\tst_dok.naziv_status_dokumenta nazivStatusDokumenta, \\\r\n\tkdw.za_nalaganje zaNalaganje, \\\r\n\tkd1.za_arhiviranje seArhivira \\\r\nFROM kd.katalog_dokumentacije kd1 LEFT JOIN \\\r\n\t\tkd.katalog_dokumentacije_workflow kdw ON kdw.id_katalog_dokumentacije = kd1.id_katalog_dokumentacije LEFT JOIN \\\r\n\t\tkd.sif_tip_dokumenta td1 ON td1.id_tip_dokumenta = kd1.id_tip_dokumenta LEFT JOIN \\\r\n\t\tcd.Sifarnik td_bc1 ON td_bc1.id = td1.id_tip_dokum_bc LEFT JOIN \\\r\n\t\tcd.Sifarnik ozn_bc1 ON ozn_bc1.id = td1.id_oznaka_bc LEFT JOIN \\\r\n\t\tkd.en_skupina_dokumentacije sd1 ON sd1.id_skupina_dokumentacije = td1.id_skupina_dokumentacije LEFT JOIN \\\r\n\t\tkd.katalog_dokumentacije_matrica kdm1 ON kdm1.id_katalog_dokumentacije = kd1.id_katalog_dokumentacije AND kd1.id_dok_kat_pogoj IN (2,3,4,5) LEFT JOIN \\\r\n\t\tkd.katalog_dokumentacije_format kdf1 ON kdf1.id_kat_dok_workflow = kdw.id_kat_dok_workflow LEFT JOIN \\\r\n\t\tdbo.en_format_dokumenta fd1 ON fd1.id_format_dokumenta = kdf1.id_format_dokumenta LEFT JOIN \\\r\n\t\tkd.en_status_dokumenta st_dok ON st_dok.id_status_dokumenta = kdw.id_status_dokumenta \\\r\nWHERE \\\r\n\tkd1.je_aktiven = 1 AND \\\r\n\tkd1.id_proces = 16 AND \\\r\n\tkd1.ima_workflow = 1 AND \\\r\n\tkdw.id_opravilo = ? AND \\\r\n\t((kd1.id_dok_kat_pogoj = 1 OR kd1.id_dok_kat_pogoj = 4) OR \\\r\n\t(kd1.id_dok_kat_pogoj = 2 AND kdm1.id_produktverzija = ?) OR \\\r\n\t(kd1.id_dok_kat_pogoj = 3 AND kdm1.id_kategorija_zavarov IN ('+tw.local.dokumentacijaOpravilo.kategorijeZavarovanja+')) OR \\\r\n\t(kd1.id_dok_kat_pogoj = 5 AND kdm1.id_produktverzija = ? AND kdm1.id_kategorija_zavarov IN ('+tw.local.dokumentacijaOpravilo.kategorijeZavarovanja+'))) AND \\\r\n\t(sd1.id_skupina_dokumentacije IN (1,2,5,7) AND kdw.za_nalaganje = 1) \\\r\nORDER BY 1 ASC';\r\n\r\ntw.local.sqlStatements[0].parameters = [];\r\nnewParametar(0,\"NUMERIC\",tw.local.dokumentacijaOpravilo.idProduktVerzija);\/\/ID_PRODUKT_VERZIJA\r\nnewParametar(0,\"NUMERIC\",tw.local.dokumentacijaOpravilo.idProduktVerzija);\/\/ID_PRODUKT_VERZIJA\r\nnewParametar(0,\"NUMERIC\",tw.local.dokumentacijaOpravilo.idOpravilo);\/\/ID_OBDELAVA_OPRAVILO\r\nnewParametar(0,\"NUMERIC\",tw.local.dokumentacijaOpravilo.idProduktVerzija);\/\/ID_PRODUKT_VERZIJA\r\nnewParametar(0,\"NUMERIC\",tw.local.dokumentacijaOpravilo.idProduktVerzija);\/\/ID_PRODUKT_VERZIJA\r\n\r\nfunction newParametar(index,type,value,mode){\r\n\tvar parameter = new tw.object.SQLParameter();\r\n\tparameter.mode = mode?mode:\"IN\";\r\n\tparameter.type = type;\r\n\tparameter.value = value;\r\n\ttw.local.sqlStatements[index].parameters.insertIntoList(tw.local.sqlStatements[index].parameters.listLength, parameter);\r\n}"]}},{"targetRef":"1ff1f5a4-43f7-48cf-8048-cc5858f7ecd6","extensionElements":{"linkVisualInfo":[{"sourcePortLocation":"rightCenter","showCoachControlLabel":false,"labelPosition":0.0,"targetPortLocation":"leftCenter","declaredType":"TLinkVisualInfo","saveExecutionContext":false,"showLabel":false}]},"name":"To Izvedba SQL","declaredType":"sequenceFlow","id":"e7198669-fe70-4fc6-880e-89c2ab81055b","sourceRef":"42e9280d-3e54-4b78-89e6-3aaafa172bdb"},{"startQuantity":1,"outgoing":["a7b5078f-5896-456a-8d42-aa04a462d803"],"incoming":["22459615-201a-42b5-8264-8de051c50f07"],"extensionElements":{"nodeVisualInfo":[{"width":95,"x":453,"y":57,"declaredType":"TNodeVisualInfo","height":70}]},"name":"Rezultati SQL","isForCompensation":false,"completionQuantity":1,"declaredType":"scriptTask","id":"8df60a9a-d447-47da-8a08-c6e74a1e6d68","scriptFormat":"text\/x-javascript","script":{"content":["\r\ntw.local.tipDokumentovZaNalaganje = [];\r\nfor (var i=0; i&lt;tw.local.results[0].rows.length; i++) {\r\n\tvar indexTipDok = tw.local.tipDokumentovZaNalaganje.listLength;\r\n\tif(indexTipDok != 0 &amp;&amp; tw.local.tipDokumentovZaNalaganje[indexTipDok-1].idKatalogDokumentacije == tw.local.results[0].rows[i].indexedMap.idKatalogDokumentacije){\r\n\t\tindexTipDok = indexTipDok-1;\r\n\t}\r\n\t\r\n\tif(tw.local.results[0].rows[i].indexedMap.zaNalaganje){\r\n\t\tif(!tw.local.tipDokumentovZaNalaganje[indexTipDok]){\r\n\t\t\ttw.local.tipDokumentovZaNalaganje[indexTipDok] = {};\r\n\t\t}\r\n\t\ttw.local.tipDokumentovZaNalaganje[indexTipDok].idKatalogDokumentacije = tw.local.results[0].rows[i].indexedMap.idKatalogDokumentacije;\r\n\t\ttw.local.tipDokumentovZaNalaganje[indexTipDok].tipDokumenta = {};\r\n\t\ttw.local.tipDokumentovZaNalaganje[indexTipDok].tipDokumenta.id = tw.local.results[0].rows[i].indexedMap.idTipDokumenta;\r\n\t\ttw.local.tipDokumentovZaNalaganje[indexTipDok].tipDokumenta.naziv = tw.local.results[0].rows[i].indexedMap.nazivTipDokumenta;\r\n\t\ttw.local.tipDokumentovZaNalaganje[indexTipDok].tipDokumentaBC = {};\r\n\t\ttw.local.tipDokumentovZaNalaganje[indexTipDok].tipDokumentaBC.id = tw.local.results[0].rows[i].indexedMap.idTipDokumentaBC;\r\n\t\ttw.local.tipDokumentovZaNalaganje[indexTipDok].tipDokumentaBC.naziv = tw.local.results[0].rows[i].indexedMap.nazivTipDokumentaBC;\r\n\t\ttw.local.tipDokumentovZaNalaganje[indexTipDok].oznakaBC = {};\r\n\t\ttw.local.tipDokumentovZaNalaganje[indexTipDok].oznakaBC.id = tw.local.results[0].rows[i].indexedMap.idOznakaBC;\r\n\t\ttw.local.tipDokumentovZaNalaganje[indexTipDok].oznakaBC.naziv = tw.local.results[0].rows[i].indexedMap.nazivOznakaBC;\r\n\t\ttw.local.tipDokumentovZaNalaganje[indexTipDok].skupinaDokumentov = {};\r\n\t\ttw.local.tipDokumentovZaNalaganje[indexTipDok].skupinaDokumentov.id = tw.local.results[0].rows[i].indexedMap.idSkupinaDokumentacije;\r\n\t\ttw.local.tipDokumentovZaNalaganje[indexTipDok].skupinaDokumentov.naziv = tw.local.results[0].rows[i].indexedMap.nazivSkupinaDokumentacije;\r\n\t\ttw.local.tipDokumentovZaNalaganje[indexTipDok].jeGlavni = tw.local.results[0].rows[i].indexedMap.jeGlavni?'1':'0';\r\n\t\ttw.local.tipDokumentovZaNalaganje[indexTipDok].seArhivira = tw.local.results[0].rows[i].indexedMap.jeGlavni?'1':'0';\r\n\t\ttw.local.tipDokumentovZaNalaganje[indexTipDok].maxVelikostDatoteke = tw.local.results[0].rows[i].indexedMap.maxVelikostDatoteke;\r\n\t\ttw.local.tipDokumentovZaNalaganje[indexTipDok].obvezen = tw.local.results[0].rows[i].indexedMap.obvezen;\r\n\t\ttw.local.tipDokumentovZaNalaganje[indexTipDok].pogojObveznosti = tw.local.results[0].rows[i].indexedMap.pogojObveznosti;\r\n\t\ttw.local.tipDokumentovZaNalaganje[indexTipDok].maxVelikostDatoteke = tw.local.results[0].rows[i].indexedMap.maxVelikostDatoteke;\r\n\t\ttw.local.tipDokumentovZaNalaganje[indexTipDok].idDokKatPogoj = tw.local.results[0].rows[i].indexedMap.idDokKatPogoj;\r\n\t\ttw.local.tipDokumentovZaNalaganje[indexTipDok].dokKatPogoj = tw.local.results[0].rows[i].indexedMap.pogoj;\r\n\t\ttw.local.tipDokumentovZaNalaganje[indexTipDok].statusDokumenta = {};\r\n\t\ttw.local.tipDokumentovZaNalaganje[indexTipDok].statusDokumenta.id = tw.local.results[0].rows[i].indexedMap.idStatusDokumenta;\r\n\t\ttw.local.tipDokumentovZaNalaganje[indexTipDok].statusDokumenta.naziv = tw.local.results[0].rows[i].indexedMap.nazivStatusDokumenta;\r\n\t\t\r\n\t\tif(!tw.local.tipDokumentovZaNalaganje[indexTipDok].dovoljeniFormatiDokumenta){\r\n\t\t\ttw.local.tipDokumentovZaNalaganje[indexTipDok].dovoljeniFormatiDokumenta = [];\r\n\t\t}\r\n\t\tvar indexFormat = tw.local.tipDokumentovZaNalaganje[indexTipDok].dovoljeniFormatiDokumenta.listLength;\r\n\t\ttw.local.tipDokumentovZaNalaganje[indexTipDok].dovoljeniFormatiDokumenta[indexFormat] = {};\r\n\t\ttw.local.tipDokumentovZaNalaganje[indexTipDok].dovoljeniFormatiDokumenta[indexFormat].id = tw.local.results[0].rows[i].indexedMap.idFormatDokumenta;\r\n\t\ttw.local.tipDokumentovZaNalaganje[indexTipDok].dovoljeniFormatiDokumenta[indexFormat].naziv = tw.local.results[0].rows[i].indexedMap.nazivFormatDokumenta;\r\n\t\ttw.local.tipDokumentovZaNalaganje[indexTipDok].idTipDokumenta = tw.local.results[0].rows[i].indexedMap.idTipDokumenta;\r\n\t\ttw.local.tipDokumentovZaNalaganje[indexTipDok].nazivTipDokumenta = tw.local.results[0].rows[i].indexedMap.nazivTipDokumenta + (tw.local.tipDokumentovZaNalaganje[indexTipDok].obvezen == 1?\"*\":\"\");\r\n\t\t\r\n\t}\r\n}"]}},{"targetRef":"26993b4b-f5e2-4cbd-89b7-d79542f9f15d","extensionElements":{"sequenceFlowImplementation":[{"fireValidation":"Never","sboSyncEnabled":true,"declaredType":"com.ibm.bpmsdk.model.bpmn20.ibmext.TSequenceFlowImplementation"}],"linkVisualInfo":[{"sourcePortLocation":"rightCenter","showCoachControlLabel":false,"labelPosition":0.0,"targetPortLocation":"leftCenter","declaredType":"TLinkVisualInfo","saveExecutionContext":true,"showLabel":false}]},"name":"To End","declaredType":"sequenceFlow","id":"a7b5078f-5896-456a-8d42-aa04a462d803","sourceRef":"8df60a9a-d447-47da-8a08-c6e74a1e6d68"}],"laneSet":[{"id":"bf4faf47-865a-4641-8736-301c7c27a19a","lane":[{"flowNodeRef":["3b325e7a-408c-452d-8c2f-ea8f8dfb7c08","26993b4b-f5e2-4cbd-89b7-d79542f9f15d","1ff1f5a4-43f7-48cf-8048-cc5858f7ecd6","42e9280d-3e54-4b78-89e6-3aaafa172bdb","8df60a9a-d447-47da-8a08-c6e74a1e6d68"],"extensionElements":{"nodeVisualInfo":[{"color":"#F8F8F8","width":3000,"x":0,"y":0,"declaredType":"TNodeVisualInfo","height":500}]},"name":"System","partitionElementRef":"24.6fd38d02-81cf-48ab-bd42-8ff4c0a1628b","declaredType":"lane","id":"1cfdceaf-2f46-449f-8b7f-07b1ed1eac52","otherAttributes":{"{http:\/\/www.ibm.com\/xmlns\/prod\/bpm\/bpmn\/ext\/process\/wle}isSystemLane":"true"}}]}],"isClosed":false,"extensionElements":{"isSecured":[false],"isAjaxExposed":[true],"sboSyncEnabled":[true]},"documentation":[{"textFormat":"text\/plain"}],"name":"Dokumentacija Servis SF","declaredType":"process","id":"1.defa1931-38b9-4440-8a6b-388dc586f680","processType":"None","otherAttributes":{"{http:\/\/www.ibm.com\/xmlns\/prod\/bpm\/bpmn\/ext\/process}executionMode":"microflow"},"ioSpecification":{"dataOutput":[{"itemSubjectRef":"itm.12.cbd7f922-6dcc-4060-813c-0a99f04ec232","name":"tipDokumentovZaNalaganje","isCollection":true,"id":"2055.878257ad-842c-40dc-8da6-6ffc1804aec3"}],"inputSet":[{"dataInputRefs":["2055.f4ec91e4-25c6-458f-8fd3-a33dfb02c122"]}],"outputSet":[{"dataOutputRefs":["2055.878257ad-842c-40dc-8da6-6ffc1804aec3"]}],"dataInput":[{"extensionElements":{"defaultValue":[{"declaredType":"com.ibm.bpmsdk.model.bpmn20.ibmext.TDefaultValue","useDefault":true,"value":"var autoObject = new tw.object.DokumentacijaOpravilo_BO();\nautoObject.tipDokumentovZaNalaganje = new tw.object.listOf.DokumentNKA_BO();\nautoObject.tipDokumentovZaNalaganje[0] = new tw.object.DokumentNKA_BO();\nautoObject.tipDokumentovZaNalaganje[0].dokumentId = \"\";\nautoObject.tipDokumentovZaNalaganje[0].linkKDokumentu = \"\";\nautoObject.tipDokumentovZaNalaganje[0].nazivDokumenta = \"\";\nautoObject.tipDokumentovZaNalaganje[0].datumInCas = new TWDate();\nautoObject.tipDokumentovZaNalaganje[0].idFormatUploadDocument = 0;\nautoObject.tipDokumentovZaNalaganje[0].tipDokumenta = new tw.object.toolkit.CTCT.Sifrant_BO();\nautoObject.tipDokumentovZaNalaganje[0].tipDokumenta.id = 0;\nautoObject.tipDokumentovZaNalaganje[0].tipDokumenta.naziv = \"\";\nautoObject.tipDokumentovZaNalaganje[0].tipDokumenta.koda = \"\";\nautoObject.tipDokumentovZaNalaganje[0].oznakaBC = new tw.object.toolkit.CTCT.Sifrant_BO();\nautoObject.tipDokumentovZaNalaganje[0].oznakaBC.id = 0;\nautoObject.tipDokumentovZaNalaganje[0].oznakaBC.naziv = \"\";\nautoObject.tipDokumentovZaNalaganje[0].oznakaBC.koda = \"\";\nautoObject.tipDokumentovZaNalaganje[0].tipDokumentaBC = new tw.object.toolkit.CTCT.Sifrant_BO();\nautoObject.tipDokumentovZaNalaganje[0].tipDokumentaBC.id = 0;\nautoObject.tipDokumentovZaNalaganje[0].tipDokumentaBC.naziv = \"\";\nautoObject.tipDokumentovZaNalaganje[0].tipDokumentaBC.koda = \"\";\nautoObject.tipDokumentovZaNalaganje[0].skupinaDokumentov = new tw.object.toolkit.CTCT.Sifrant_BO();\nautoObject.tipDokumentovZaNalaganje[0].skupinaDokumentov.id = 0;\nautoObject.tipDokumentovZaNalaganje[0].skupinaDokumentov.naziv = \"\";\nautoObject.tipDokumentovZaNalaganje[0].skupinaDokumentov.koda = \"\";\nautoObject.tipDokumentovZaNalaganje[0].statusDokumenta = new tw.object.toolkit.CTCT.Sifrant_BO();\nautoObject.tipDokumentovZaNalaganje[0].statusDokumenta.id = 0;\nautoObject.tipDokumentovZaNalaganje[0].statusDokumenta.naziv = \"\";\nautoObject.tipDokumentovZaNalaganje[0].statusDokumenta.koda = \"\";\nautoObject.tipDokumentovZaNalaganje[0].template = \"\";\nautoObject.tipDokumentovZaNalaganje[0].seArhivira = \"\";\nautoObject.tipDokumentovZaNalaganje[0].jeGlavni = \"\";\nautoObject.tipDokumentovZaNalaganje[0].nalozilUporabnik = \"\";\nautoObject.tipDokumentovZaNalaganje[0].status = \"\";\nautoObject.tipDokumentovZaNalaganje[0].izbraniIndeks = 0;\nautoObject.tipDokumentovZaNalaganje[0].izbrisiDokument = \"\";\nautoObject.tipDokumentovZaNalaganje[0].noviDokument = \"\";\nautoObject.tipDokumentovZaNalaganje[0].idOpravilo = 0;\nautoObject.tipDokumentovZaNalaganje[0].dovoljeniFormatiDokumenta = new tw.object.listOf.toolkit.CTCT.Sifrant_BO();\nautoObject.tipDokumentovZaNalaganje[0].dovoljeniFormatiDokumenta[0] = new tw.object.toolkit.CTCT.Sifrant_BO();\nautoObject.tipDokumentovZaNalaganje[0].dovoljeniFormatiDokumenta[0].id = 0;\nautoObject.tipDokumentovZaNalaganje[0].dovoljeniFormatiDokumenta[0].naziv = \"\";\nautoObject.tipDokumentovZaNalaganje[0].dovoljeniFormatiDokumenta[0].koda = \"\";\nautoObject.tipDokumentovZaNalaganje[0].idKatalogDokumentacije = 0;\nautoObject.tipDokumentovZaNalaganje[0].maxVelikostDatoteke = 0;\nautoObject.tipDokumentovZaNalaganje[0].obvezen = 0;\nautoObject.tipDokumentovZaNalaganje[0].pogojObveznosti = \"\";\nautoObject.tipDokumentovZaNalaganje[0].idDokKatPogoj = 0;\nautoObject.tipDokumentovZaNalaganje[0].dokKatPogoj = \"\";\nautoObject.izbraniDokument = new tw.object.DokumentNKA_BO();\nautoObject.izbraniDokument.dokumentId = \"\";\nautoObject.izbraniDokument.linkKDokumentu = \"\";\nautoObject.izbraniDokument.nazivDokumenta = \"\";\nautoObject.izbraniDokument.datumInCas = new TWDate();\nautoObject.izbraniDokument.idFormatUploadDocument = 0;\nautoObject.izbraniDokument.tipDokumenta = new tw.object.toolkit.CTCT.Sifrant_BO();\nautoObject.izbraniDokument.tipDokumenta.id = 0;\nautoObject.izbraniDokument.tipDokumenta.naziv = \"\";\nautoObject.izbraniDokument.tipDokumenta.koda = \"\";\nautoObject.izbraniDokument.oznakaBC = new tw.object.toolkit.CTCT.Sifrant_BO();\nautoObject.izbraniDokument.oznakaBC.id = 0;\nautoObject.izbraniDokument.oznakaBC.naziv = \"\";\nautoObject.izbraniDokument.oznakaBC.koda = \"\";\nautoObject.izbraniDokument.tipDokumentaBC = new tw.object.toolkit.CTCT.Sifrant_BO();\nautoObject.izbraniDokument.tipDokumentaBC.id = 0;\nautoObject.izbraniDokument.tipDokumentaBC.naziv = \"\";\nautoObject.izbraniDokument.tipDokumentaBC.koda = \"\";\nautoObject.izbraniDokument.skupinaDokumentov = new tw.object.toolkit.CTCT.Sifrant_BO();\nautoObject.izbraniDokument.skupinaDokumentov.id = 0;\nautoObject.izbraniDokument.skupinaDokumentov.naziv = \"\";\nautoObject.izbraniDokument.skupinaDokumentov.koda = \"\";\nautoObject.izbraniDokument.statusDokumenta = new tw.object.toolkit.CTCT.Sifrant_BO();\nautoObject.izbraniDokument.statusDokumenta.id = 0;\nautoObject.izbraniDokument.statusDokumenta.naziv = \"\";\nautoObject.izbraniDokument.statusDokumenta.koda = \"\";\nautoObject.izbraniDokument.template = \"\";\nautoObject.izbraniDokument.seArhivira = \"\";\nautoObject.izbraniDokument.jeGlavni = \"\";\nautoObject.izbraniDokument.nalozilUporabnik = \"\";\nautoObject.izbraniDokument.status = \"\";\nautoObject.izbraniDokument.izbraniIndeks = 0;\nautoObject.izbraniDokument.izbrisiDokument = \"\";\nautoObject.izbraniDokument.noviDokument = \"\";\nautoObject.izbraniDokument.idOpravilo = 0;\nautoObject.izbraniDokument.dovoljeniFormatiDokumenta = new tw.object.listOf.toolkit.CTCT.Sifrant_BO();\nautoObject.izbraniDokument.dovoljeniFormatiDokumenta[0] = new tw.object.toolkit.CTCT.Sifrant_BO();\nautoObject.izbraniDokument.dovoljeniFormatiDokumenta[0].id = 0;\nautoObject.izbraniDokument.dovoljeniFormatiDokumenta[0].naziv = \"\";\nautoObject.izbraniDokument.dovoljeniFormatiDokumenta[0].koda = \"\";\nautoObject.izbraniDokument.idKatalogDokumentacije = 0;\nautoObject.izbraniDokument.maxVelikostDatoteke = 0;\nautoObject.izbraniDokument.obvezen = 0;\nautoObject.izbraniDokument.pogojObveznosti = \"\";\nautoObject.izbraniDokument.idDokKatPogoj = 0;\nautoObject.izbraniDokument.dokKatPogoj = \"\";\n\r\nautoObject.kategorijeZavarovanja = \"\";\r\nautoObject.idOpravilo = 48;\r\nautoObject.idProduktVerzija = 2;\nautoObject"}]},"itemSubjectRef":"itm.12.cf0a8160-7a48-417e-b778-4445fffa788a","name":"dokumentacijaOpravilo","isCollection":false,"id":"2055.f4ec91e4-25c6-458f-8fd3-a33dfb02c122"}]}}],"targetNamespace":"","typeLanguage":"http:\/\/www.w3.org\/2001\/XMLSchema","expressionLanguage":"http:\/\/www.ibm.com\/xmlns\/prod\/bpm\/expression-lang\/javascript"}</jsonData>
        <field1 isNull="true" />
        <field2 isNull="true" />
        <field3>0</field3>
        <field4 isNull="true" />
        <field5>false</field5>
        <clobField1 isNull="true" />
        <blobField1 isNull="true" />
        <processParameter name="dokumentacijaOpravilo">
            <lastModified isNull="true" />
            <lastModifiedBy isNull="true" />
            <tenantId isNull="true" />
            <processParameterId>2055.f4ec91e4-25c6-458f-8fd3-a33dfb02c122</processParameterId>
            <processId>1.defa1931-38b9-4440-8a6b-388dc586f680</processId>
            <parameterType>1</parameterType>
            <isArrayOf>false</isArrayOf>
            <classId>/12.cf0a8160-7a48-417e-b778-4445fffa788a</classId>
            <seq>1</seq>
            <hasDefault>true</hasDefault>
            <defaultValue>var autoObject = new tw.object.DokumentacijaOpravilo_BO();
autoObject.tipDokumentovZaNalaganje = new tw.object.listOf.DokumentNKA_BO();
autoObject.tipDokumentovZaNalaganje[0] = new tw.object.DokumentNKA_BO();
autoObject.tipDokumentovZaNalaganje[0].dokumentId = "";
autoObject.tipDokumentovZaNalaganje[0].linkKDokumentu = "";
autoObject.tipDokumentovZaNalaganje[0].nazivDokumenta = "";
autoObject.tipDokumentovZaNalaganje[0].datumInCas = new TWDate();
autoObject.tipDokumentovZaNalaganje[0].idFormatUploadDocument = 0;
autoObject.tipDokumentovZaNalaganje[0].tipDokumenta = new tw.object.toolkit.CTCT.Sifrant_BO();
autoObject.tipDokumentovZaNalaganje[0].tipDokumenta.id = 0;
autoObject.tipDokumentovZaNalaganje[0].tipDokumenta.naziv = "";
autoObject.tipDokumentovZaNalaganje[0].tipDokumenta.koda = "";
autoObject.tipDokumentovZaNalaganje[0].oznakaBC = new tw.object.toolkit.CTCT.Sifrant_BO();
autoObject.tipDokumentovZaNalaganje[0].oznakaBC.id = 0;
autoObject.tipDokumentovZaNalaganje[0].oznakaBC.naziv = "";
autoObject.tipDokumentovZaNalaganje[0].oznakaBC.koda = "";
autoObject.tipDokumentovZaNalaganje[0].tipDokumentaBC = new tw.object.toolkit.CTCT.Sifrant_BO();
autoObject.tipDokumentovZaNalaganje[0].tipDokumentaBC.id = 0;
autoObject.tipDokumentovZaNalaganje[0].tipDokumentaBC.naziv = "";
autoObject.tipDokumentovZaNalaganje[0].tipDokumentaBC.koda = "";
autoObject.tipDokumentovZaNalaganje[0].skupinaDokumentov = new tw.object.toolkit.CTCT.Sifrant_BO();
autoObject.tipDokumentovZaNalaganje[0].skupinaDokumentov.id = 0;
autoObject.tipDokumentovZaNalaganje[0].skupinaDokumentov.naziv = "";
autoObject.tipDokumentovZaNalaganje[0].skupinaDokumentov.koda = "";
autoObject.tipDokumentovZaNalaganje[0].statusDokumenta = new tw.object.toolkit.CTCT.Sifrant_BO();
autoObject.tipDokumentovZaNalaganje[0].statusDokumenta.id = 0;
autoObject.tipDokumentovZaNalaganje[0].statusDokumenta.naziv = "";
autoObject.tipDokumentovZaNalaganje[0].statusDokumenta.koda = "";
autoObject.tipDokumentovZaNalaganje[0].template = "";
autoObject.tipDokumentovZaNalaganje[0].seArhivira = "";
autoObject.tipDokumentovZaNalaganje[0].jeGlavni = "";
autoObject.tipDokumentovZaNalaganje[0].nalozilUporabnik = "";
autoObject.tipDokumentovZaNalaganje[0].status = "";
autoObject.tipDokumentovZaNalaganje[0].izbraniIndeks = 0;
autoObject.tipDokumentovZaNalaganje[0].izbrisiDokument = "";
autoObject.tipDokumentovZaNalaganje[0].noviDokument = "";
autoObject.tipDokumentovZaNalaganje[0].idOpravilo = 0;
autoObject.tipDokumentovZaNalaganje[0].dovoljeniFormatiDokumenta = new tw.object.listOf.toolkit.CTCT.Sifrant_BO();
autoObject.tipDokumentovZaNalaganje[0].dovoljeniFormatiDokumenta[0] = new tw.object.toolkit.CTCT.Sifrant_BO();
autoObject.tipDokumentovZaNalaganje[0].dovoljeniFormatiDokumenta[0].id = 0;
autoObject.tipDokumentovZaNalaganje[0].dovoljeniFormatiDokumenta[0].naziv = "";
autoObject.tipDokumentovZaNalaganje[0].dovoljeniFormatiDokumenta[0].koda = "";
autoObject.tipDokumentovZaNalaganje[0].idKatalogDokumentacije = 0;
autoObject.tipDokumentovZaNalaganje[0].maxVelikostDatoteke = 0;
autoObject.tipDokumentovZaNalaganje[0].obvezen = 0;
autoObject.tipDokumentovZaNalaganje[0].pogojObveznosti = "";
autoObject.tipDokumentovZaNalaganje[0].idDokKatPogoj = 0;
autoObject.tipDokumentovZaNalaganje[0].dokKatPogoj = "";
autoObject.izbraniDokument = new tw.object.DokumentNKA_BO();
autoObject.izbraniDokument.dokumentId = "";
autoObject.izbraniDokument.linkKDokumentu = "";
autoObject.izbraniDokument.nazivDokumenta = "";
autoObject.izbraniDokument.datumInCas = new TWDate();
autoObject.izbraniDokument.idFormatUploadDocument = 0;
autoObject.izbraniDokument.tipDokumenta = new tw.object.toolkit.CTCT.Sifrant_BO();
autoObject.izbraniDokument.tipDokumenta.id = 0;
autoObject.izbraniDokument.tipDokumenta.naziv = "";
autoObject.izbraniDokument.tipDokumenta.koda = "";
autoObject.izbraniDokument.oznakaBC = new tw.object.toolkit.CTCT.Sifrant_BO();
autoObject.izbraniDokument.oznakaBC.id = 0;
autoObject.izbraniDokument.oznakaBC.naziv = "";
autoObject.izbraniDokument.oznakaBC.koda = "";
autoObject.izbraniDokument.tipDokumentaBC = new tw.object.toolkit.CTCT.Sifrant_BO();
autoObject.izbraniDokument.tipDokumentaBC.id = 0;
autoObject.izbraniDokument.tipDokumentaBC.naziv = "";
autoObject.izbraniDokument.tipDokumentaBC.koda = "";
autoObject.izbraniDokument.skupinaDokumentov = new tw.object.toolkit.CTCT.Sifrant_BO();
autoObject.izbraniDokument.skupinaDokumentov.id = 0;
autoObject.izbraniDokument.skupinaDokumentov.naziv = "";
autoObject.izbraniDokument.skupinaDokumentov.koda = "";
autoObject.izbraniDokument.statusDokumenta = new tw.object.toolkit.CTCT.Sifrant_BO();
autoObject.izbraniDokument.statusDokumenta.id = 0;
autoObject.izbraniDokument.statusDokumenta.naziv = "";
autoObject.izbraniDokument.statusDokumenta.koda = "";
autoObject.izbraniDokument.template = "";
autoObject.izbraniDokument.seArhivira = "";
autoObject.izbraniDokument.jeGlavni = "";
autoObject.izbraniDokument.nalozilUporabnik = "";
autoObject.izbraniDokument.status = "";
autoObject.izbraniDokument.izbraniIndeks = 0;
autoObject.izbraniDokument.izbrisiDokument = "";
autoObject.izbraniDokument.noviDokument = "";
autoObject.izbraniDokument.idOpravilo = 0;
autoObject.izbraniDokument.dovoljeniFormatiDokumenta = new tw.object.listOf.toolkit.CTCT.Sifrant_BO();
autoObject.izbraniDokument.dovoljeniFormatiDokumenta[0] = new tw.object.toolkit.CTCT.Sifrant_BO();
autoObject.izbraniDokument.dovoljeniFormatiDokumenta[0].id = 0;
autoObject.izbraniDokument.dovoljeniFormatiDokumenta[0].naziv = "";
autoObject.izbraniDokument.dovoljeniFormatiDokumenta[0].koda = "";
autoObject.izbraniDokument.idKatalogDokumentacije = 0;
autoObject.izbraniDokument.maxVelikostDatoteke = 0;
autoObject.izbraniDokument.obvezen = 0;
autoObject.izbraniDokument.pogojObveznosti = "";
autoObject.izbraniDokument.idDokKatPogoj = 0;
autoObject.izbraniDokument.dokKatPogoj = "";
&#xD;
autoObject.kategorijeZavarovanja = "";&#xD;
autoObject.idOpravilo = 48;&#xD;
autoObject.idProduktVerzija = 2;
autoObject</defaultValue>
            <isLocked>false</isLocked>
            <description isNull="true" />
            <guid>29d4d02e-159f-49a0-9080-a0e650d17223</guid>
            <versionId>0d9761e8-fdf0-4bbb-956f-a90530d1c33a</versionId>
        </processParameter>
        <processParameter name="tipDokumentovZaNalaganje">
            <lastModified isNull="true" />
            <lastModifiedBy isNull="true" />
            <tenantId isNull="true" />
            <processParameterId>2055.878257ad-842c-40dc-8da6-6ffc1804aec3</processParameterId>
            <processId>1.defa1931-38b9-4440-8a6b-388dc586f680</processId>
            <parameterType>2</parameterType>
            <isArrayOf>true</isArrayOf>
            <classId>/12.cbd7f922-6dcc-4060-813c-0a99f04ec232</classId>
            <seq>2</seq>
            <hasDefault>false</hasDefault>
            <defaultValue isNull="true" />
            <isLocked>false</isLocked>
            <description isNull="true" />
            <guid>275454dd-66ab-4755-8e47-2a8ac9c20ed4</guid>
            <versionId>7091ed42-a957-4ff8-b785-605279591ab3</versionId>
        </processParameter>
        <processVariable name="results">
            <lastModified isNull="true" />
            <lastModifiedBy isNull="true" />
            <tenantId isNull="true" />
            <processVariableId>2056.0ebf33da-2eb2-4149-85e3-4cab34f0c4df</processVariableId>
            <description isNull="true" />
            <processId>1.defa1931-38b9-4440-8a6b-388dc586f680</processId>
            <namespace>2</namespace>
            <seq>1</seq>
            <isArrayOf>true</isArrayOf>
            <isTransient>false</isTransient>
            <classId>34b0d65f-7524-4bdf-81fb-fcf6680322a1/12.3b1e3757-a1f4-4c3f-bbb8-16fecd4d65c1</classId>
            <hasDefault>false</hasDefault>
            <defaultValue isNull="true" />
            <guid>7702c504-fe87-450f-93c1-0bcc105ab7cd</guid>
            <versionId>72e189d8-a120-4cec-8490-deb9ff38bf10</versionId>
        </processVariable>
        <processVariable name="sqlStatements">
            <lastModified isNull="true" />
            <lastModifiedBy isNull="true" />
            <tenantId isNull="true" />
            <processVariableId>2056.3dfe8425-70d4-4528-8898-df2bb987f023</processVariableId>
            <description isNull="true" />
            <processId>1.defa1931-38b9-4440-8a6b-388dc586f680</processId>
            <namespace>2</namespace>
            <seq>2</seq>
            <isArrayOf>true</isArrayOf>
            <isTransient>false</isTransient>
            <classId>34b0d65f-7524-4bdf-81fb-fcf6680322a1/12.3990d8b4-983d-4250-bd06-3600f527fed0</classId>
            <hasDefault>false</hasDefault>
            <defaultValue isNull="true" />
            <guid>375ed61d-edcb-4156-a6de-cc240e21ecf8</guid>
            <versionId>a192291b-7efd-45ad-8182-08ada7330276</versionId>
        </processVariable>
        <item>
            <lastModified isNull="true" />
            <lastModifiedBy isNull="true" />
            <tenantId isNull="true" />
            <processItemId>2025.8df60a9a-d447-47da-8a08-c6e74a1e6d68</processItemId>
            <processId>1.defa1931-38b9-4440-8a6b-388dc586f680</processId>
            <name>Rezultati SQL</name>
            <tWComponentName>Script</tWComponentName>
            <tWComponentId>3011.d66dd440-b2f2-4190-9de4-833fa8291341</tWComponentId>
            <isLogEnabled>false</isLogEnabled>
            <isTraceEnabled>false</isTraceEnabled>
            <traceCategory isNull="true" />
            <traceLevel isNull="true" />
            <traceMessage isNull="true" />
            <traceSymbolTable isNull="true" />
            <isExecutionContextTraced>false</isExecutionContextTraced>
            <saveExecutionContext>false</saveExecutionContext>
            <documentation isNull="true" />
            <isErrorHandlerEnabled>false</isErrorHandlerEnabled>
            <errorHandlerItemId isNull="true" />
            <guid>guid:dfd4a22455700510:61d62793:187afff8af7:-49f6</guid>
            <versionId>2e1d10df-0398-47d7-8880-5fab0dda61bf</versionId>
            <externalServiceRef isNull="true" />
            <externalServiceOp isNull="true" />
            <nodeColor isNull="true" />
            <layoutData x="453" y="57">
                <errorLink>
                    <controlPoints />
                    <showEndState>false</showEndState>
                    <showName>false</showName>
                </errorLink>
            </layoutData>
            <TWComponent>
                <lastModified isNull="true" />
                <lastModifiedBy isNull="true" />
                <tenantId isNull="true" />
                <scriptId>3011.d66dd440-b2f2-4190-9de4-833fa8291341</scriptId>
                <scriptTypeId>2</scriptTypeId>
                <isActive>true</isActive>
                <script>&#xD;
tw.local.tipDokumentovZaNalaganje = [];&#xD;
for (var i=0; i&lt;tw.local.results[0].rows.length; i++) {&#xD;
	var indexTipDok = tw.local.tipDokumentovZaNalaganje.listLength;&#xD;
	if(indexTipDok != 0 &amp;&amp; tw.local.tipDokumentovZaNalaganje[indexTipDok-1].idKatalogDokumentacije == tw.local.results[0].rows[i].indexedMap.idKatalogDokumentacije){&#xD;
		indexTipDok = indexTipDok-1;&#xD;
	}&#xD;
	&#xD;
	if(tw.local.results[0].rows[i].indexedMap.zaNalaganje){&#xD;
		if(!tw.local.tipDokumentovZaNalaganje[indexTipDok]){&#xD;
			tw.local.tipDokumentovZaNalaganje[indexTipDok] = {};&#xD;
		}&#xD;
		tw.local.tipDokumentovZaNalaganje[indexTipDok].idKatalogDokumentacije = tw.local.results[0].rows[i].indexedMap.idKatalogDokumentacije;&#xD;
		tw.local.tipDokumentovZaNalaganje[indexTipDok].tipDokumenta = {};&#xD;
		tw.local.tipDokumentovZaNalaganje[indexTipDok].tipDokumenta.id = tw.local.results[0].rows[i].indexedMap.idTipDokumenta;&#xD;
		tw.local.tipDokumentovZaNalaganje[indexTipDok].tipDokumenta.naziv = tw.local.results[0].rows[i].indexedMap.nazivTipDokumenta;&#xD;
		tw.local.tipDokumentovZaNalaganje[indexTipDok].tipDokumentaBC = {};&#xD;
		tw.local.tipDokumentovZaNalaganje[indexTipDok].tipDokumentaBC.id = tw.local.results[0].rows[i].indexedMap.idTipDokumentaBC;&#xD;
		tw.local.tipDokumentovZaNalaganje[indexTipDok].tipDokumentaBC.naziv = tw.local.results[0].rows[i].indexedMap.nazivTipDokumentaBC;&#xD;
		tw.local.tipDokumentovZaNalaganje[indexTipDok].oznakaBC = {};&#xD;
		tw.local.tipDokumentovZaNalaganje[indexTipDok].oznakaBC.id = tw.local.results[0].rows[i].indexedMap.idOznakaBC;&#xD;
		tw.local.tipDokumentovZaNalaganje[indexTipDok].oznakaBC.naziv = tw.local.results[0].rows[i].indexedMap.nazivOznakaBC;&#xD;
		tw.local.tipDokumentovZaNalaganje[indexTipDok].skupinaDokumentov = {};&#xD;
		tw.local.tipDokumentovZaNalaganje[indexTipDok].skupinaDokumentov.id = tw.local.results[0].rows[i].indexedMap.idSkupinaDokumentacije;&#xD;
		tw.local.tipDokumentovZaNalaganje[indexTipDok].skupinaDokumentov.naziv = tw.local.results[0].rows[i].indexedMap.nazivSkupinaDokumentacije;&#xD;
		tw.local.tipDokumentovZaNalaganje[indexTipDok].jeGlavni = tw.local.results[0].rows[i].indexedMap.jeGlavni?'1':'0';&#xD;
		tw.local.tipDokumentovZaNalaganje[indexTipDok].seArhivira = tw.local.results[0].rows[i].indexedMap.jeGlavni?'1':'0';&#xD;
		tw.local.tipDokumentovZaNalaganje[indexTipDok].maxVelikostDatoteke = tw.local.results[0].rows[i].indexedMap.maxVelikostDatoteke;&#xD;
		tw.local.tipDokumentovZaNalaganje[indexTipDok].obvezen = tw.local.results[0].rows[i].indexedMap.obvezen;&#xD;
		tw.local.tipDokumentovZaNalaganje[indexTipDok].pogojObveznosti = tw.local.results[0].rows[i].indexedMap.pogojObveznosti;&#xD;
		tw.local.tipDokumentovZaNalaganje[indexTipDok].maxVelikostDatoteke = tw.local.results[0].rows[i].indexedMap.maxVelikostDatoteke;&#xD;
		tw.local.tipDokumentovZaNalaganje[indexTipDok].idDokKatPogoj = tw.local.results[0].rows[i].indexedMap.idDokKatPogoj;&#xD;
		tw.local.tipDokumentovZaNalaganje[indexTipDok].dokKatPogoj = tw.local.results[0].rows[i].indexedMap.pogoj;&#xD;
		tw.local.tipDokumentovZaNalaganje[indexTipDok].statusDokumenta = {};&#xD;
		tw.local.tipDokumentovZaNalaganje[indexTipDok].statusDokumenta.id = tw.local.results[0].rows[i].indexedMap.idStatusDokumenta;&#xD;
		tw.local.tipDokumentovZaNalaganje[indexTipDok].statusDokumenta.naziv = tw.local.results[0].rows[i].indexedMap.nazivStatusDokumenta;&#xD;
		&#xD;
		if(!tw.local.tipDokumentovZaNalaganje[indexTipDok].dovoljeniFormatiDokumenta){&#xD;
			tw.local.tipDokumentovZaNalaganje[indexTipDok].dovoljeniFormatiDokumenta = [];&#xD;
		}&#xD;
		var indexFormat = tw.local.tipDokumentovZaNalaganje[indexTipDok].dovoljeniFormatiDokumenta.listLength;&#xD;
		tw.local.tipDokumentovZaNalaganje[indexTipDok].dovoljeniFormatiDokumenta[indexFormat] = {};&#xD;
		tw.local.tipDokumentovZaNalaganje[indexTipDok].dovoljeniFormatiDokumenta[indexFormat].id = tw.local.results[0].rows[i].indexedMap.idFormatDokumenta;&#xD;
		tw.local.tipDokumentovZaNalaganje[indexTipDok].dovoljeniFormatiDokumenta[indexFormat].naziv = tw.local.results[0].rows[i].indexedMap.nazivFormatDokumenta;&#xD;
		tw.local.tipDokumentovZaNalaganje[indexTipDok].idTipDokumenta = tw.local.results[0].rows[i].indexedMap.idTipDokumenta;&#xD;
		tw.local.tipDokumentovZaNalaganje[indexTipDok].nazivTipDokumenta = tw.local.results[0].rows[i].indexedMap.nazivTipDokumenta + (tw.local.tipDokumentovZaNalaganje[indexTipDok].obvezen == 1?"*":"");&#xD;
		&#xD;
	}&#xD;
}</script>
                <isRule>false</isRule>
                <guid>741c0f7e-2aa7-4e08-ac04-ef0d4382183d</guid>
                <versionId>5a037890-68db-4c64-8fce-ebbd56c04fe7</versionId>
            </TWComponent>
        </item>
        <item>
            <lastModified isNull="true" />
            <lastModifiedBy isNull="true" />
            <tenantId isNull="true" />
            <processItemId>2025.1ff1f5a4-43f7-48cf-8048-cc5858f7ecd6</processItemId>
            <processId>1.defa1931-38b9-4440-8a6b-388dc586f680</processId>
            <name>Izvedba SQL</name>
            <tWComponentName>SubProcess</tWComponentName>
            <tWComponentId>3012.f113b583-f12f-49b4-a743-d991cf791572</tWComponentId>
            <isLogEnabled>false</isLogEnabled>
            <isTraceEnabled>false</isTraceEnabled>
            <traceCategory isNull="true" />
            <traceLevel isNull="true" />
            <traceMessage isNull="true" />
            <traceSymbolTable isNull="true" />
            <isExecutionContextTraced>false</isExecutionContextTraced>
            <saveExecutionContext>false</saveExecutionContext>
            <documentation isNull="true" />
            <isErrorHandlerEnabled>false</isErrorHandlerEnabled>
            <errorHandlerItemId isNull="true" />
            <guid>guid:dfd4a22455700510:61d62793:187afff8af7:-4a04</guid>
            <versionId>51f8ee4e-4383-4f70-bcd1-73003ab4cbae</versionId>
            <externalServiceRef isNull="true" />
            <externalServiceOp isNull="true" />
            <nodeColor isNull="true" />
            <processPrePosts>
                <lastModified isNull="true" />
                <lastModifiedBy isNull="true" />
                <tenantId isNull="true" />
                <processItemPrePostId>2029.202bcec2-67ef-48a8-834e-b324a9904eef</processItemPrePostId>
                <processItemId>2025.1ff1f5a4-43f7-48cf-8048-cc5858f7ecd6</processItemId>
                <location>1</location>
                <script isNull="true" />
                <guid>6f2a1b57-df46-40d3-9c3d-1dfcded83a78</guid>
                <versionId>21d1f9af-5e68-477d-bf4d-bb34978e69f8</versionId>
            </processPrePosts>
            <layoutData x="291" y="57">
                <errorLink>
                    <controlPoints />
                    <showEndState>false</showEndState>
                    <showName>false</showName>
                </errorLink>
            </layoutData>
            <TWComponent>
                <lastModified isNull="true" />
                <lastModifiedBy isNull="true" />
                <tenantId isNull="true" />
                <subProcessId>3012.f113b583-f12f-49b4-a743-d991cf791572</subProcessId>
                <attachedProcessRef>34b0d65f-7524-4bdf-81fb-fcf6680322a1/1.012e1a27-1a81-4e0e-97d9-8a2d8976dda7</attachedProcessRef>
                <guid>8cae88c2-dfab-42d1-9d08-a2575e83b490</guid>
                <versionId>876b65af-fc7c-46a5-aa2a-07ad2746a357</versionId>
                <parameterMapping name="dataSourceName">
                    <lastModified isNull="true" />
                    <lastModifiedBy isNull="true" />
                    <tenantId isNull="true" />
                    <parameterMappingId>2054.02c1df20-0816-447e-860d-3302b9a4653c</parameterMappingId>
                    <processParameterId>2055.a634f531-c979-476c-91db-a17bf5e55c90</processParameterId>
                    <parameterMappingParentId>3012.f113b583-f12f-49b4-a743-d991cf791572</parameterMappingParentId>
                    <useDefault>false</useDefault>
                    <value>tw.env.SQL_VIR</value>
                    <classRef>/12.db884a3c-c533-44b7-bb2d-47bec8ad4022</classRef>
                    <isList>false</isList>
                    <isInput>true</isInput>
                    <mappingMode isNull="true" />
                    <sourcePath isNull="true" />
                    <targetPath isNull="true" />
                    <guid>8f597ccc-7f2f-48b4-94f2-52a08c687e10</guid>
                    <versionId>77c0a0d9-5f74-4467-b89e-54d9fb203002</versionId>
                    <description isNull="true" />
                </parameterMapping>
                <parameterMapping name="sqlStatements">
                    <lastModified isNull="true" />
                    <lastModifiedBy isNull="true" />
                    <tenantId isNull="true" />
                    <parameterMappingId>2054.3ddef33a-ef73-4e03-bf03-c3258f8fc0b7</parameterMappingId>
                    <processParameterId>2055.9695b715-db44-410b-8a74-65cf1d31d8ab</processParameterId>
                    <parameterMappingParentId>3012.f113b583-f12f-49b4-a743-d991cf791572</parameterMappingParentId>
                    <useDefault>false</useDefault>
                    <value>tw.local.sqlStatements</value>
                    <classRef>/12.3990d8b4-983d-4250-bd06-3600f527fed0</classRef>
                    <isList>true</isList>
                    <isInput>true</isInput>
                    <mappingMode isNull="true" />
                    <sourcePath isNull="true" />
                    <targetPath isNull="true" />
                    <guid>6fa1caf2-07f8-4738-ba83-caebe6abcee3</guid>
                    <versionId>7bf84c23-5541-4ccd-ade5-169ca19bf440</versionId>
                    <description isNull="true" />
                </parameterMapping>
                <parameterMapping name="results">
                    <lastModified isNull="true" />
                    <lastModifiedBy isNull="true" />
                    <tenantId isNull="true" />
                    <parameterMappingId>2054.557922b3-508f-4c1e-93fa-a18f57dc34e6</parameterMappingId>
                    <processParameterId>2055.921cdfd7-ed55-4dca-a71d-e4401a90c57e</processParameterId>
                    <parameterMappingParentId>3012.f113b583-f12f-49b4-a743-d991cf791572</parameterMappingParentId>
                    <useDefault>false</useDefault>
                    <value>tw.local.results</value>
                    <classRef>/12.3b1e3757-a1f4-4c3f-bbb8-16fecd4d65c1</classRef>
                    <isList>true</isList>
                    <isInput>false</isInput>
                    <mappingMode isNull="true" />
                    <sourcePath isNull="true" />
                    <targetPath isNull="true" />
                    <guid>6d355ad8-cd08-4f83-9b19-eb1a0ff426d8</guid>
                    <versionId>df5ef8ee-a176-40bd-a993-9c50396850bc</versionId>
                    <description isNull="true" />
                </parameterMapping>
            </TWComponent>
        </item>
        <item>
            <lastModified isNull="true" />
            <lastModifiedBy isNull="true" />
            <tenantId isNull="true" />
            <processItemId>2025.42e9280d-3e54-4b78-89e6-3aaafa172bdb</processItemId>
            <processId>1.defa1931-38b9-4440-8a6b-388dc586f680</processId>
            <name>Priprava SQL</name>
            <tWComponentName>Script</tWComponentName>
            <tWComponentId>3011.8ab23561-f797-4dd5-b165-9a2ec6c027e7</tWComponentId>
            <isLogEnabled>false</isLogEnabled>
            <isTraceEnabled>false</isTraceEnabled>
            <traceCategory isNull="true" />
            <traceLevel isNull="true" />
            <traceMessage isNull="true" />
            <traceSymbolTable isNull="true" />
            <isExecutionContextTraced>false</isExecutionContextTraced>
            <saveExecutionContext>false</saveExecutionContext>
            <documentation isNull="true" />
            <isErrorHandlerEnabled>false</isErrorHandlerEnabled>
            <errorHandlerItemId isNull="true" />
            <guid>guid:dfd4a22455700510:61d62793:187afff8af7:-49fd</guid>
            <versionId>53044a5b-4516-4cdb-aa3b-b5887dd94efa</versionId>
            <externalServiceRef isNull="true" />
            <externalServiceOp isNull="true" />
            <nodeColor isNull="true" />
            <processPrePosts>
                <lastModified isNull="true" />
                <lastModifiedBy isNull="true" />
                <tenantId isNull="true" />
                <processItemPrePostId>2029.b34c1551-57b2-41c1-8257-fcd804dfb298</processItemPrePostId>
                <processItemId>2025.42e9280d-3e54-4b78-89e6-3aaafa172bdb</processItemId>
                <location>1</location>
                <script isNull="true" />
                <guid>987550af-1655-41d4-b743-88ed42319364</guid>
                <versionId>662d7489-f35c-4e7d-8a40-158ff6d53283</versionId>
            </processPrePosts>
            <layoutData x="106" y="57">
                <errorLink>
                    <controlPoints />
                    <showEndState>false</showEndState>
                    <showName>false</showName>
                </errorLink>
            </layoutData>
            <TWComponent>
                <lastModified isNull="true" />
                <lastModifiedBy isNull="true" />
                <tenantId isNull="true" />
                <scriptId>3011.8ab23561-f797-4dd5-b165-9a2ec6c027e7</scriptId>
                <scriptTypeId>2</scriptTypeId>
                <isActive>true</isActive>
                <script>if(!tw.local.dokumentacijaOpravilo.kategorijeZavarovanja){&#xD;
	tw.local.dokumentacijaOpravilo.kategorijeZavarovanja = "9999999";&#xD;
}&#xD;
&#xD;
tw.local.sqlStatements = [];&#xD;
tw.local.sqlStatements[0] = {};&#xD;
tw.local.sqlStatements[0].sql = '\&#xD;
SELECT \&#xD;
	kd.id_katalog_dokumentacije idKatalogDokumentacije,\&#xD;
	td.id_tip_dokumenta idTipDokumenta,\&#xD;
	td.naziv_tipa_dokumenta nazivTipDokumenta,\&#xD;
	td_bc.id idTipDokumentaBC,\&#xD;
	td_bc.Naziv nazivTipDokumentaBC,\&#xD;
	ozn_bc.id idOznakaBC,\&#xD;
	ozn_bc.Naziv nazivOznakaBC,\&#xD;
	sd.id_skupina_dokumentacije idSkupinaDokumentacije,\&#xD;
	sd.naziv_skupina_dokumentacije nazivSkupinaDokumentacije,\&#xD;
	td.je_glavni jeGlavni,\&#xD;
	td.max_velikost_fajla maxVelikostDatoteke,\&#xD;
	kdm.pogoj,\&#xD;
	kd.id_dok_kat_pogoj idDokKatPogoj,\&#xD;
	kdf.id_format_dokumenta idFormatDokumenta,\&#xD;
	fd.naziv_format_dokumenta nazivFormatDokumenta,\&#xD;
	(CASE WHEN kd.id_dok_kat_pogoj = 1 OR kdm.obvezen IS NULL THEN kd.obvezen ELSE kdm.obvezen END) obvezen,\&#xD;
	kd.pogoj_obveznosti pogojObveznosti,\&#xD;
	NULL AS idStatusDokumenta,\&#xD;
	NULL AS nazivStatusDokumenta, \&#xD;
	kd.za_nalaganje zaNalaganje, \&#xD;
	kd.za_arhiviranje seArhivira \&#xD;
FROM kd.katalog_dokumentacije kd LEFT JOIN \&#xD;
		kd.sif_tip_dokumenta td ON td.id_tip_dokumenta = kd.id_tip_dokumenta LEFT JOIN \&#xD;
		cd.Sifarnik td_bc ON td_bc.id = td.id_tip_dokum_bc LEFT JOIN \&#xD;
		cd.Sifarnik ozn_bc ON ozn_bc.id = td.id_oznaka_bc LEFT JOIN \&#xD;
		kd.en_skupina_dokumentacije sd ON sd.id_skupina_dokumentacije = td.id_skupina_dokumentacije LEFT JOIN \&#xD;
		kd.katalog_dokumentacije_matrica kdm ON kdm.id_katalog_dokumentacije = kd.id_katalog_dokumentacije AND kd.id_dok_kat_pogoj IN (2,3,4,5) LEFT JOIN \&#xD;
		kd.katalog_dokumentacije_format kdf ON kdf.id_katalog_dokumentacije = kd.id_katalog_dokumentacije LEFT JOIN \&#xD;
		dbo.en_format_dokumenta fd ON fd.id_format_dokumenta = kdf.id_format_dokumenta \&#xD;
WHERE \&#xD;
	kd.je_aktiven = 1 AND \&#xD;
	kd.id_proces = 16 AND \&#xD;
	kd.ima_workflow = 0 AND \&#xD;
	((kd.id_dok_kat_pogoj = 1 OR kd.id_dok_kat_pogoj = 4) OR \&#xD;
	(kd.id_dok_kat_pogoj = 2 AND kdm.id_produktverzija = ?) OR \&#xD;
	(kd.id_dok_kat_pogoj = 3 AND kdm.id_kategorija_zavarov IN ('+tw.local.dokumentacijaOpravilo.kategorijeZavarovanja+')) OR \&#xD;
	(kd.id_dok_kat_pogoj = 5 AND kdm.id_produktverzija = ? AND kdm.id_kategorija_zavarov IN ('+tw.local.dokumentacijaOpravilo.kategorijeZavarovanja+'))) AND \&#xD;
	(sd.id_skupina_dokumentacije IN (1,2,5,7) AND kd.za_nalaganje = 1)\&#xD;
UNION ALL \&#xD;
SELECT  \&#xD;
	kd1.id_katalog_dokumentacije idKatalogDokumentacije,\&#xD;
	td1.id_tip_dokumenta idTipDokumenta,\&#xD;
	td1.naziv_tipa_dokumenta nazivTipDokumenta,\&#xD;
	td_bc1.id idTipDokumentaBC,\&#xD;
	td_bc1.Naziv nazivTipDokumentaBC,\&#xD;
	ozn_bc1.id idOznakaBC,\&#xD;
	ozn_bc1.Naziv nazivOznakaBC,\&#xD;
	sd1.id_skupina_dokumentacije idSkupinaDokumentacije,\&#xD;
	sd1.naziv_skupina_dokumentacije nazivSkupinaDokumentacije,\&#xD;
	td1.je_glavni jeGlavni,\&#xD;
	td1.max_velikost_fajla maxVelikostDatoteke,\&#xD;
	kdm1.pogoj,\&#xD;
	kd1.id_dok_kat_pogoj idDokKatPogoj,\&#xD;
	kdf1.id_format_dokumenta idFormatDokumenta,\&#xD;
	fd1.naziv_format_dokumenta nazivFormatDokumenta,\&#xD;
	kdw.obvezen obvezen,\&#xD;
	kdw.pogoj_obveznosti pogojObveznosti,\&#xD;
	kdw.id_status_dokumenta idStatusDokumenta,\&#xD;
	st_dok.naziv_status_dokumenta nazivStatusDokumenta, \&#xD;
	kdw.za_nalaganje zaNalaganje, \&#xD;
	kd1.za_arhiviranje seArhivira \&#xD;
FROM kd.katalog_dokumentacije kd1 LEFT JOIN \&#xD;
		kd.katalog_dokumentacije_workflow kdw ON kdw.id_katalog_dokumentacije = kd1.id_katalog_dokumentacije LEFT JOIN \&#xD;
		kd.sif_tip_dokumenta td1 ON td1.id_tip_dokumenta = kd1.id_tip_dokumenta LEFT JOIN \&#xD;
		cd.Sifarnik td_bc1 ON td_bc1.id = td1.id_tip_dokum_bc LEFT JOIN \&#xD;
		cd.Sifarnik ozn_bc1 ON ozn_bc1.id = td1.id_oznaka_bc LEFT JOIN \&#xD;
		kd.en_skupina_dokumentacije sd1 ON sd1.id_skupina_dokumentacije = td1.id_skupina_dokumentacije LEFT JOIN \&#xD;
		kd.katalog_dokumentacije_matrica kdm1 ON kdm1.id_katalog_dokumentacije = kd1.id_katalog_dokumentacije AND kd1.id_dok_kat_pogoj IN (2,3,4,5) LEFT JOIN \&#xD;
		kd.katalog_dokumentacije_format kdf1 ON kdf1.id_kat_dok_workflow = kdw.id_kat_dok_workflow LEFT JOIN \&#xD;
		dbo.en_format_dokumenta fd1 ON fd1.id_format_dokumenta = kdf1.id_format_dokumenta LEFT JOIN \&#xD;
		kd.en_status_dokumenta st_dok ON st_dok.id_status_dokumenta = kdw.id_status_dokumenta \&#xD;
WHERE \&#xD;
	kd1.je_aktiven = 1 AND \&#xD;
	kd1.id_proces = 16 AND \&#xD;
	kd1.ima_workflow = 1 AND \&#xD;
	kdw.id_opravilo = ? AND \&#xD;
	((kd1.id_dok_kat_pogoj = 1 OR kd1.id_dok_kat_pogoj = 4) OR \&#xD;
	(kd1.id_dok_kat_pogoj = 2 AND kdm1.id_produktverzija = ?) OR \&#xD;
	(kd1.id_dok_kat_pogoj = 3 AND kdm1.id_kategorija_zavarov IN ('+tw.local.dokumentacijaOpravilo.kategorijeZavarovanja+')) OR \&#xD;
	(kd1.id_dok_kat_pogoj = 5 AND kdm1.id_produktverzija = ? AND kdm1.id_kategorija_zavarov IN ('+tw.local.dokumentacijaOpravilo.kategorijeZavarovanja+'))) AND \&#xD;
	(sd1.id_skupina_dokumentacije IN (1,2,5,7) AND kdw.za_nalaganje = 1) \&#xD;
ORDER BY 1 ASC';&#xD;
&#xD;
tw.local.sqlStatements[0].parameters = [];&#xD;
newParametar(0,"NUMERIC",tw.local.dokumentacijaOpravilo.idProduktVerzija);//ID_PRODUKT_VERZIJA&#xD;
newParametar(0,"NUMERIC",tw.local.dokumentacijaOpravilo.idProduktVerzija);//ID_PRODUKT_VERZIJA&#xD;
newParametar(0,"NUMERIC",tw.local.dokumentacijaOpravilo.idOpravilo);//ID_OBDELAVA_OPRAVILO&#xD;
newParametar(0,"NUMERIC",tw.local.dokumentacijaOpravilo.idProduktVerzija);//ID_PRODUKT_VERZIJA&#xD;
newParametar(0,"NUMERIC",tw.local.dokumentacijaOpravilo.idProduktVerzija);//ID_PRODUKT_VERZIJA&#xD;
&#xD;
function newParametar(index,type,value,mode){&#xD;
	var parameter = new tw.object.SQLParameter();&#xD;
	parameter.mode = mode?mode:"IN";&#xD;
	parameter.type = type;&#xD;
	parameter.value = value;&#xD;
	tw.local.sqlStatements[index].parameters.insertIntoList(tw.local.sqlStatements[index].parameters.listLength, parameter);&#xD;
}</script>
                <isRule>false</isRule>
                <guid>7af0bba0-71fa-4705-a267-58a9120c688f</guid>
                <versionId>3b4736d7-5729-4885-827f-a2647f003907</versionId>
            </TWComponent>
        </item>
        <item>
            <lastModified isNull="true" />
            <lastModifiedBy isNull="true" />
            <tenantId isNull="true" />
            <processItemId>2025.26993b4b-f5e2-4cbd-89b7-d79542f9f15d</processItemId>
            <processId>1.defa1931-38b9-4440-8a6b-388dc586f680</processId>
            <name>End</name>
            <tWComponentName>ExitPoint</tWComponentName>
            <tWComponentId>3008.5419e4a6-c828-4d66-a353-91ad03ef5fcb</tWComponentId>
            <isLogEnabled>false</isLogEnabled>
            <isTraceEnabled>false</isTraceEnabled>
            <traceCategory isNull="true" />
            <traceLevel isNull="true" />
            <traceMessage isNull="true" />
            <traceSymbolTable isNull="true" />
            <isExecutionContextTraced>false</isExecutionContextTraced>
            <saveExecutionContext>true</saveExecutionContext>
            <documentation isNull="true" />
            <isErrorHandlerEnabled>false</isErrorHandlerEnabled>
            <errorHandlerItemId isNull="true" />
            <guid>guid:dfd4a22455700510:61d62793:187afff8af7:-4a28</guid>
            <versionId>a32dc11f-8f51-4fab-a42d-a549fc53728c</versionId>
            <externalServiceRef isNull="true" />
            <externalServiceOp isNull="true" />
            <nodeColor isNull="true" />
            <layoutData x="650" y="80">
                <errorLink>
                    <controlPoints />
                    <showEndState>false</showEndState>
                    <showName>false</showName>
                </errorLink>
            </layoutData>
            <TWComponent>
                <lastModified isNull="true" />
                <lastModifiedBy isNull="true" />
                <tenantId isNull="true" />
                <exitPointId>3008.5419e4a6-c828-4d66-a353-91ad03ef5fcb</exitPointId>
                <haltProcess>false</haltProcess>
                <guid>e9a20e21-9a7a-451c-9276-aefee7a5f42b</guid>
                <versionId>7a2a2f78-a772-42e6-ab89-5f66f7016ed3</versionId>
            </TWComponent>
        </item>
        <startingProcessItemId>2025.42e9280d-3e54-4b78-89e6-3aaafa172bdb</startingProcessItemId>
        <errorHandlerItemId isNull="true" />
        <layoutData noConversion="true">
            <errorLink>
                <controlPoints />
                <showEndState>false</showEndState>
                <showName>false</showName>
            </errorLink>
        </layoutData>
        <startPoint>
            <layoutData x="25" y="80">
                <errorLink>
                    <controlPoints />
                    <showEndState>false</showEndState>
                    <showName>false</showName>
                </errorLink>
            </layoutData>
        </startPoint>
        <startLink>
            <fromPort locationId="rightCenter" portType="1" />
            <toPort locationId="leftCenter" portType="2" />
            <layoutData>
                <controlPoints />
                <showEndState>false</showEndState>
                <showName>false</showName>
            </layoutData>
        </startLink>
        <bpmn2Model>
            <ns16:definitions xmlns:ns16="http://www.omg.org/spec/BPMN/20100524/MODEL" xmlns:ns2="http://www.ibm.com/xmlns/prod/bpm/bpmn/ext/trackinggroup" xmlns:ns3="http://www.ibm.com/xmlns/prod/bpm/bpmn/ext/process" xmlns:ns4="http://www.ibm.com/xmlns/prod/bpm/bpmn/ext/process/wle" xmlns:ns5="http://www.ibm.com/xmlns/prod/bpm/bpmn/ext/process/case" xmlns:ns6="http://www.ibm.com/bpm/Extensions" xmlns:ns7="http://www.ibm.com/xmlns/prod/bpm/uca" xmlns:ns8="http://www.ibm.com/xmlns/prod/bpm/bpmn/ext/team" xmlns:ns9="http://www.ibm.com/xmlns/bpmnx/20100524/v1/BusinessVocabulary" xmlns:ns10="http://www.omg.org/spec/DD/20100524/DI" xmlns:ns11="http://www.omg.org/spec/DD/20100524/DC" xmlns:ns12="http://www.omg.org/spec/BPMN/20100524/BPMNDI" xmlns:ns13="http://www.ibm.com/xmlns/prod/bpm/graph" xmlns:ns14="http://www.ibm.com/xmlns/prod/bpm/bpmn/ext/process/auth" xmlns:ns15="http://www.ibm.com/xmlns/prod/bpm/bpmn/ext/extservice" xmlns:ns17="http://www.ibm.com/bpm/processappsettings" xmlns:ns18="http://www.ibm.com/xmlns/links" xmlns:ns19="http://www.ibm.com/bpm/CoachDesignerNG" xmlns:ns20="http://www.ibm.com/xmlns/tagging" xmlns:ns21="http://www.ibm.com/bpm/uitheme" xmlns:ns22="http://www.ibm.com/bpm/coachview" targetNamespace="" expressionLanguage="http://www.ibm.com/xmlns/prod/bpm/expression-lang/javascript" typeLanguage="http://www.w3.org/2001/XMLSchema">
                <ns16:process name="Dokumentacija Servis SF" id="1.defa1931-38b9-4440-8a6b-388dc586f680" ns3:executionMode="microflow">
                    <ns16:documentation textFormat="text/plain" />
                    <ns16:extensionElements>
                        <ns3:sboSyncEnabled>true</ns3:sboSyncEnabled>
                        <ns3:isSecured>false</ns3:isSecured>
                        <ns3:isAjaxExposed>true</ns3:isAjaxExposed>
                    </ns16:extensionElements>
                    <ns16:ioSpecification>
                        <ns16:dataInput name="dokumentacijaOpravilo" itemSubjectRef="itm.12.cf0a8160-7a48-417e-b778-4445fffa788a" isCollection="false" id="2055.f4ec91e4-25c6-458f-8fd3-a33dfb02c122">
                            <ns16:extensionElements>
                                <ns3:defaultValue useDefault="true">var autoObject = new tw.object.DokumentacijaOpravilo_BO();
autoObject.tipDokumentovZaNalaganje = new tw.object.listOf.DokumentNKA_BO();
autoObject.tipDokumentovZaNalaganje[0] = new tw.object.DokumentNKA_BO();
autoObject.tipDokumentovZaNalaganje[0].dokumentId = "";
autoObject.tipDokumentovZaNalaganje[0].linkKDokumentu = "";
autoObject.tipDokumentovZaNalaganje[0].nazivDokumenta = "";
autoObject.tipDokumentovZaNalaganje[0].datumInCas = new TWDate();
autoObject.tipDokumentovZaNalaganje[0].idFormatUploadDocument = 0;
autoObject.tipDokumentovZaNalaganje[0].tipDokumenta = new tw.object.toolkit.CTCT.Sifrant_BO();
autoObject.tipDokumentovZaNalaganje[0].tipDokumenta.id = 0;
autoObject.tipDokumentovZaNalaganje[0].tipDokumenta.naziv = "";
autoObject.tipDokumentovZaNalaganje[0].tipDokumenta.koda = "";
autoObject.tipDokumentovZaNalaganje[0].oznakaBC = new tw.object.toolkit.CTCT.Sifrant_BO();
autoObject.tipDokumentovZaNalaganje[0].oznakaBC.id = 0;
autoObject.tipDokumentovZaNalaganje[0].oznakaBC.naziv = "";
autoObject.tipDokumentovZaNalaganje[0].oznakaBC.koda = "";
autoObject.tipDokumentovZaNalaganje[0].tipDokumentaBC = new tw.object.toolkit.CTCT.Sifrant_BO();
autoObject.tipDokumentovZaNalaganje[0].tipDokumentaBC.id = 0;
autoObject.tipDokumentovZaNalaganje[0].tipDokumentaBC.naziv = "";
autoObject.tipDokumentovZaNalaganje[0].tipDokumentaBC.koda = "";
autoObject.tipDokumentovZaNalaganje[0].skupinaDokumentov = new tw.object.toolkit.CTCT.Sifrant_BO();
autoObject.tipDokumentovZaNalaganje[0].skupinaDokumentov.id = 0;
autoObject.tipDokumentovZaNalaganje[0].skupinaDokumentov.naziv = "";
autoObject.tipDokumentovZaNalaganje[0].skupinaDokumentov.koda = "";
autoObject.tipDokumentovZaNalaganje[0].statusDokumenta = new tw.object.toolkit.CTCT.Sifrant_BO();
autoObject.tipDokumentovZaNalaganje[0].statusDokumenta.id = 0;
autoObject.tipDokumentovZaNalaganje[0].statusDokumenta.naziv = "";
autoObject.tipDokumentovZaNalaganje[0].statusDokumenta.koda = "";
autoObject.tipDokumentovZaNalaganje[0].template = "";
autoObject.tipDokumentovZaNalaganje[0].seArhivira = "";
autoObject.tipDokumentovZaNalaganje[0].jeGlavni = "";
autoObject.tipDokumentovZaNalaganje[0].nalozilUporabnik = "";
autoObject.tipDokumentovZaNalaganje[0].status = "";
autoObject.tipDokumentovZaNalaganje[0].izbraniIndeks = 0;
autoObject.tipDokumentovZaNalaganje[0].izbrisiDokument = "";
autoObject.tipDokumentovZaNalaganje[0].noviDokument = "";
autoObject.tipDokumentovZaNalaganje[0].idOpravilo = 0;
autoObject.tipDokumentovZaNalaganje[0].dovoljeniFormatiDokumenta = new tw.object.listOf.toolkit.CTCT.Sifrant_BO();
autoObject.tipDokumentovZaNalaganje[0].dovoljeniFormatiDokumenta[0] = new tw.object.toolkit.CTCT.Sifrant_BO();
autoObject.tipDokumentovZaNalaganje[0].dovoljeniFormatiDokumenta[0].id = 0;
autoObject.tipDokumentovZaNalaganje[0].dovoljeniFormatiDokumenta[0].naziv = "";
autoObject.tipDokumentovZaNalaganje[0].dovoljeniFormatiDokumenta[0].koda = "";
autoObject.tipDokumentovZaNalaganje[0].idKatalogDokumentacije = 0;
autoObject.tipDokumentovZaNalaganje[0].maxVelikostDatoteke = 0;
autoObject.tipDokumentovZaNalaganje[0].obvezen = 0;
autoObject.tipDokumentovZaNalaganje[0].pogojObveznosti = "";
autoObject.tipDokumentovZaNalaganje[0].idDokKatPogoj = 0;
autoObject.tipDokumentovZaNalaganje[0].dokKatPogoj = "";
autoObject.izbraniDokument = new tw.object.DokumentNKA_BO();
autoObject.izbraniDokument.dokumentId = "";
autoObject.izbraniDokument.linkKDokumentu = "";
autoObject.izbraniDokument.nazivDokumenta = "";
autoObject.izbraniDokument.datumInCas = new TWDate();
autoObject.izbraniDokument.idFormatUploadDocument = 0;
autoObject.izbraniDokument.tipDokumenta = new tw.object.toolkit.CTCT.Sifrant_BO();
autoObject.izbraniDokument.tipDokumenta.id = 0;
autoObject.izbraniDokument.tipDokumenta.naziv = "";
autoObject.izbraniDokument.tipDokumenta.koda = "";
autoObject.izbraniDokument.oznakaBC = new tw.object.toolkit.CTCT.Sifrant_BO();
autoObject.izbraniDokument.oznakaBC.id = 0;
autoObject.izbraniDokument.oznakaBC.naziv = "";
autoObject.izbraniDokument.oznakaBC.koda = "";
autoObject.izbraniDokument.tipDokumentaBC = new tw.object.toolkit.CTCT.Sifrant_BO();
autoObject.izbraniDokument.tipDokumentaBC.id = 0;
autoObject.izbraniDokument.tipDokumentaBC.naziv = "";
autoObject.izbraniDokument.tipDokumentaBC.koda = "";
autoObject.izbraniDokument.skupinaDokumentov = new tw.object.toolkit.CTCT.Sifrant_BO();
autoObject.izbraniDokument.skupinaDokumentov.id = 0;
autoObject.izbraniDokument.skupinaDokumentov.naziv = "";
autoObject.izbraniDokument.skupinaDokumentov.koda = "";
autoObject.izbraniDokument.statusDokumenta = new tw.object.toolkit.CTCT.Sifrant_BO();
autoObject.izbraniDokument.statusDokumenta.id = 0;
autoObject.izbraniDokument.statusDokumenta.naziv = "";
autoObject.izbraniDokument.statusDokumenta.koda = "";
autoObject.izbraniDokument.template = "";
autoObject.izbraniDokument.seArhivira = "";
autoObject.izbraniDokument.jeGlavni = "";
autoObject.izbraniDokument.nalozilUporabnik = "";
autoObject.izbraniDokument.status = "";
autoObject.izbraniDokument.izbraniIndeks = 0;
autoObject.izbraniDokument.izbrisiDokument = "";
autoObject.izbraniDokument.noviDokument = "";
autoObject.izbraniDokument.idOpravilo = 0;
autoObject.izbraniDokument.dovoljeniFormatiDokumenta = new tw.object.listOf.toolkit.CTCT.Sifrant_BO();
autoObject.izbraniDokument.dovoljeniFormatiDokumenta[0] = new tw.object.toolkit.CTCT.Sifrant_BO();
autoObject.izbraniDokument.dovoljeniFormatiDokumenta[0].id = 0;
autoObject.izbraniDokument.dovoljeniFormatiDokumenta[0].naziv = "";
autoObject.izbraniDokument.dovoljeniFormatiDokumenta[0].koda = "";
autoObject.izbraniDokument.idKatalogDokumentacije = 0;
autoObject.izbraniDokument.maxVelikostDatoteke = 0;
autoObject.izbraniDokument.obvezen = 0;
autoObject.izbraniDokument.pogojObveznosti = "";
autoObject.izbraniDokument.idDokKatPogoj = 0;
autoObject.izbraniDokument.dokKatPogoj = "";
&#xD;
autoObject.kategorijeZavarovanja = "";&#xD;
autoObject.idOpravilo = 48;&#xD;
autoObject.idProduktVerzija = 2;
autoObject</ns3:defaultValue>
                            </ns16:extensionElements>
                        </ns16:dataInput>
                        <ns16:dataOutput name="tipDokumentovZaNalaganje" itemSubjectRef="itm.12.cbd7f922-6dcc-4060-813c-0a99f04ec232" isCollection="true" id="2055.878257ad-842c-40dc-8da6-6ffc1804aec3" />
                        <ns16:inputSet>
                            <ns16:dataInputRefs>2055.f4ec91e4-25c6-458f-8fd3-a33dfb02c122</ns16:dataInputRefs>
                        </ns16:inputSet>
                        <ns16:outputSet>
                            <ns16:dataOutputRefs>2055.878257ad-842c-40dc-8da6-6ffc1804aec3</ns16:dataOutputRefs>
                        </ns16:outputSet>
                    </ns16:ioSpecification>
                    <ns16:laneSet id="bf4faf47-865a-4641-8736-301c7c27a19a">
                        <ns16:lane name="System" partitionElementRef="24.6fd38d02-81cf-48ab-bd42-8ff4c0a1628b" id="1cfdceaf-2f46-449f-8b7f-07b1ed1eac52" ns4:isSystemLane="true">
                            <ns16:extensionElements>
                                <ns13:nodeVisualInfo x="0" y="0" width="3000" height="500" color="#F8F8F8" />
                            </ns16:extensionElements>
                            <ns16:flowNodeRef>3b325e7a-408c-452d-8c2f-ea8f8dfb7c08</ns16:flowNodeRef>
                            <ns16:flowNodeRef>26993b4b-f5e2-4cbd-89b7-d79542f9f15d</ns16:flowNodeRef>
                            <ns16:flowNodeRef>1ff1f5a4-43f7-48cf-8048-cc5858f7ecd6</ns16:flowNodeRef>
                            <ns16:flowNodeRef>42e9280d-3e54-4b78-89e6-3aaafa172bdb</ns16:flowNodeRef>
                            <ns16:flowNodeRef>8df60a9a-d447-47da-8a08-c6e74a1e6d68</ns16:flowNodeRef>
                        </ns16:lane>
                    </ns16:laneSet>
                    <ns16:startEvent isInterrupting="false" parallelMultiple="false" name="Start" id="3b325e7a-408c-452d-8c2f-ea8f8dfb7c08">
                        <ns16:extensionElements>
                            <ns13:nodeVisualInfo x="25" y="80" width="24" height="24" color="#F8F8F8" />
                        </ns16:extensionElements>
                        <ns16:outgoing>2027.c33dbf30-c8fe-4e92-81c8-d594c91dcf80</ns16:outgoing>
                    </ns16:startEvent>
                    <ns16:endEvent name="End" id="26993b4b-f5e2-4cbd-89b7-d79542f9f15d">
                        <ns16:extensionElements>
                            <ns13:nodeVisualInfo x="650" y="80" width="24" height="24" color="#F8F8F8" />
                            <ns4:saveExecutionContext>true</ns4:saveExecutionContext>
                            <ns3:endStateId>guid:dfd4a22455700510:61d62793:187afff8af7:-4a28</ns3:endStateId>
                        </ns16:extensionElements>
                        <ns16:incoming>a7b5078f-5896-456a-8d42-aa04a462d803</ns16:incoming>
                    </ns16:endEvent>
                    <ns16:sequenceFlow sourceRef="3b325e7a-408c-452d-8c2f-ea8f8dfb7c08" targetRef="42e9280d-3e54-4b78-89e6-3aaafa172bdb" name="To Priprava SQL" id="2027.c33dbf30-c8fe-4e92-81c8-d594c91dcf80">
                        <ns16:extensionElements>
                            <ns13:linkVisualInfo>
                                <ns13:sourcePortLocation>rightCenter</ns13:sourcePortLocation>
                                <ns13:targetPortLocation>leftCenter</ns13:targetPortLocation>
                                <ns13:showLabel>false</ns13:showLabel>
                                <ns13:showCoachControlLabel>false</ns13:showCoachControlLabel>
                                <ns13:labelPosition>0.0</ns13:labelPosition>
                                <ns13:saveExecutionContext>false</ns13:saveExecutionContext>
                            </ns13:linkVisualInfo>
                        </ns16:extensionElements>
                    </ns16:sequenceFlow>
                    <ns16:callActivity calledElement="1.012e1a27-1a81-4e0e-97d9-8a2d8976dda7" name="Izvedba SQL" id="1ff1f5a4-43f7-48cf-8048-cc5858f7ecd6">
                        <ns16:extensionElements>
                            <ns13:nodeVisualInfo x="291" y="57" width="95" height="70" />
                            <ns4:activityType>CalledProcess</ns4:activityType>
                            <ns3:preAssignmentScript />
                        </ns16:extensionElements>
                        <ns16:incoming>e7198669-fe70-4fc6-880e-89c2ab81055b</ns16:incoming>
                        <ns16:outgoing>22459615-201a-42b5-8264-8de051c50f07</ns16:outgoing>
                        <ns16:dataInputAssociation>
                            <ns16:targetRef>2055.9695b715-db44-410b-8a74-65cf1d31d8ab</ns16:targetRef>
                            <ns16:assignment>
                                <ns16:from xmlns:xsi="http://www.w3.org/2001/XMLSchema-instance" xsi:type="ns16:tFormalExpression" evaluatesToTypeRef="itm.12.3990d8b4-983d-4250-bd06-3600f527fed0">tw.local.sqlStatements</ns16:from>
                            </ns16:assignment>
                        </ns16:dataInputAssociation>
                        <ns16:dataInputAssociation>
                            <ns16:targetRef>2055.a634f531-c979-476c-91db-a17bf5e55c90</ns16:targetRef>
                            <ns16:assignment>
                                <ns16:from xmlns:xsi="http://www.w3.org/2001/XMLSchema-instance" xsi:type="ns16:tFormalExpression" evaluatesToTypeRef="itm.12.c09c9b6e-aabd-4897-bef2-ed61db106297">tw.env.SQL_VIR</ns16:from>
                            </ns16:assignment>
                        </ns16:dataInputAssociation>
                        <ns16:dataOutputAssociation>
                            <ns16:sourceRef>2055.921cdfd7-ed55-4dca-a71d-e4401a90c57e</ns16:sourceRef>
                            <ns16:assignment>
                                <ns16:to xmlns:xsi="http://www.w3.org/2001/XMLSchema-instance" xsi:type="ns16:tFormalExpression" evaluatesToTypeRef="itm.12.3b1e3757-a1f4-4c3f-bbb8-16fecd4d65c1">tw.local.results</ns16:to>
                            </ns16:assignment>
                        </ns16:dataOutputAssociation>
                    </ns16:callActivity>
                    <ns16:sequenceFlow sourceRef="1ff1f5a4-43f7-48cf-8048-cc5858f7ecd6" targetRef="8df60a9a-d447-47da-8a08-c6e74a1e6d68" name="To Rezultati SQL" id="22459615-201a-42b5-8264-8de051c50f07">
                        <ns16:extensionElements>
                            <ns3:sequenceFlowImplementation sboSyncEnabled="true" />
                            <ns13:linkVisualInfo>
                                <ns13:sourcePortLocation>rightCenter</ns13:sourcePortLocation>
                                <ns13:targetPortLocation>leftCenter</ns13:targetPortLocation>
                                <ns13:showLabel>false</ns13:showLabel>
                                <ns13:showCoachControlLabel>false</ns13:showCoachControlLabel>
                                <ns13:labelPosition>0.0</ns13:labelPosition>
                                <ns13:saveExecutionContext>true</ns13:saveExecutionContext>
                            </ns13:linkVisualInfo>
                            <ns3:endStateId>guid:b5ffa6577ed3a684:-4e3a2174:115951f71d3:-7fe8</ns3:endStateId>
                        </ns16:extensionElements>
                    </ns16:sequenceFlow>
                    <ns16:dataObject itemSubjectRef="itm.12.3b1e3757-a1f4-4c3f-bbb8-16fecd4d65c1" isCollection="true" name="results" id="2056.0ebf33da-2eb2-4149-85e3-4cab34f0c4df" />
                    <ns16:dataObject itemSubjectRef="itm.12.3990d8b4-983d-4250-bd06-3600f527fed0" isCollection="true" name="sqlStatements" id="2056.3dfe8425-70d4-4528-8898-df2bb987f023" />
                    <ns16:scriptTask scriptFormat="text/x-javascript" name="Priprava SQL" id="42e9280d-3e54-4b78-89e6-3aaafa172bdb">
                        <ns16:extensionElements>
                            <ns13:nodeVisualInfo x="106" y="57" width="95" height="70" />
                            <ns3:preAssignmentScript />
                        </ns16:extensionElements>
                        <ns16:incoming>2027.c33dbf30-c8fe-4e92-81c8-d594c91dcf80</ns16:incoming>
                        <ns16:outgoing>e7198669-fe70-4fc6-880e-89c2ab81055b</ns16:outgoing>
                        <ns16:script>if(!tw.local.dokumentacijaOpravilo.kategorijeZavarovanja){&#xD;
	tw.local.dokumentacijaOpravilo.kategorijeZavarovanja = "9999999";&#xD;
}&#xD;
&#xD;
tw.local.sqlStatements = [];&#xD;
tw.local.sqlStatements[0] = {};&#xD;
tw.local.sqlStatements[0].sql = '\&#xD;
SELECT \&#xD;
	kd.id_katalog_dokumentacije idKatalogDokumentacije,\&#xD;
	td.id_tip_dokumenta idTipDokumenta,\&#xD;
	td.naziv_tipa_dokumenta nazivTipDokumenta,\&#xD;
	td_bc.id idTipDokumentaBC,\&#xD;
	td_bc.Naziv nazivTipDokumentaBC,\&#xD;
	ozn_bc.id idOznakaBC,\&#xD;
	ozn_bc.Naziv nazivOznakaBC,\&#xD;
	sd.id_skupina_dokumentacije idSkupinaDokumentacije,\&#xD;
	sd.naziv_skupina_dokumentacije nazivSkupinaDokumentacije,\&#xD;
	td.je_glavni jeGlavni,\&#xD;
	td.max_velikost_fajla maxVelikostDatoteke,\&#xD;
	kdm.pogoj,\&#xD;
	kd.id_dok_kat_pogoj idDokKatPogoj,\&#xD;
	kdf.id_format_dokumenta idFormatDokumenta,\&#xD;
	fd.naziv_format_dokumenta nazivFormatDokumenta,\&#xD;
	(CASE WHEN kd.id_dok_kat_pogoj = 1 OR kdm.obvezen IS NULL THEN kd.obvezen ELSE kdm.obvezen END) obvezen,\&#xD;
	kd.pogoj_obveznosti pogojObveznosti,\&#xD;
	NULL AS idStatusDokumenta,\&#xD;
	NULL AS nazivStatusDokumenta, \&#xD;
	kd.za_nalaganje zaNalaganje, \&#xD;
	kd.za_arhiviranje seArhivira \&#xD;
FROM kd.katalog_dokumentacije kd LEFT JOIN \&#xD;
		kd.sif_tip_dokumenta td ON td.id_tip_dokumenta = kd.id_tip_dokumenta LEFT JOIN \&#xD;
		cd.Sifarnik td_bc ON td_bc.id = td.id_tip_dokum_bc LEFT JOIN \&#xD;
		cd.Sifarnik ozn_bc ON ozn_bc.id = td.id_oznaka_bc LEFT JOIN \&#xD;
		kd.en_skupina_dokumentacije sd ON sd.id_skupina_dokumentacije = td.id_skupina_dokumentacije LEFT JOIN \&#xD;
		kd.katalog_dokumentacije_matrica kdm ON kdm.id_katalog_dokumentacije = kd.id_katalog_dokumentacije AND kd.id_dok_kat_pogoj IN (2,3,4,5) LEFT JOIN \&#xD;
		kd.katalog_dokumentacije_format kdf ON kdf.id_katalog_dokumentacije = kd.id_katalog_dokumentacije LEFT JOIN \&#xD;
		dbo.en_format_dokumenta fd ON fd.id_format_dokumenta = kdf.id_format_dokumenta \&#xD;
WHERE \&#xD;
	kd.je_aktiven = 1 AND \&#xD;
	kd.id_proces = 16 AND \&#xD;
	kd.ima_workflow = 0 AND \&#xD;
	((kd.id_dok_kat_pogoj = 1 OR kd.id_dok_kat_pogoj = 4) OR \&#xD;
	(kd.id_dok_kat_pogoj = 2 AND kdm.id_produktverzija = ?) OR \&#xD;
	(kd.id_dok_kat_pogoj = 3 AND kdm.id_kategorija_zavarov IN ('+tw.local.dokumentacijaOpravilo.kategorijeZavarovanja+')) OR \&#xD;
	(kd.id_dok_kat_pogoj = 5 AND kdm.id_produktverzija = ? AND kdm.id_kategorija_zavarov IN ('+tw.local.dokumentacijaOpravilo.kategorijeZavarovanja+'))) AND \&#xD;
	(sd.id_skupina_dokumentacije IN (1,2,5,7) AND kd.za_nalaganje = 1)\&#xD;
UNION ALL \&#xD;
SELECT  \&#xD;
	kd1.id_katalog_dokumentacije idKatalogDokumentacije,\&#xD;
	td1.id_tip_dokumenta idTipDokumenta,\&#xD;
	td1.naziv_tipa_dokumenta nazivTipDokumenta,\&#xD;
	td_bc1.id idTipDokumentaBC,\&#xD;
	td_bc1.Naziv nazivTipDokumentaBC,\&#xD;
	ozn_bc1.id idOznakaBC,\&#xD;
	ozn_bc1.Naziv nazivOznakaBC,\&#xD;
	sd1.id_skupina_dokumentacije idSkupinaDokumentacije,\&#xD;
	sd1.naziv_skupina_dokumentacije nazivSkupinaDokumentacije,\&#xD;
	td1.je_glavni jeGlavni,\&#xD;
	td1.max_velikost_fajla maxVelikostDatoteke,\&#xD;
	kdm1.pogoj,\&#xD;
	kd1.id_dok_kat_pogoj idDokKatPogoj,\&#xD;
	kdf1.id_format_dokumenta idFormatDokumenta,\&#xD;
	fd1.naziv_format_dokumenta nazivFormatDokumenta,\&#xD;
	kdw.obvezen obvezen,\&#xD;
	kdw.pogoj_obveznosti pogojObveznosti,\&#xD;
	kdw.id_status_dokumenta idStatusDokumenta,\&#xD;
	st_dok.naziv_status_dokumenta nazivStatusDokumenta, \&#xD;
	kdw.za_nalaganje zaNalaganje, \&#xD;
	kd1.za_arhiviranje seArhivira \&#xD;
FROM kd.katalog_dokumentacije kd1 LEFT JOIN \&#xD;
		kd.katalog_dokumentacije_workflow kdw ON kdw.id_katalog_dokumentacije = kd1.id_katalog_dokumentacije LEFT JOIN \&#xD;
		kd.sif_tip_dokumenta td1 ON td1.id_tip_dokumenta = kd1.id_tip_dokumenta LEFT JOIN \&#xD;
		cd.Sifarnik td_bc1 ON td_bc1.id = td1.id_tip_dokum_bc LEFT JOIN \&#xD;
		cd.Sifarnik ozn_bc1 ON ozn_bc1.id = td1.id_oznaka_bc LEFT JOIN \&#xD;
		kd.en_skupina_dokumentacije sd1 ON sd1.id_skupina_dokumentacije = td1.id_skupina_dokumentacije LEFT JOIN \&#xD;
		kd.katalog_dokumentacije_matrica kdm1 ON kdm1.id_katalog_dokumentacije = kd1.id_katalog_dokumentacije AND kd1.id_dok_kat_pogoj IN (2,3,4,5) LEFT JOIN \&#xD;
		kd.katalog_dokumentacije_format kdf1 ON kdf1.id_kat_dok_workflow = kdw.id_kat_dok_workflow LEFT JOIN \&#xD;
		dbo.en_format_dokumenta fd1 ON fd1.id_format_dokumenta = kdf1.id_format_dokumenta LEFT JOIN \&#xD;
		kd.en_status_dokumenta st_dok ON st_dok.id_status_dokumenta = kdw.id_status_dokumenta \&#xD;
WHERE \&#xD;
	kd1.je_aktiven = 1 AND \&#xD;
	kd1.id_proces = 16 AND \&#xD;
	kd1.ima_workflow = 1 AND \&#xD;
	kdw.id_opravilo = ? AND \&#xD;
	((kd1.id_dok_kat_pogoj = 1 OR kd1.id_dok_kat_pogoj = 4) OR \&#xD;
	(kd1.id_dok_kat_pogoj = 2 AND kdm1.id_produktverzija = ?) OR \&#xD;
	(kd1.id_dok_kat_pogoj = 3 AND kdm1.id_kategorija_zavarov IN ('+tw.local.dokumentacijaOpravilo.kategorijeZavarovanja+')) OR \&#xD;
	(kd1.id_dok_kat_pogoj = 5 AND kdm1.id_produktverzija = ? AND kdm1.id_kategorija_zavarov IN ('+tw.local.dokumentacijaOpravilo.kategorijeZavarovanja+'))) AND \&#xD;
	(sd1.id_skupina_dokumentacije IN (1,2,5,7) AND kdw.za_nalaganje = 1) \&#xD;
ORDER BY 1 ASC';&#xD;
&#xD;
tw.local.sqlStatements[0].parameters = [];&#xD;
newParametar(0,"NUMERIC",tw.local.dokumentacijaOpravilo.idProduktVerzija);//ID_PRODUKT_VERZIJA&#xD;
newParametar(0,"NUMERIC",tw.local.dokumentacijaOpravilo.idProduktVerzija);//ID_PRODUKT_VERZIJA&#xD;
newParametar(0,"NUMERIC",tw.local.dokumentacijaOpravilo.idOpravilo);//ID_OBDELAVA_OPRAVILO&#xD;
newParametar(0,"NUMERIC",tw.local.dokumentacijaOpravilo.idProduktVerzija);//ID_PRODUKT_VERZIJA&#xD;
newParametar(0,"NUMERIC",tw.local.dokumentacijaOpravilo.idProduktVerzija);//ID_PRODUKT_VERZIJA&#xD;
&#xD;
function newParametar(index,type,value,mode){&#xD;
	var parameter = new tw.object.SQLParameter();&#xD;
	parameter.mode = mode?mode:"IN";&#xD;
	parameter.type = type;&#xD;
	parameter.value = value;&#xD;
	tw.local.sqlStatements[index].parameters.insertIntoList(tw.local.sqlStatements[index].parameters.listLength, parameter);&#xD;
}</ns16:script>
                    </ns16:scriptTask>
                    <ns16:sequenceFlow sourceRef="42e9280d-3e54-4b78-89e6-3aaafa172bdb" targetRef="1ff1f5a4-43f7-48cf-8048-cc5858f7ecd6" name="To Izvedba SQL" id="e7198669-fe70-4fc6-880e-89c2ab81055b">
                        <ns16:extensionElements>
                            <ns13:linkVisualInfo>
                                <ns13:sourcePortLocation>rightCenter</ns13:sourcePortLocation>
                                <ns13:targetPortLocation>leftCenter</ns13:targetPortLocation>
                                <ns13:showLabel>false</ns13:showLabel>
                                <ns13:showCoachControlLabel>false</ns13:showCoachControlLabel>
                                <ns13:labelPosition>0.0</ns13:labelPosition>
                                <ns13:saveExecutionContext>false</ns13:saveExecutionContext>
                            </ns13:linkVisualInfo>
                        </ns16:extensionElements>
                    </ns16:sequenceFlow>
                    <ns16:scriptTask scriptFormat="text/x-javascript" name="Rezultati SQL" id="8df60a9a-d447-47da-8a08-c6e74a1e6d68">
                        <ns16:extensionElements>
                            <ns13:nodeVisualInfo x="453" y="57" width="95" height="70" />
                        </ns16:extensionElements>
                        <ns16:incoming>22459615-201a-42b5-8264-8de051c50f07</ns16:incoming>
                        <ns16:outgoing>a7b5078f-5896-456a-8d42-aa04a462d803</ns16:outgoing>
                        <ns16:script>&#xD;
tw.local.tipDokumentovZaNalaganje = [];&#xD;
for (var i=0; i&lt;tw.local.results[0].rows.length; i++) {&#xD;
	var indexTipDok = tw.local.tipDokumentovZaNalaganje.listLength;&#xD;
	if(indexTipDok != 0 &amp;&amp; tw.local.tipDokumentovZaNalaganje[indexTipDok-1].idKatalogDokumentacije == tw.local.results[0].rows[i].indexedMap.idKatalogDokumentacije){&#xD;
		indexTipDok = indexTipDok-1;&#xD;
	}&#xD;
	&#xD;
	if(tw.local.results[0].rows[i].indexedMap.zaNalaganje){&#xD;
		if(!tw.local.tipDokumentovZaNalaganje[indexTipDok]){&#xD;
			tw.local.tipDokumentovZaNalaganje[indexTipDok] = {};&#xD;
		}&#xD;
		tw.local.tipDokumentovZaNalaganje[indexTipDok].idKatalogDokumentacije = tw.local.results[0].rows[i].indexedMap.idKatalogDokumentacije;&#xD;
		tw.local.tipDokumentovZaNalaganje[indexTipDok].tipDokumenta = {};&#xD;
		tw.local.tipDokumentovZaNalaganje[indexTipDok].tipDokumenta.id = tw.local.results[0].rows[i].indexedMap.idTipDokumenta;&#xD;
		tw.local.tipDokumentovZaNalaganje[indexTipDok].tipDokumenta.naziv = tw.local.results[0].rows[i].indexedMap.nazivTipDokumenta;&#xD;
		tw.local.tipDokumentovZaNalaganje[indexTipDok].tipDokumentaBC = {};&#xD;
		tw.local.tipDokumentovZaNalaganje[indexTipDok].tipDokumentaBC.id = tw.local.results[0].rows[i].indexedMap.idTipDokumentaBC;&#xD;
		tw.local.tipDokumentovZaNalaganje[indexTipDok].tipDokumentaBC.naziv = tw.local.results[0].rows[i].indexedMap.nazivTipDokumentaBC;&#xD;
		tw.local.tipDokumentovZaNalaganje[indexTipDok].oznakaBC = {};&#xD;
		tw.local.tipDokumentovZaNalaganje[indexTipDok].oznakaBC.id = tw.local.results[0].rows[i].indexedMap.idOznakaBC;&#xD;
		tw.local.tipDokumentovZaNalaganje[indexTipDok].oznakaBC.naziv = tw.local.results[0].rows[i].indexedMap.nazivOznakaBC;&#xD;
		tw.local.tipDokumentovZaNalaganje[indexTipDok].skupinaDokumentov = {};&#xD;
		tw.local.tipDokumentovZaNalaganje[indexTipDok].skupinaDokumentov.id = tw.local.results[0].rows[i].indexedMap.idSkupinaDokumentacije;&#xD;
		tw.local.tipDokumentovZaNalaganje[indexTipDok].skupinaDokumentov.naziv = tw.local.results[0].rows[i].indexedMap.nazivSkupinaDokumentacije;&#xD;
		tw.local.tipDokumentovZaNalaganje[indexTipDok].jeGlavni = tw.local.results[0].rows[i].indexedMap.jeGlavni?'1':'0';&#xD;
		tw.local.tipDokumentovZaNalaganje[indexTipDok].seArhivira = tw.local.results[0].rows[i].indexedMap.jeGlavni?'1':'0';&#xD;
		tw.local.tipDokumentovZaNalaganje[indexTipDok].maxVelikostDatoteke = tw.local.results[0].rows[i].indexedMap.maxVelikostDatoteke;&#xD;
		tw.local.tipDokumentovZaNalaganje[indexTipDok].obvezen = tw.local.results[0].rows[i].indexedMap.obvezen;&#xD;
		tw.local.tipDokumentovZaNalaganje[indexTipDok].pogojObveznosti = tw.local.results[0].rows[i].indexedMap.pogojObveznosti;&#xD;
		tw.local.tipDokumentovZaNalaganje[indexTipDok].maxVelikostDatoteke = tw.local.results[0].rows[i].indexedMap.maxVelikostDatoteke;&#xD;
		tw.local.tipDokumentovZaNalaganje[indexTipDok].idDokKatPogoj = tw.local.results[0].rows[i].indexedMap.idDokKatPogoj;&#xD;
		tw.local.tipDokumentovZaNalaganje[indexTipDok].dokKatPogoj = tw.local.results[0].rows[i].indexedMap.pogoj;&#xD;
		tw.local.tipDokumentovZaNalaganje[indexTipDok].statusDokumenta = {};&#xD;
		tw.local.tipDokumentovZaNalaganje[indexTipDok].statusDokumenta.id = tw.local.results[0].rows[i].indexedMap.idStatusDokumenta;&#xD;
		tw.local.tipDokumentovZaNalaganje[indexTipDok].statusDokumenta.naziv = tw.local.results[0].rows[i].indexedMap.nazivStatusDokumenta;&#xD;
		&#xD;
		if(!tw.local.tipDokumentovZaNalaganje[indexTipDok].dovoljeniFormatiDokumenta){&#xD;
			tw.local.tipDokumentovZaNalaganje[indexTipDok].dovoljeniFormatiDokumenta = [];&#xD;
		}&#xD;
		var indexFormat = tw.local.tipDokumentovZaNalaganje[indexTipDok].dovoljeniFormatiDokumenta.listLength;&#xD;
		tw.local.tipDokumentovZaNalaganje[indexTipDok].dovoljeniFormatiDokumenta[indexFormat] = {};&#xD;
		tw.local.tipDokumentovZaNalaganje[indexTipDok].dovoljeniFormatiDokumenta[indexFormat].id = tw.local.results[0].rows[i].indexedMap.idFormatDokumenta;&#xD;
		tw.local.tipDokumentovZaNalaganje[indexTipDok].dovoljeniFormatiDokumenta[indexFormat].naziv = tw.local.results[0].rows[i].indexedMap.nazivFormatDokumenta;&#xD;
		tw.local.tipDokumentovZaNalaganje[indexTipDok].idTipDokumenta = tw.local.results[0].rows[i].indexedMap.idTipDokumenta;&#xD;
		tw.local.tipDokumentovZaNalaganje[indexTipDok].nazivTipDokumenta = tw.local.results[0].rows[i].indexedMap.nazivTipDokumenta + (tw.local.tipDokumentovZaNalaganje[indexTipDok].obvezen == 1?"*":"");&#xD;
		&#xD;
	}&#xD;
}</ns16:script>
                    </ns16:scriptTask>
                    <ns16:sequenceFlow sourceRef="8df60a9a-d447-47da-8a08-c6e74a1e6d68" targetRef="26993b4b-f5e2-4cbd-89b7-d79542f9f15d" name="To End" id="a7b5078f-5896-456a-8d42-aa04a462d803">
                        <ns16:extensionElements>
                            <ns3:sequenceFlowImplementation sboSyncEnabled="true" />
                            <ns13:linkVisualInfo>
                                <ns13:sourcePortLocation>rightCenter</ns13:sourcePortLocation>
                                <ns13:targetPortLocation>leftCenter</ns13:targetPortLocation>
                                <ns13:showLabel>false</ns13:showLabel>
                                <ns13:showCoachControlLabel>false</ns13:showCoachControlLabel>
                                <ns13:labelPosition>0.0</ns13:labelPosition>
                                <ns13:saveExecutionContext>true</ns13:saveExecutionContext>
                            </ns13:linkVisualInfo>
                        </ns16:extensionElements>
                    </ns16:sequenceFlow>
                </ns16:process>
            </ns16:definitions>
        </bpmn2Model>
        <link name="To End">
            <lastModified isNull="true" />
            <lastModifiedBy isNull="true" />
            <tenantId isNull="true" />
            <processLinkId>2027.a7b5078f-5896-456a-8d42-aa04a462d803</processLinkId>
            <processId>1.defa1931-38b9-4440-8a6b-388dc586f680</processId>
            <description isNull="true" />
            <fromProcessItemId>2025.8df60a9a-d447-47da-8a08-c6e74a1e6d68</fromProcessItemId>
            <endStateId>Out</endStateId>
            <toProcessItemId>2025.26993b4b-f5e2-4cbd-89b7-d79542f9f15d</toProcessItemId>
            <guid>5d5bfeba-9bda-4043-bd1f-75b15b128a29</guid>
            <versionId>2b07f1d0-dc46-489d-9500-5181df60e4bd</versionId>
            <layoutData>
                <controlPoints />
                <showEndState>false</showEndState>
                <showName>false</showName>
            </layoutData>
            <fromItemPort locationId="rightCenter" portType="1" />
            <toItemPort locationId="leftCenter" portType="2" />
            <fromProcessItemId>2025.8df60a9a-d447-47da-8a08-c6e74a1e6d68</fromProcessItemId>
            <toProcessItemId>2025.26993b4b-f5e2-4cbd-89b7-d79542f9f15d</toProcessItemId>
        </link>
        <link name="To Izvedba SQL">
            <lastModified isNull="true" />
            <lastModifiedBy isNull="true" />
            <tenantId isNull="true" />
            <processLinkId>2027.e7198669-fe70-4fc6-880e-89c2ab81055b</processLinkId>
            <processId>1.defa1931-38b9-4440-8a6b-388dc586f680</processId>
            <description isNull="true" />
            <fromProcessItemId>2025.42e9280d-3e54-4b78-89e6-3aaafa172bdb</fromProcessItemId>
            <endStateId>Out</endStateId>
            <toProcessItemId>2025.1ff1f5a4-43f7-48cf-8048-cc5858f7ecd6</toProcessItemId>
            <guid>bd834a1a-e1b1-426f-b16d-63daac670bf9</guid>
            <versionId>b882532a-d6b8-433a-bd5a-bcc02227dd0c</versionId>
            <layoutData>
                <controlPoints />
                <showEndState>false</showEndState>
                <showName>false</showName>
            </layoutData>
            <fromItemPort locationId="rightCenter" portType="1" />
            <toItemPort locationId="leftCenter" portType="2" />
            <fromProcessItemId>2025.42e9280d-3e54-4b78-89e6-3aaafa172bdb</fromProcessItemId>
            <toProcessItemId>2025.1ff1f5a4-43f7-48cf-8048-cc5858f7ecd6</toProcessItemId>
        </link>
        <link name="To Rezultati SQL">
            <lastModified isNull="true" />
            <lastModifiedBy isNull="true" />
            <tenantId isNull="true" />
            <processLinkId>2027.22459615-201a-42b5-8264-8de051c50f07</processLinkId>
            <processId>1.defa1931-38b9-4440-8a6b-388dc586f680</processId>
            <description isNull="true" />
            <fromProcessItemId>2025.1ff1f5a4-43f7-48cf-8048-cc5858f7ecd6</fromProcessItemId>
            <endStateId>guid:b5ffa6577ed3a684:-4e3a2174:115951f71d3:-7fe8</endStateId>
            <toProcessItemId>2025.8df60a9a-d447-47da-8a08-c6e74a1e6d68</toProcessItemId>
            <guid>df2d4461-f891-40f6-9908-64b824ce901f</guid>
            <versionId>b8fc082f-6849-41a1-bfab-264e51372566</versionId>
            <layoutData>
                <controlPoints />
                <showEndState>false</showEndState>
                <showName>false</showName>
            </layoutData>
            <fromItemPort locationId="rightCenter" portType="1" />
            <toItemPort locationId="leftCenter" portType="2" />
            <fromProcessItemId>2025.1ff1f5a4-43f7-48cf-8048-cc5858f7ecd6</fromProcessItemId>
            <toProcessItemId>2025.8df60a9a-d447-47da-8a08-c6e74a1e6d68</toProcessItemId>
        </link>
    </process>
</teamworks>

