<?xml version="1.0" encoding="UTF-8"?>
<teamworks>
    <process id="1.e0428b8d-a91a-4538-a9c1-0ee3b25c9ceb" name="Pridobi uporabnike vloge SF">
        <lastModified>1732395516541</lastModified>
        <lastModifiedBy>bmihajlovic</lastModifiedBy>
        <tenantId isNull="true" />
        <processId>1.e0428b8d-a91a-4538-a9c1-0ee3b25c9ceb</processId>
        <image isNull="true" />
        <tabGroup isNull="true" />
        <startingProcessItemId>2025.7ffcf2e4-30e9-42fc-87f7-3fb177f233a1</startingProcessItemId>
        <isRootProcess>false</isRootProcess>
        <processType>12</processType>
        <isErrorHandlerEnabled>false</isErrorHandlerEnabled>
        <errorHandlerItemId isNull="true" />
        <isLoggingVariables>false</isLoggingVariables>
        <isTransactional>false</isTransactional>
        <processTimingLevel isNull="true" />
        <participantRef isNull="true" />
        <exposedType>0</exposedType>
        <isTrackingEnabled>true</isTrackingEnabled>
        <xmlData isNull="true" />
        <cachingType>false</cachingType>
        <itemLabel isNull="true" />
        <cacheLength>0</cacheLength>
        <mobileReady>false</mobileReady>
        <sboSyncEnabled>true</sboSyncEnabled>
        <externalId isNull="true" />
        <isSecured>true</isSecured>
        <isAjaxExposed>true</isAjaxExposed>
        <isInvokedAsynchronously>false</isInvokedAsynchronously>
        <isTransactionalFlow>false</isTransactionalFlow>
        <description>Ovaj service flow vraca sve ucesnike u procesu. Koristi se za preuzimanja informacija za potrebe slanja mejla u odpovedi i na drugim mestima</description>
        <guid>guid:b86505d41a70b000:74dd4fa5:18a74a48a68:-545d</guid>
        <versionId>80c40449-878e-41f7-9eb2-3279ebf89b29</versionId>
        <dependencySummary>&lt;dependencySummary id="bpdid:6d95582dc3664523:11bef762:193535522da:-340d" /&gt;</dependencySummary>
        <jsonData>{"rootElement":[{"flowElement":[{"parallelMultiple":false,"outgoing":["2027.cbff0308-e57f-4191-8f4b-f443026d45d0"],"isInterrupting":false,"extensionElements":{"nodeVisualInfo":[{"color":"#F8F8F8","width":24,"x":25,"y":80,"declaredType":"TNodeVisualInfo","height":24}]},"name":"Start","declaredType":"startEvent","id":"bacbde7d-4473-477f-868d-df7087e38b0a"},{"incoming":["72c11e58-314d-4244-8f49-5d79e2775658"],"extensionElements":{"nodeVisualInfo":[{"color":"#F8F8F8","width":24,"x":650,"y":80,"declaredType":"TNodeVisualInfo","height":24}],"endStateId":["guid:b86505d41a70b000:74dd4fa5:18a74a48a68:-545b"],"saveExecutionContext":[true]},"name":"End","declaredType":"endEvent","id":"3bb3d5f5-1b2c-4f4e-89bb-0512e60b5ca9"},{"targetRef":"7ffcf2e4-30e9-42fc-87f7-3fb177f233a1","extensionElements":{"linkVisualInfo":[{"sourcePortLocation":"rightCenter","showCoachControlLabel":false,"labelPosition":0.0,"targetPortLocation":"leftCenter","declaredType":"TLinkVisualInfo","saveExecutionContext":false,"showLabel":false}]},"name":"To Pridobi ucesnike procesa","declaredType":"sequenceFlow","id":"2027.cbff0308-e57f-4191-8f4b-f443026d45d0","sourceRef":"bacbde7d-4473-477f-868d-df7087e38b0a"},{"startQuantity":1,"outgoing":["82dbccc5-150e-45c0-8fa4-cc102d9c134e"],"incoming":["2027.cbff0308-e57f-4191-8f4b-f443026d45d0"],"extensionElements":{"nodeVisualInfo":[{"width":95,"x":154,"y":57,"declaredType":"TNodeVisualInfo","height":70}],"preAssignmentScript":["tw.local.sql = \"SELECT DISTINCT \\\r\n\t\t\tUPORABNISKO_IME VALUE, \\\r\n\t\t\tIME_PRIIMEK_UPORABNIKA NAME \\\r\n\t\t    FROM dbo.nka_obdelava \\\r\n\t\t    WHERE ID_VLOGA = ?\";\r\n\t\t    \r\ntw.local.parameters = [];\r\ntw.local.parameters[0] = {};\r\ntw.local.parameters[0].mode = \"IN\";\r\ntw.local.parameters[0].type = \"NUMERIC\";\r\ntw.local.parameters[0].value = tw.local.idVlogaSOR;"],"activityType":["CalledProcess"]},"name":"Pridobi ucesnike procesa","dataInputAssociation":[{"targetRef":"2055.7081e3db-2301-4308-b93d-61cf78b25816","assignment":[{"from":{"evaluatesToTypeRef":"itm.12.db884a3c-c533-44b7-bb2d-47bec8ad4022","declaredType":"TFormalExpression","content":["\"NameValuePair\""]}}]},{"targetRef":"2055.a5856f85-7a86-4327-9481-b1df1c075ff9","assignment":[{"from":{"evaluatesToTypeRef":"itm.12.c09c9b6e-aabd-4897-bef2-ed61db106297","declaredType":"TFormalExpression","content":["tw.env.SQL_VIR"]}}]},{"targetRef":"2055.ec350cc0-a909-411a-b0c2-96e08b779c85","assignment":[{"from":{"evaluatesToTypeRef":"itm.12.c09c9b6e-aabd-4897-bef2-ed61db106297","declaredType":"TFormalExpression","content":["null"]}}]},{"targetRef":"2055.e3bfe8f3-c801-4ef8-bb77-77156e3b0326","assignment":[{"from":{"evaluatesToTypeRef":"itm.12.db884a3c-c533-44b7-bb2d-47bec8ad4022","declaredType":"TFormalExpression","content":["tw.local.sql"]}}]},{"targetRef":"2055.8b3c4f58-67b5-49b0-8df4-bdb407fbe076","assignment":[{"from":{"evaluatesToTypeRef":"itm.12.f453f500-ca4e-4264-a371-72c1892e8b7c","declaredType":"TFormalExpression","content":["tw.local.parameters"]}}]}],"isForCompensation":false,"completionQuantity":1,"declaredType":"callActivity","id":"7ffcf2e4-30e9-42fc-87f7-3fb177f233a1","dataOutputAssociation":[{"assignment":[{"to":{"evaluatesToTypeRef":"itm.12.c09c9b6e-aabd-4897-bef2-ed61db106297","declaredType":"TFormalExpression","content":["tw.local.results"]}}],"sourceRef":["2055.21cdb854-d222-4fc8-b991-17aef09de0c4"]}],"calledElement":"1.8ca80af0-a727-4b90-9e04-21b32cd0c65c"},{"targetRef":"ef729bee-233e-406b-8f12-85e661f0d0fb","extensionElements":{"sequenceFlowImplementation":[{"fireValidation":"Never","sboSyncEnabled":true,"declaredType":"com.ibm.bpmsdk.model.bpmn20.ibmext.TSequenceFlowImplementation"}],"endStateId":["guid:d7766b7587753602:-9d2f0f9:11586bfc263:-7f6f"],"linkVisualInfo":[{"sourcePortLocation":"rightCenter","showCoachControlLabel":false,"labelPosition":0.0,"targetPortLocation":"leftCenter","declaredType":"TLinkVisualInfo","saveExecutionContext":true,"showLabel":false}]},"name":"To Nastavitev mejl adresa","declaredType":"sequenceFlow","id":"82dbccc5-150e-45c0-8fa4-cc102d9c134e","sourceRef":"7ffcf2e4-30e9-42fc-87f7-3fb177f233a1"},{"startQuantity":1,"outgoing":["72c11e58-314d-4244-8f49-5d79e2775658"],"incoming":["82dbccc5-150e-45c0-8fa4-cc102d9c134e"],"extensionElements":{"nodeVisualInfo":[{"width":95,"x":363,"y":57,"declaredType":"TNodeVisualInfo","height":70}]},"name":"Nastavitev mejl adresa","isForCompensation":false,"completionQuantity":1,"declaredType":"scriptTask","id":"ef729bee-233e-406b-8f12-85e661f0d0fb","scriptFormat":"text\/x-javascript","script":{"content":["var stevec = 0;\r\nfor (var i=0; i&lt;tw.local.results.length; i++) {\r\n\tvar uporabnik = tw.local.results[i].value?sidt.pridobiPodatkeZaposlenega(tw.local.results[i].value,\"\"):{};\r\n\t\r\n\tif(stevec == 0 &amp;&amp; uporabnik.email){\r\n\t\ttw.local.uporabnikiMejl = uporabnik.email;\r\n\t\tstevec++;\r\n\t}else if(uporabnik.email){\r\n\t\ttw.local.uporabnikiMejl = tw.local.uporabnikiMejl + \",\"+ uporabnik.email;\r\n\t}\r\n}"]}},{"targetRef":"3bb3d5f5-1b2c-4f4e-89bb-0512e60b5ca9","extensionElements":{"sequenceFlowImplementation":[{"fireValidation":"Never","sboSyncEnabled":true,"declaredType":"com.ibm.bpmsdk.model.bpmn20.ibmext.TSequenceFlowImplementation"}],"linkVisualInfo":[{"sourcePortLocation":"rightCenter","showCoachControlLabel":false,"labelPosition":0.0,"targetPortLocation":"leftCenter","declaredType":"TLinkVisualInfo","saveExecutionContext":true,"showLabel":false}]},"name":"To End","declaredType":"sequenceFlow","id":"72c11e58-314d-4244-8f49-5d79e2775658","sourceRef":"ef729bee-233e-406b-8f12-85e661f0d0fb"},{"itemSubjectRef":"itm.12.d2e5a15a-ea53-4793-9e93-29af5bd80b13","name":"results","isCollection":true,"declaredType":"dataObject","id":"2056.b300fba3-03eb-4d14-8c61-97f9adc417c4"},{"itemSubjectRef":"itm.12.f453f500-ca4e-4264-a371-72c1892e8b7c","name":"parameters","isCollection":true,"declaredType":"dataObject","id":"2056.f3549cca-1c71-4f76-8d08-38e4de9c8ebf"},{"itemSubjectRef":"itm.12.db884a3c-c533-44b7-bb2d-47bec8ad4022","name":"sql","isCollection":false,"declaredType":"dataObject","id":"2056.60af7fed-ad0b-448a-81bb-aaf81c8a9e00"},{"itemSubjectRef":"itm.12.993ae05a-0060-42d1-9162-f1e130c57dee","name":"zaposleni","isCollection":false,"declaredType":"dataObject","id":"2056.ae61e8e9-3b4c-4b60-806e-324a6f9ca7c9"}],"laneSet":[{"id":"22cca31e-bdf6-499b-8b73-f5a8611aaf2f","lane":[{"flowNodeRef":["bacbde7d-4473-477f-868d-df7087e38b0a","3bb3d5f5-1b2c-4f4e-89bb-0512e60b5ca9","7ffcf2e4-30e9-42fc-87f7-3fb177f233a1","ef729bee-233e-406b-8f12-85e661f0d0fb"],"extensionElements":{"nodeVisualInfo":[{"color":"#F8F8F8","width":3000,"x":0,"y":0,"declaredType":"TNodeVisualInfo","height":500}]},"name":"System","partitionElementRef":"24.6fd38d02-81cf-48ab-bd42-8ff4c0a1628b","declaredType":"lane","id":"0d2fc84e-8a69-49cc-8534-e884415dbc1c","otherAttributes":{"{http:\/\/www.ibm.com\/xmlns\/prod\/bpm\/bpmn\/ext\/process\/wle}isSystemLane":"true"}}]}],"isClosed":false,"extensionElements":{"isSecured":[true],"isAjaxExposed":[true],"sboSyncEnabled":[true]},"documentation":[{"content":["Ovaj service flow vraca sve ucesnike u procesu. Koristi se za preuzimanja informacija za potrebe slanja mejla u odpovedi i na drugim mestima"],"textFormat":"text\/plain"}],"name":"Pridobi uporabnike vloge SF","declaredType":"process","id":"1.e0428b8d-a91a-4538-a9c1-0ee3b25c9ceb","processType":"None","otherAttributes":{"{http:\/\/www.ibm.com\/xmlns\/prod\/bpm\/bpmn\/ext\/process}executionMode":"microflow"},"ioSpecification":{"dataOutput":[{"itemSubjectRef":"itm.12.db884a3c-c533-44b7-bb2d-47bec8ad4022","documentation":[{"content":["Konkatenirane email adrese svih ucesnika u procesu"],"textFormat":"text\/plain"}],"name":"uporabnikiMejl","isCollection":false,"id":"2055.5faf70b8-a27a-4fd3-8f8e-a4046d9a3e60"}],"inputSet":[{"dataInputRefs":["2055.6e82abdf-3b9e-4008-87ef-4965997f3c8a"]}],"outputSet":[{"dataOutputRefs":["2055.5faf70b8-a27a-4fd3-8f8e-a4046d9a3e60"]}],"dataInput":[{"extensionElements":{"defaultValue":[{"declaredType":"com.ibm.bpmsdk.model.bpmn20.ibmext.TDefaultValue","useDefault":false,"value":"977"}]},"itemSubjectRef":"itm.12.3fa0d7a0-828a-4d60-99cc-db5ed143fc2d","name":"idVlogaSOR","isCollection":false,"id":"2055.6e82abdf-3b9e-4008-87ef-4965997f3c8a"}]}}],"targetNamespace":"","typeLanguage":"http:\/\/www.w3.org\/2001\/XMLSchema","expressionLanguage":"http:\/\/www.ibm.com\/xmlns\/prod\/bpm\/expression-lang\/javascript"}</jsonData>
        <field1 isNull="true" />
        <field2 isNull="true" />
        <field3>0</field3>
        <field4 isNull="true" />
        <field5>false</field5>
        <clobField1 isNull="true" />
        <blobField1 isNull="true" />
        <processParameter name="idVlogaSOR">
            <lastModified isNull="true" />
            <lastModifiedBy isNull="true" />
            <tenantId isNull="true" />
            <processParameterId>2055.6e82abdf-3b9e-4008-87ef-4965997f3c8a</processParameterId>
            <processId>1.e0428b8d-a91a-4538-a9c1-0ee3b25c9ceb</processId>
            <parameterType>1</parameterType>
            <isArrayOf>false</isArrayOf>
            <classId>34b0d65f-7524-4bdf-81fb-fcf6680322a1/12.3fa0d7a0-828a-4d60-99cc-db5ed143fc2d</classId>
            <seq>1</seq>
            <hasDefault>false</hasDefault>
            <defaultValue isNull="true" />
            <isLocked>false</isLocked>
            <description isNull="true" />
            <guid>9f1c6a65-673a-474a-aa08-611c46f6eb91</guid>
            <versionId>4f300add-575f-4e64-94b2-e1042a9c715d</versionId>
        </processParameter>
        <processParameter name="uporabnikiMejl">
            <lastModified isNull="true" />
            <lastModifiedBy isNull="true" />
            <tenantId isNull="true" />
            <processParameterId>2055.5faf70b8-a27a-4fd3-8f8e-a4046d9a3e60</processParameterId>
            <processId>1.e0428b8d-a91a-4538-a9c1-0ee3b25c9ceb</processId>
            <parameterType>2</parameterType>
            <isArrayOf>false</isArrayOf>
            <classId>34b0d65f-7524-4bdf-81fb-fcf6680322a1/12.db884a3c-c533-44b7-bb2d-47bec8ad4022</classId>
            <seq>2</seq>
            <hasDefault>false</hasDefault>
            <defaultValue isNull="true" />
            <isLocked>false</isLocked>
            <description>Konkatenirane email adrese svih ucesnika u procesu</description>
            <guid>c45cc08a-bd1a-41a2-9662-66345730f951</guid>
            <versionId>8960caea-1db4-4735-b0f0-2134e2b0d008</versionId>
        </processParameter>
        <processVariable name="results">
            <lastModified isNull="true" />
            <lastModifiedBy isNull="true" />
            <tenantId isNull="true" />
            <processVariableId>2056.b300fba3-03eb-4d14-8c61-97f9adc417c4</processVariableId>
            <description isNull="true" />
            <processId>1.e0428b8d-a91a-4538-a9c1-0ee3b25c9ceb</processId>
            <namespace>2</namespace>
            <seq>1</seq>
            <isArrayOf>true</isArrayOf>
            <isTransient>false</isTransient>
            <classId>34b0d65f-7524-4bdf-81fb-fcf6680322a1/12.d2e5a15a-ea53-4793-9e93-29af5bd80b13</classId>
            <hasDefault>false</hasDefault>
            <defaultValue isNull="true" />
            <guid>229b0402-e409-416b-a0c4-768d35e0a358</guid>
            <versionId>fac2b4d8-beec-49da-a4f1-95df39b6a433</versionId>
        </processVariable>
        <processVariable name="parameters">
            <lastModified isNull="true" />
            <lastModifiedBy isNull="true" />
            <tenantId isNull="true" />
            <processVariableId>2056.f3549cca-1c71-4f76-8d08-38e4de9c8ebf</processVariableId>
            <description isNull="true" />
            <processId>1.e0428b8d-a91a-4538-a9c1-0ee3b25c9ceb</processId>
            <namespace>2</namespace>
            <seq>2</seq>
            <isArrayOf>true</isArrayOf>
            <isTransient>false</isTransient>
            <classId>34b0d65f-7524-4bdf-81fb-fcf6680322a1/12.f453f500-ca4e-4264-a371-72c1892e8b7c</classId>
            <hasDefault>false</hasDefault>
            <defaultValue isNull="true" />
            <guid>8984a5dc-7996-4ebc-ab6a-b4c44ec626bc</guid>
            <versionId>a90afd87-e374-4ab5-b09b-733a3d3cfb40</versionId>
        </processVariable>
        <processVariable name="sql">
            <lastModified isNull="true" />
            <lastModifiedBy isNull="true" />
            <tenantId isNull="true" />
            <processVariableId>2056.60af7fed-ad0b-448a-81bb-aaf81c8a9e00</processVariableId>
            <description isNull="true" />
            <processId>1.e0428b8d-a91a-4538-a9c1-0ee3b25c9ceb</processId>
            <namespace>2</namespace>
            <seq>3</seq>
            <isArrayOf>false</isArrayOf>
            <isTransient>false</isTransient>
            <classId>34b0d65f-7524-4bdf-81fb-fcf6680322a1/12.db884a3c-c533-44b7-bb2d-47bec8ad4022</classId>
            <hasDefault>false</hasDefault>
            <defaultValue isNull="true" />
            <guid>4343c5f7-72bf-4883-b57e-b3d0c14ee2f3</guid>
            <versionId>894439fa-56a8-4ad0-86eb-68fa72067dc8</versionId>
        </processVariable>
        <processVariable name="zaposleni">
            <lastModified isNull="true" />
            <lastModifiedBy isNull="true" />
            <tenantId isNull="true" />
            <processVariableId>2056.ae61e8e9-3b4c-4b60-806e-324a6f9ca7c9</processVariableId>
            <description isNull="true" />
            <processId>1.e0428b8d-a91a-4538-a9c1-0ee3b25c9ceb</processId>
            <namespace>2</namespace>
            <seq>4</seq>
            <isArrayOf>false</isArrayOf>
            <isTransient>false</isTransient>
            <classId>04c2a412-3a5f-4ab7-bc26-7d70e1f0ff70/12.993ae05a-0060-42d1-9162-f1e130c57dee</classId>
            <hasDefault>false</hasDefault>
            <defaultValue isNull="true" />
            <guid>94b3c724-e111-4796-9496-97eb901fa255</guid>
            <versionId>a97866da-6f06-40d1-8e83-b3002b34dae5</versionId>
        </processVariable>
        <item>
            <lastModified isNull="true" />
            <lastModifiedBy isNull="true" />
            <tenantId isNull="true" />
            <processItemId>2025.7ffcf2e4-30e9-42fc-87f7-3fb177f233a1</processItemId>
            <processId>1.e0428b8d-a91a-4538-a9c1-0ee3b25c9ceb</processId>
            <name>Pridobi ucesnike procesa</name>
            <tWComponentName>SubProcess</tWComponentName>
            <tWComponentId>3012.530293ec-0a2d-47fc-8ac0-810311c3f16d</tWComponentId>
            <isLogEnabled>false</isLogEnabled>
            <isTraceEnabled>false</isTraceEnabled>
            <traceCategory isNull="true" />
            <traceLevel isNull="true" />
            <traceMessage isNull="true" />
            <traceSymbolTable isNull="true" />
            <isExecutionContextTraced>false</isExecutionContextTraced>
            <saveExecutionContext>false</saveExecutionContext>
            <documentation isNull="true" />
            <isErrorHandlerEnabled>false</isErrorHandlerEnabled>
            <errorHandlerItemId isNull="true" />
            <guid>guid:b86505d41a70b000:74dd4fa5:18a74a48a68:-53ea</guid>
            <versionId>271efb72-9cac-4a7c-8319-da1879c42180</versionId>
            <externalServiceRef isNull="true" />
            <externalServiceOp isNull="true" />
            <nodeColor isNull="true" />
            <processPrePosts>
                <lastModified isNull="true" />
                <lastModifiedBy isNull="true" />
                <tenantId isNull="true" />
                <processItemPrePostId>2029.dceb632b-961a-4ba4-a3db-ee22983e9964</processItemPrePostId>
                <processItemId>2025.7ffcf2e4-30e9-42fc-87f7-3fb177f233a1</processItemId>
                <location>1</location>
                <script>tw.local.sql = "SELECT DISTINCT \&#xD;
			UPORABNISKO_IME VALUE, \&#xD;
			IME_PRIIMEK_UPORABNIKA NAME \&#xD;
		    FROM dbo.nka_obdelava \&#xD;
		    WHERE ID_VLOGA = ?";&#xD;
		    &#xD;
tw.local.parameters = [];&#xD;
tw.local.parameters[0] = {};&#xD;
tw.local.parameters[0].mode = "IN";&#xD;
tw.local.parameters[0].type = "NUMERIC";&#xD;
tw.local.parameters[0].value = tw.local.idVlogaSOR;</script>
                <guid>c4afa00a-2058-44fc-8f9d-187a4e7038d8</guid>
                <versionId>ae31c954-0018-4239-9137-d371b080ce8f</versionId>
            </processPrePosts>
            <layoutData x="154" y="57">
                <errorLink>
                    <controlPoints />
                    <showEndState>false</showEndState>
                    <showName>false</showName>
                </errorLink>
            </layoutData>
            <TWComponent>
                <lastModified isNull="true" />
                <lastModifiedBy isNull="true" />
                <tenantId isNull="true" />
                <subProcessId>3012.530293ec-0a2d-47fc-8ac0-810311c3f16d</subProcessId>
                <attachedProcessRef>34b0d65f-7524-4bdf-81fb-fcf6680322a1/1.8ca80af0-a727-4b90-9e04-21b32cd0c65c</attachedProcessRef>
                <guid>41c1906e-5473-4521-9114-8f328b76cad3</guid>
                <versionId>4a38af3c-2ecf-41b8-a5fd-13941b824a5c</versionId>
                <parameterMapping name="dataSourceName">
                    <lastModified isNull="true" />
                    <lastModifiedBy isNull="true" />
                    <tenantId isNull="true" />
                    <parameterMappingId>2054.fee60942-de2e-419d-ada7-5c5a813117e2</parameterMappingId>
                    <processParameterId>2055.a5856f85-7a86-4327-9481-b1df1c075ff9</processParameterId>
                    <parameterMappingParentId>3012.530293ec-0a2d-47fc-8ac0-810311c3f16d</parameterMappingParentId>
                    <useDefault>false</useDefault>
                    <value>tw.env.SQL_VIR</value>
                    <classRef>/12.db884a3c-c533-44b7-bb2d-47bec8ad4022</classRef>
                    <isList>false</isList>
                    <isInput>true</isInput>
                    <mappingMode isNull="true" />
                    <sourcePath isNull="true" />
                    <targetPath isNull="true" />
                    <guid>fbc9eab0-8866-4184-ac55-6f0b4585ae27</guid>
                    <versionId>0469b3e4-a1ab-4009-ba42-c66e9d944ea2</versionId>
                    <description isNull="true" />
                </parameterMapping>
                <parameterMapping name="sql">
                    <lastModified isNull="true" />
                    <lastModifiedBy isNull="true" />
                    <tenantId isNull="true" />
                    <parameterMappingId>2054.02e3f737-2e2a-4483-9ed3-c2efa077f313</parameterMappingId>
                    <processParameterId>2055.e3bfe8f3-c801-4ef8-bb77-77156e3b0326</processParameterId>
                    <parameterMappingParentId>3012.530293ec-0a2d-47fc-8ac0-810311c3f16d</parameterMappingParentId>
                    <useDefault>false</useDefault>
                    <value>tw.local.sql</value>
                    <classRef>/12.db884a3c-c533-44b7-bb2d-47bec8ad4022</classRef>
                    <isList>false</isList>
                    <isInput>true</isInput>
                    <mappingMode isNull="true" />
                    <sourcePath isNull="true" />
                    <targetPath isNull="true" />
                    <guid>0ecc8f9d-c4a2-43ef-90ed-53f8b13f8e00</guid>
                    <versionId>35f18ad5-bd81-41dc-97b5-9169e68b1568</versionId>
                    <description isNull="true" />
                </parameterMapping>
                <parameterMapping name="results">
                    <lastModified isNull="true" />
                    <lastModifiedBy isNull="true" />
                    <tenantId isNull="true" />
                    <parameterMappingId>2054.3159b4fb-2368-4a03-a48f-6a5901fd6145</parameterMappingId>
                    <processParameterId>2055.21cdb854-d222-4fc8-b991-17aef09de0c4</processParameterId>
                    <parameterMappingParentId>3012.530293ec-0a2d-47fc-8ac0-810311c3f16d</parameterMappingParentId>
                    <useDefault>false</useDefault>
                    <value>tw.local.results</value>
                    <classRef>/12.c09c9b6e-aabd-4897-bef2-ed61db106297</classRef>
                    <isList>false</isList>
                    <isInput>false</isInput>
                    <mappingMode isNull="true" />
                    <sourcePath isNull="true" />
                    <targetPath isNull="true" />
                    <guid>60c8f4e9-adab-42c0-ada2-63778aad5eb5</guid>
                    <versionId>51e42da8-f036-4aab-9f60-60a4c9969e62</versionId>
                    <description isNull="true" />
                </parameterMapping>
                <parameterMapping name="parameters">
                    <lastModified isNull="true" />
                    <lastModifiedBy isNull="true" />
                    <tenantId isNull="true" />
                    <parameterMappingId>2054.c1ce9620-e317-4425-baae-c651cf222342</parameterMappingId>
                    <processParameterId>2055.8b3c4f58-67b5-49b0-8df4-bdb407fbe076</processParameterId>
                    <parameterMappingParentId>3012.530293ec-0a2d-47fc-8ac0-810311c3f16d</parameterMappingParentId>
                    <useDefault>false</useDefault>
                    <value>tw.local.parameters</value>
                    <classRef>/12.f453f500-ca4e-4264-a371-72c1892e8b7c</classRef>
                    <isList>true</isList>
                    <isInput>true</isInput>
                    <mappingMode isNull="true" />
                    <sourcePath isNull="true" />
                    <targetPath isNull="true" />
                    <guid>3c6559c0-c167-4e46-a35d-5f582b9f35c3</guid>
                    <versionId>83739c5c-d7ce-4cd2-a38f-f1ba617d3828</versionId>
                    <description isNull="true" />
                </parameterMapping>
                <parameterMapping name="maxRows">
                    <lastModified isNull="true" />
                    <lastModifiedBy isNull="true" />
                    <tenantId isNull="true" />
                    <parameterMappingId>2054.3a757255-d6cf-4a3e-9a4f-20e38e87cdc1</parameterMappingId>
                    <processParameterId>2055.ec350cc0-a909-411a-b0c2-96e08b779c85</processParameterId>
                    <parameterMappingParentId>3012.530293ec-0a2d-47fc-8ac0-810311c3f16d</parameterMappingParentId>
                    <useDefault>false</useDefault>
                    <value>null</value>
                    <classRef>/12.3fa0d7a0-828a-4d60-99cc-db5ed143fc2d</classRef>
                    <isList>false</isList>
                    <isInput>true</isInput>
                    <mappingMode isNull="true" />
                    <sourcePath isNull="true" />
                    <targetPath isNull="true" />
                    <guid>18359f45-c667-4c5a-a1c6-2db28e66a75f</guid>
                    <versionId>8703ae64-0ca9-4a77-b8ed-0189d6a2ca64</versionId>
                    <description isNull="true" />
                </parameterMapping>
                <parameterMapping name="returnType">
                    <lastModified isNull="true" />
                    <lastModifiedBy isNull="true" />
                    <tenantId isNull="true" />
                    <parameterMappingId>2054.2ae3da2d-171a-4ecb-9d79-f94ae8c78a57</parameterMappingId>
                    <processParameterId>2055.7081e3db-2301-4308-b93d-61cf78b25816</processParameterId>
                    <parameterMappingParentId>3012.530293ec-0a2d-47fc-8ac0-810311c3f16d</parameterMappingParentId>
                    <useDefault>false</useDefault>
                    <value>"NameValuePair"</value>
                    <classRef>/12.db884a3c-c533-44b7-bb2d-47bec8ad4022</classRef>
                    <isList>false</isList>
                    <isInput>true</isInput>
                    <mappingMode isNull="true" />
                    <sourcePath isNull="true" />
                    <targetPath isNull="true" />
                    <guid>bedbddc9-dd52-407d-bb20-126ceef4c410</guid>
                    <versionId>f5548433-f491-4c1f-adf8-d79397d66ad8</versionId>
                    <description isNull="true" />
                </parameterMapping>
            </TWComponent>
        </item>
        <item>
            <lastModified isNull="true" />
            <lastModifiedBy isNull="true" />
            <tenantId isNull="true" />
            <processItemId>2025.3bb3d5f5-1b2c-4f4e-89bb-0512e60b5ca9</processItemId>
            <processId>1.e0428b8d-a91a-4538-a9c1-0ee3b25c9ceb</processId>
            <name>End</name>
            <tWComponentName>ExitPoint</tWComponentName>
            <tWComponentId>3008.a25370c5-ddca-453a-a006-c3d22aa12d88</tWComponentId>
            <isLogEnabled>false</isLogEnabled>
            <isTraceEnabled>false</isTraceEnabled>
            <traceCategory isNull="true" />
            <traceLevel isNull="true" />
            <traceMessage isNull="true" />
            <traceSymbolTable isNull="true" />
            <isExecutionContextTraced>false</isExecutionContextTraced>
            <saveExecutionContext>true</saveExecutionContext>
            <documentation isNull="true" />
            <isErrorHandlerEnabled>false</isErrorHandlerEnabled>
            <errorHandlerItemId isNull="true" />
            <guid>guid:b86505d41a70b000:74dd4fa5:18a74a48a68:-545b</guid>
            <versionId>28503f74-505e-4edd-85ff-2949deb4214c</versionId>
            <externalServiceRef isNull="true" />
            <externalServiceOp isNull="true" />
            <nodeColor isNull="true" />
            <layoutData x="650" y="80">
                <errorLink>
                    <controlPoints />
                    <showEndState>false</showEndState>
                    <showName>false</showName>
                </errorLink>
            </layoutData>
            <TWComponent>
                <lastModified isNull="true" />
                <lastModifiedBy isNull="true" />
                <tenantId isNull="true" />
                <exitPointId>3008.a25370c5-ddca-453a-a006-c3d22aa12d88</exitPointId>
                <haltProcess>false</haltProcess>
                <guid>6e84189e-c412-4a4d-a6f8-ec0f0dbca9b5</guid>
                <versionId>5da530fc-b956-4c4c-a0cf-7a3dd5b6e363</versionId>
            </TWComponent>
        </item>
        <item>
            <lastModified isNull="true" />
            <lastModifiedBy isNull="true" />
            <tenantId isNull="true" />
            <processItemId>2025.ef729bee-233e-406b-8f12-85e661f0d0fb</processItemId>
            <processId>1.e0428b8d-a91a-4538-a9c1-0ee3b25c9ceb</processId>
            <name>Nastavitev mejl adresa</name>
            <tWComponentName>Script</tWComponentName>
            <tWComponentId>3011.8629cd0e-edef-4425-a9eb-db443a2bb5c6</tWComponentId>
            <isLogEnabled>false</isLogEnabled>
            <isTraceEnabled>false</isTraceEnabled>
            <traceCategory isNull="true" />
            <traceLevel isNull="true" />
            <traceMessage isNull="true" />
            <traceSymbolTable isNull="true" />
            <isExecutionContextTraced>false</isExecutionContextTraced>
            <saveExecutionContext>false</saveExecutionContext>
            <documentation isNull="true" />
            <isErrorHandlerEnabled>false</isErrorHandlerEnabled>
            <errorHandlerItemId isNull="true" />
            <guid>guid:b86505d41a70b000:74dd4fa5:18a74a48a68:-5376</guid>
            <versionId>4fd39ace-357c-43bd-b038-d1aa98c6642f</versionId>
            <externalServiceRef isNull="true" />
            <externalServiceOp isNull="true" />
            <nodeColor isNull="true" />
            <layoutData x="363" y="57">
                <errorLink>
                    <controlPoints />
                    <showEndState>false</showEndState>
                    <showName>false</showName>
                </errorLink>
            </layoutData>
            <TWComponent>
                <lastModified isNull="true" />
                <lastModifiedBy isNull="true" />
                <tenantId isNull="true" />
                <scriptId>3011.8629cd0e-edef-4425-a9eb-db443a2bb5c6</scriptId>
                <scriptTypeId>2</scriptTypeId>
                <isActive>true</isActive>
                <script>var stevec = 0;&#xD;
for (var i=0; i&lt;tw.local.results.length; i++) {&#xD;
	var uporabnik = tw.local.results[i].value?sidt.pridobiPodatkeZaposlenega(tw.local.results[i].value,""):{};&#xD;
	&#xD;
	if(stevec == 0 &amp;&amp; uporabnik.email){&#xD;
		tw.local.uporabnikiMejl = uporabnik.email;&#xD;
		stevec++;&#xD;
	}else if(uporabnik.email){&#xD;
		tw.local.uporabnikiMejl = tw.local.uporabnikiMejl + ","+ uporabnik.email;&#xD;
	}&#xD;
}</script>
                <isRule>false</isRule>
                <guid>29057085-d423-4316-ac6f-cdcaf0e990c9</guid>
                <versionId>18bcbbea-76f9-4009-8261-8c6f347c7d53</versionId>
            </TWComponent>
        </item>
        <startingProcessItemId>2025.7ffcf2e4-30e9-42fc-87f7-3fb177f233a1</startingProcessItemId>
        <errorHandlerItemId isNull="true" />
        <layoutData noConversion="true">
            <errorLink>
                <controlPoints />
                <showEndState>false</showEndState>
                <showName>false</showName>
            </errorLink>
        </layoutData>
        <startPoint>
            <layoutData x="25" y="80">
                <errorLink>
                    <controlPoints />
                    <showEndState>false</showEndState>
                    <showName>false</showName>
                </errorLink>
            </layoutData>
        </startPoint>
        <startLink>
            <fromPort locationId="rightCenter" portType="1" />
            <toPort locationId="leftCenter" portType="2" />
            <layoutData>
                <controlPoints />
                <showEndState>false</showEndState>
                <showName>false</showName>
            </layoutData>
        </startLink>
        <bpmn2Model>
            <ns16:definitions xmlns:ns16="http://www.omg.org/spec/BPMN/20100524/MODEL" xmlns:ns2="http://www.ibm.com/xmlns/prod/bpm/bpmn/ext/trackinggroup" xmlns:ns3="http://www.ibm.com/xmlns/prod/bpm/bpmn/ext/process" xmlns:ns4="http://www.ibm.com/xmlns/prod/bpm/bpmn/ext/process/wle" xmlns:ns5="http://www.ibm.com/xmlns/prod/bpm/bpmn/ext/process/case" xmlns:ns6="http://www.ibm.com/bpm/Extensions" xmlns:ns7="http://www.ibm.com/xmlns/prod/bpm/uca" xmlns:ns8="http://www.ibm.com/xmlns/prod/bpm/bpmn/ext/team" xmlns:ns9="http://www.ibm.com/xmlns/bpmnx/20100524/v1/BusinessVocabulary" xmlns:ns10="http://www.omg.org/spec/DD/20100524/DI" xmlns:ns11="http://www.omg.org/spec/DD/20100524/DC" xmlns:ns12="http://www.omg.org/spec/BPMN/20100524/BPMNDI" xmlns:ns13="http://www.ibm.com/xmlns/prod/bpm/graph" xmlns:ns14="http://www.ibm.com/xmlns/prod/bpm/bpmn/ext/process/auth" xmlns:ns15="http://www.ibm.com/xmlns/prod/bpm/bpmn/ext/extservice" xmlns:ns17="http://www.ibm.com/bpm/processappsettings" xmlns:ns18="http://www.ibm.com/xmlns/links" xmlns:ns19="http://www.ibm.com/bpm/CoachDesignerNG" xmlns:ns20="http://www.ibm.com/xmlns/tagging" xmlns:ns21="http://www.ibm.com/bpm/uitheme" xmlns:ns22="http://www.ibm.com/bpm/coachview" targetNamespace="" expressionLanguage="http://www.ibm.com/xmlns/prod/bpm/expression-lang/javascript" typeLanguage="http://www.w3.org/2001/XMLSchema">
                <ns16:process name="Pridobi uporabnike vloge SF" id="1.e0428b8d-a91a-4538-a9c1-0ee3b25c9ceb" ns3:executionMode="microflow">
                    <ns16:documentation textFormat="text/plain">Ovaj service flow vraca sve ucesnike u procesu. Koristi se za preuzimanja informacija za potrebe slanja mejla u odpovedi i na drugim mestima</ns16:documentation>
                    <ns16:extensionElements>
                        <ns3:isSecured>true</ns3:isSecured>
                        <ns3:isAjaxExposed>true</ns3:isAjaxExposed>
                        <ns3:sboSyncEnabled>true</ns3:sboSyncEnabled>
                    </ns16:extensionElements>
                    <ns16:ioSpecification>
                        <ns16:dataInput name="idVlogaSOR" itemSubjectRef="itm.12.3fa0d7a0-828a-4d60-99cc-db5ed143fc2d" isCollection="false" id="2055.6e82abdf-3b9e-4008-87ef-4965997f3c8a">
                            <ns16:extensionElements>
                                <ns3:defaultValue useDefault="false">977</ns3:defaultValue>
                            </ns16:extensionElements>
                        </ns16:dataInput>
                        <ns16:dataOutput name="uporabnikiMejl" itemSubjectRef="itm.12.db884a3c-c533-44b7-bb2d-47bec8ad4022" isCollection="false" id="2055.5faf70b8-a27a-4fd3-8f8e-a4046d9a3e60">
                            <ns16:documentation textFormat="text/plain">Konkatenirane email adrese svih ucesnika u procesu</ns16:documentation>
                        </ns16:dataOutput>
                        <ns16:inputSet>
                            <ns16:dataInputRefs>2055.6e82abdf-3b9e-4008-87ef-4965997f3c8a</ns16:dataInputRefs>
                        </ns16:inputSet>
                        <ns16:outputSet>
                            <ns16:dataOutputRefs>2055.5faf70b8-a27a-4fd3-8f8e-a4046d9a3e60</ns16:dataOutputRefs>
                        </ns16:outputSet>
                    </ns16:ioSpecification>
                    <ns16:laneSet id="22cca31e-bdf6-499b-8b73-f5a8611aaf2f">
                        <ns16:lane name="System" partitionElementRef="24.6fd38d02-81cf-48ab-bd42-8ff4c0a1628b" id="0d2fc84e-8a69-49cc-8534-e884415dbc1c" ns4:isSystemLane="true">
                            <ns16:extensionElements>
                                <ns13:nodeVisualInfo x="0" y="0" width="3000" height="500" color="#F8F8F8" />
                            </ns16:extensionElements>
                            <ns16:flowNodeRef>bacbde7d-4473-477f-868d-df7087e38b0a</ns16:flowNodeRef>
                            <ns16:flowNodeRef>3bb3d5f5-1b2c-4f4e-89bb-0512e60b5ca9</ns16:flowNodeRef>
                            <ns16:flowNodeRef>7ffcf2e4-30e9-42fc-87f7-3fb177f233a1</ns16:flowNodeRef>
                            <ns16:flowNodeRef>ef729bee-233e-406b-8f12-85e661f0d0fb</ns16:flowNodeRef>
                        </ns16:lane>
                    </ns16:laneSet>
                    <ns16:startEvent isInterrupting="false" parallelMultiple="false" name="Start" id="bacbde7d-4473-477f-868d-df7087e38b0a">
                        <ns16:extensionElements>
                            <ns13:nodeVisualInfo x="25" y="80" width="24" height="24" color="#F8F8F8" />
                        </ns16:extensionElements>
                        <ns16:outgoing>2027.cbff0308-e57f-4191-8f4b-f443026d45d0</ns16:outgoing>
                    </ns16:startEvent>
                    <ns16:endEvent name="End" id="3bb3d5f5-1b2c-4f4e-89bb-0512e60b5ca9">
                        <ns16:extensionElements>
                            <ns13:nodeVisualInfo x="650" y="80" width="24" height="24" color="#F8F8F8" />
                            <ns4:saveExecutionContext>true</ns4:saveExecutionContext>
                            <ns3:endStateId>guid:b86505d41a70b000:74dd4fa5:18a74a48a68:-545b</ns3:endStateId>
                        </ns16:extensionElements>
                        <ns16:incoming>72c11e58-314d-4244-8f49-5d79e2775658</ns16:incoming>
                    </ns16:endEvent>
                    <ns16:sequenceFlow sourceRef="bacbde7d-4473-477f-868d-df7087e38b0a" targetRef="7ffcf2e4-30e9-42fc-87f7-3fb177f233a1" name="To Pridobi ucesnike procesa" id="2027.cbff0308-e57f-4191-8f4b-f443026d45d0">
                        <ns16:extensionElements>
                            <ns13:linkVisualInfo>
                                <ns13:sourcePortLocation>rightCenter</ns13:sourcePortLocation>
                                <ns13:targetPortLocation>leftCenter</ns13:targetPortLocation>
                                <ns13:showLabel>false</ns13:showLabel>
                                <ns13:showCoachControlLabel>false</ns13:showCoachControlLabel>
                                <ns13:labelPosition>0.0</ns13:labelPosition>
                                <ns13:saveExecutionContext>false</ns13:saveExecutionContext>
                            </ns13:linkVisualInfo>
                        </ns16:extensionElements>
                    </ns16:sequenceFlow>
                    <ns16:callActivity calledElement="1.8ca80af0-a727-4b90-9e04-21b32cd0c65c" name="Pridobi ucesnike procesa" id="7ffcf2e4-30e9-42fc-87f7-3fb177f233a1">
                        <ns16:extensionElements>
                            <ns13:nodeVisualInfo x="154" y="57" width="95" height="70" />
                            <ns4:activityType>CalledProcess</ns4:activityType>
                            <ns3:preAssignmentScript>tw.local.sql = "SELECT DISTINCT \&#xD;
			UPORABNISKO_IME VALUE, \&#xD;
			IME_PRIIMEK_UPORABNIKA NAME \&#xD;
		    FROM dbo.nka_obdelava \&#xD;
		    WHERE ID_VLOGA = ?";&#xD;
		    &#xD;
tw.local.parameters = [];&#xD;
tw.local.parameters[0] = {};&#xD;
tw.local.parameters[0].mode = "IN";&#xD;
tw.local.parameters[0].type = "NUMERIC";&#xD;
tw.local.parameters[0].value = tw.local.idVlogaSOR;</ns3:preAssignmentScript>
                        </ns16:extensionElements>
                        <ns16:incoming>2027.cbff0308-e57f-4191-8f4b-f443026d45d0</ns16:incoming>
                        <ns16:outgoing>82dbccc5-150e-45c0-8fa4-cc102d9c134e</ns16:outgoing>
                        <ns16:dataInputAssociation>
                            <ns16:targetRef>2055.7081e3db-2301-4308-b93d-61cf78b25816</ns16:targetRef>
                            <ns16:assignment>
                                <ns16:from xmlns:xsi="http://www.w3.org/2001/XMLSchema-instance" xsi:type="ns16:tFormalExpression" evaluatesToTypeRef="itm.12.db884a3c-c533-44b7-bb2d-47bec8ad4022">"NameValuePair"</ns16:from>
                            </ns16:assignment>
                        </ns16:dataInputAssociation>
                        <ns16:dataInputAssociation>
                            <ns16:targetRef>2055.a5856f85-7a86-4327-9481-b1df1c075ff9</ns16:targetRef>
                            <ns16:assignment>
                                <ns16:from xmlns:xsi="http://www.w3.org/2001/XMLSchema-instance" xsi:type="ns16:tFormalExpression" evaluatesToTypeRef="itm.12.c09c9b6e-aabd-4897-bef2-ed61db106297">tw.env.SQL_VIR</ns16:from>
                            </ns16:assignment>
                        </ns16:dataInputAssociation>
                        <ns16:dataInputAssociation>
                            <ns16:targetRef>2055.ec350cc0-a909-411a-b0c2-96e08b779c85</ns16:targetRef>
                            <ns16:assignment>
                                <ns16:from xmlns:xsi="http://www.w3.org/2001/XMLSchema-instance" xsi:type="ns16:tFormalExpression" evaluatesToTypeRef="itm.12.c09c9b6e-aabd-4897-bef2-ed61db106297">null</ns16:from>
                            </ns16:assignment>
                        </ns16:dataInputAssociation>
                        <ns16:dataInputAssociation>
                            <ns16:targetRef>2055.e3bfe8f3-c801-4ef8-bb77-77156e3b0326</ns16:targetRef>
                            <ns16:assignment>
                                <ns16:from xmlns:xsi="http://www.w3.org/2001/XMLSchema-instance" xsi:type="ns16:tFormalExpression" evaluatesToTypeRef="itm.12.db884a3c-c533-44b7-bb2d-47bec8ad4022">tw.local.sql</ns16:from>
                            </ns16:assignment>
                        </ns16:dataInputAssociation>
                        <ns16:dataInputAssociation>
                            <ns16:targetRef>2055.8b3c4f58-67b5-49b0-8df4-bdb407fbe076</ns16:targetRef>
                            <ns16:assignment>
                                <ns16:from xmlns:xsi="http://www.w3.org/2001/XMLSchema-instance" xsi:type="ns16:tFormalExpression" evaluatesToTypeRef="itm.12.f453f500-ca4e-4264-a371-72c1892e8b7c">tw.local.parameters</ns16:from>
                            </ns16:assignment>
                        </ns16:dataInputAssociation>
                        <ns16:dataOutputAssociation>
                            <ns16:sourceRef>2055.21cdb854-d222-4fc8-b991-17aef09de0c4</ns16:sourceRef>
                            <ns16:assignment>
                                <ns16:to xmlns:xsi="http://www.w3.org/2001/XMLSchema-instance" xsi:type="ns16:tFormalExpression" evaluatesToTypeRef="itm.12.c09c9b6e-aabd-4897-bef2-ed61db106297">tw.local.results</ns16:to>
                            </ns16:assignment>
                        </ns16:dataOutputAssociation>
                    </ns16:callActivity>
                    <ns16:sequenceFlow sourceRef="7ffcf2e4-30e9-42fc-87f7-3fb177f233a1" targetRef="ef729bee-233e-406b-8f12-85e661f0d0fb" name="To Nastavitev mejl adresa" id="82dbccc5-150e-45c0-8fa4-cc102d9c134e">
                        <ns16:extensionElements>
                            <ns3:sequenceFlowImplementation sboSyncEnabled="true" />
                            <ns13:linkVisualInfo>
                                <ns13:sourcePortLocation>rightCenter</ns13:sourcePortLocation>
                                <ns13:targetPortLocation>leftCenter</ns13:targetPortLocation>
                                <ns13:showLabel>false</ns13:showLabel>
                                <ns13:showCoachControlLabel>false</ns13:showCoachControlLabel>
                                <ns13:labelPosition>0.0</ns13:labelPosition>
                                <ns13:saveExecutionContext>true</ns13:saveExecutionContext>
                            </ns13:linkVisualInfo>
                            <ns3:endStateId>guid:d7766b7587753602:-9d2f0f9:11586bfc263:-7f6f</ns3:endStateId>
                        </ns16:extensionElements>
                    </ns16:sequenceFlow>
                    <ns16:scriptTask scriptFormat="text/x-javascript" name="Nastavitev mejl adresa" id="ef729bee-233e-406b-8f12-85e661f0d0fb">
                        <ns16:extensionElements>
                            <ns13:nodeVisualInfo x="363" y="57" width="95" height="70" />
                        </ns16:extensionElements>
                        <ns16:incoming>82dbccc5-150e-45c0-8fa4-cc102d9c134e</ns16:incoming>
                        <ns16:outgoing>72c11e58-314d-4244-8f49-5d79e2775658</ns16:outgoing>
                        <ns16:script>var stevec = 0;&#xD;
for (var i=0; i&lt;tw.local.results.length; i++) {&#xD;
	var uporabnik = tw.local.results[i].value?sidt.pridobiPodatkeZaposlenega(tw.local.results[i].value,""):{};&#xD;
	&#xD;
	if(stevec == 0 &amp;&amp; uporabnik.email){&#xD;
		tw.local.uporabnikiMejl = uporabnik.email;&#xD;
		stevec++;&#xD;
	}else if(uporabnik.email){&#xD;
		tw.local.uporabnikiMejl = tw.local.uporabnikiMejl + ","+ uporabnik.email;&#xD;
	}&#xD;
}</ns16:script>
                    </ns16:scriptTask>
                    <ns16:sequenceFlow sourceRef="ef729bee-233e-406b-8f12-85e661f0d0fb" targetRef="3bb3d5f5-1b2c-4f4e-89bb-0512e60b5ca9" name="To End" id="72c11e58-314d-4244-8f49-5d79e2775658">
                        <ns16:extensionElements>
                            <ns3:sequenceFlowImplementation sboSyncEnabled="true" />
                            <ns13:linkVisualInfo>
                                <ns13:sourcePortLocation>rightCenter</ns13:sourcePortLocation>
                                <ns13:targetPortLocation>leftCenter</ns13:targetPortLocation>
                                <ns13:showLabel>false</ns13:showLabel>
                                <ns13:showCoachControlLabel>false</ns13:showCoachControlLabel>
                                <ns13:labelPosition>0.0</ns13:labelPosition>
                                <ns13:saveExecutionContext>true</ns13:saveExecutionContext>
                            </ns13:linkVisualInfo>
                        </ns16:extensionElements>
                    </ns16:sequenceFlow>
                    <ns16:dataObject itemSubjectRef="itm.12.d2e5a15a-ea53-4793-9e93-29af5bd80b13" isCollection="true" name="results" id="2056.b300fba3-03eb-4d14-8c61-97f9adc417c4" />
                    <ns16:dataObject itemSubjectRef="itm.12.f453f500-ca4e-4264-a371-72c1892e8b7c" isCollection="true" name="parameters" id="2056.f3549cca-1c71-4f76-8d08-38e4de9c8ebf" />
                    <ns16:dataObject itemSubjectRef="itm.12.db884a3c-c533-44b7-bb2d-47bec8ad4022" isCollection="false" name="sql" id="2056.60af7fed-ad0b-448a-81bb-aaf81c8a9e00" />
                    <ns16:dataObject itemSubjectRef="itm.12.993ae05a-0060-42d1-9162-f1e130c57dee" isCollection="false" name="zaposleni" id="2056.ae61e8e9-3b4c-4b60-806e-324a6f9ca7c9" />
                </ns16:process>
            </ns16:definitions>
        </bpmn2Model>
        <link name="To Nastavitev mejl adresa">
            <lastModified isNull="true" />
            <lastModifiedBy isNull="true" />
            <tenantId isNull="true" />
            <processLinkId>2027.82dbccc5-150e-45c0-8fa4-cc102d9c134e</processLinkId>
            <processId>1.e0428b8d-a91a-4538-a9c1-0ee3b25c9ceb</processId>
            <description isNull="true" />
            <fromProcessItemId>2025.7ffcf2e4-30e9-42fc-87f7-3fb177f233a1</fromProcessItemId>
            <endStateId>guid:d7766b7587753602:-9d2f0f9:11586bfc263:-7f6f</endStateId>
            <toProcessItemId>2025.ef729bee-233e-406b-8f12-85e661f0d0fb</toProcessItemId>
            <guid>1d196ecb-c78b-4cd8-a1d2-2197898b4d96</guid>
            <versionId>40819d52-e5cf-42c0-bdb4-ccd7ee0d11e9</versionId>
            <layoutData>
                <controlPoints />
                <showEndState>false</showEndState>
                <showName>false</showName>
            </layoutData>
            <fromItemPort locationId="rightCenter" portType="1" />
            <toItemPort locationId="leftCenter" portType="2" />
            <fromProcessItemId>2025.7ffcf2e4-30e9-42fc-87f7-3fb177f233a1</fromProcessItemId>
            <toProcessItemId>2025.ef729bee-233e-406b-8f12-85e661f0d0fb</toProcessItemId>
        </link>
        <link name="To End">
            <lastModified isNull="true" />
            <lastModifiedBy isNull="true" />
            <tenantId isNull="true" />
            <processLinkId>2027.72c11e58-314d-4244-8f49-5d79e2775658</processLinkId>
            <processId>1.e0428b8d-a91a-4538-a9c1-0ee3b25c9ceb</processId>
            <description isNull="true" />
            <fromProcessItemId>2025.ef729bee-233e-406b-8f12-85e661f0d0fb</fromProcessItemId>
            <endStateId>Out</endStateId>
            <toProcessItemId>2025.3bb3d5f5-1b2c-4f4e-89bb-0512e60b5ca9</toProcessItemId>
            <guid>f99eb818-aa74-49e0-a70c-ced180ac94cd</guid>
            <versionId>cb66619c-0ba0-494a-b1c0-b389de46136a</versionId>
            <layoutData>
                <controlPoints />
                <showEndState>false</showEndState>
                <showName>false</showName>
            </layoutData>
            <fromItemPort locationId="rightCenter" portType="1" />
            <toItemPort locationId="leftCenter" portType="2" />
            <fromProcessItemId>2025.ef729bee-233e-406b-8f12-85e661f0d0fb</fromProcessItemId>
            <toProcessItemId>2025.3bb3d5f5-1b2c-4f4e-89bb-0512e60b5ca9</toProcessItemId>
        </link>
    </process>
</teamworks>

