<?xml version="1.0" encoding="UTF-8"?>
<teamworks>
    <process id="1.eb29077e-0854-4b7d-8452-ba4d299729fe" name="Mail prenos v credes SF">
        <lastModified>1760015766292</lastModified>
        <lastModifiedBy>bmihajlovic</lastModifiedBy>
        <tenantId isNull="true" />
        <processId>1.eb29077e-0854-4b7d-8452-ba4d299729fe</processId>
        <image isNull="true" />
        <tabGroup isNull="true" />
        <startingProcessItemId>2025.ab13be4e-e5f4-495a-aac8-31f8358f026b</startingProcessItemId>
        <isRootProcess>false</isRootProcess>
        <processType>12</processType>
        <isErrorHandlerEnabled>false</isErrorHandlerEnabled>
        <errorHandlerItemId isNull="true" />
        <isLoggingVariables>false</isLoggingVariables>
        <isTransactional>false</isTransactional>
        <processTimingLevel isNull="true" />
        <participantRef isNull="true" />
        <exposedType>0</exposedType>
        <isTrackingEnabled>true</isTrackingEnabled>
        <xmlData isNull="true" />
        <cachingType>false</cachingType>
        <itemLabel isNull="true" />
        <cacheLength>0</cacheLength>
        <mobileReady>false</mobileReady>
        <sboSyncEnabled>true</sboSyncEnabled>
        <externalId isNull="true" />
        <isSecured>true</isSecured>
        <isAjaxExposed>true</isAjaxExposed>
        <isInvokedAsynchronously>false</isInvokedAsynchronously>
        <isTransactionalFlow>false</isTransactionalFlow>
        <description>Servis za pripremu i slanje mejla skrbniku spremljave nakon dodele vloge u milestoneu za podpisivanje.</description>
        <guid>9110e3f4-6a39-4e07-8f37-5eaa8786a5dc</guid>
        <versionId>71c8b153-0ac6-4368-a196-0852ccdbb012</versionId>
        <dependencySummary>&lt;dependencySummary id="bpdid:e22bca228b031700:5368b5ee:199c9161a7d:-7224" /&gt;</dependencySummary>
        <jsonData>{"rootElement":[{"flowElement":[{"parallelMultiple":false,"outgoing":["2027.10ba595b-e391-4cab-9c5c-7d7d92d9d607"],"isInterrupting":false,"extensionElements":{"nodeVisualInfo":[{"color":"#F8F8F8","width":24,"x":25,"y":80,"declaredType":"TNodeVisualInfo","height":24}]},"name":"Start","declaredType":"startEvent","id":"858a9316-50a4-4e50-a2c9-9977161ee4c9"},{"incoming":["b5ffa57b-9a29-43fb-9672-30d13159140c"],"extensionElements":{"nodeVisualInfo":[{"color":"#F8F8F8","width":24,"x":650,"y":80,"declaredType":"TNodeVisualInfo","height":24}],"endStateId":["guid:e22bca228b031700:5368b5ee:199c9161a7d:-75b1"],"saveExecutionContext":[true]},"name":"End","declaredType":"endEvent","id":"a948eb36-508e-460f-ae62-c52d7d40a666"},{"targetRef":"ab13be4e-e5f4-495a-aac8-31f8358f026b","extensionElements":{"linkVisualInfo":[{"sourcePortLocation":"rightCenter","showCoachControlLabel":false,"labelPosition":0.0,"targetPortLocation":"leftCenter","declaredType":"TLinkVisualInfo","saveExecutionContext":false,"showLabel":false}]},"name":"To Priprava teksta mejla","declaredType":"sequenceFlow","id":"2027.10ba595b-e391-4cab-9c5c-7d7d92d9d607","sourceRef":"858a9316-50a4-4e50-a2c9-9977161ee4c9"},{"startQuantity":1,"outgoing":["89271323-37b2-4f86-84c6-3c710a4d6ccf"],"incoming":["2027.10ba595b-e391-4cab-9c5c-7d7d92d9d607"],"extensionElements":{"nodeVisualInfo":[{"width":95,"x":165,"y":57,"declaredType":"TNodeVisualInfo","height":70}]},"name":"Priprava teksta mejla","isForCompensation":false,"completionQuantity":1,"declaredType":"scriptTask","id":"ab13be4e-e5f4-495a-aac8-31f8358f026b","scriptFormat":"text\/x-javascript","script":{"content":["tw.local.naslovMejla = \"Prenos pogodbe iz NKA\";\r\ntw.local.tekstMejla = \"\\\r\nPozdravljeni!&lt;br&gt;&lt;br&gt; \\\r\nIz NKA je bil v Credes prenesena nova pogodba \u0161t.  \" +\r\n      tw.local.stevilkaPogodbe +\r\n     \" za stranko \" +\r\n      tw.local.nazivStranke +\r\n      \" z mati\u010dno \u0161tevilko \" +\r\n      tw.local.maticnaStevilkaStranke +\r\n      \" in dav\u010dno \u0161tevilko \" +\r\n      tw.local.davcnaStevilkaStranke +\r\n      \".&lt;br&gt;&lt;br&gt; \\\r\nLep pozdrav!\";\r\n"]}},{"targetRef":"c8513389-8911-4c1e-ab5f-d7d54a2aaa88","extensionElements":{"sequenceFlowImplementation":[{"fireValidation":"Never","sboSyncEnabled":true,"declaredType":"com.ibm.bpmsdk.model.bpmn20.ibmext.TSequenceFlowImplementation"}],"linkVisualInfo":[{"sourcePortLocation":"rightCenter","showCoachControlLabel":false,"labelPosition":0.0,"targetPortLocation":"leftCenter","declaredType":"TLinkVisualInfo","saveExecutionContext":true,"showLabel":false}]},"name":"To Poslji Email","declaredType":"sequenceFlow","id":"89271323-37b2-4f86-84c6-3c710a4d6ccf","sourceRef":"ab13be4e-e5f4-495a-aac8-31f8358f026b"},{"itemSubjectRef":"itm.12.db884a3c-c533-44b7-bb2d-47bec8ad4022","name":"naslovMejla","isCollection":false,"declaredType":"dataObject","id":"2056.ff560230-99d4-4dfa-95b5-a7edaa597613"},{"itemSubjectRef":"itm.12.db884a3c-c533-44b7-bb2d-47bec8ad4022","name":"tekstMejla","isCollection":false,"declaredType":"dataObject","id":"2056.0e777569-2b9e-431f-a7aa-03d3cf523831"},{"startQuantity":1,"outgoing":["b5ffa57b-9a29-43fb-9672-30d13159140c"],"incoming":["89271323-37b2-4f86-84c6-3c710a4d6ccf"],"extensionElements":{"nodeVisualInfo":[{"width":95,"x":293,"y":57,"declaredType":"TNodeVisualInfo","height":70}],"activityType":["CalledProcess"]},"name":"Poslji Email","dataInputAssociation":[{"targetRef":"2055.51fca2c0-8a77-45f5-9e68-542b26e07ea3","assignment":[{"from":{"evaluatesToTypeRef":"itm.12.c09c9b6e-aabd-4897-bef2-ed61db106297","declaredType":"TFormalExpression","content":["tw.env.MAIL_NOTIFIKACIJA_FROM"]}}]},{"targetRef":"2055.bb90bf7b-d066-47c7-96fd-1b8984a5246d","assignment":[{"from":{"evaluatesToTypeRef":"itm.12.db884a3c-c533-44b7-bb2d-47bec8ad4022","declaredType":"TFormalExpression","content":["tw.local.naslovMejla"]}}]},{"targetRef":"2055.e8912baa-d516-4758-be53-20c3d6c61326","assignment":[{"from":{"evaluatesToTypeRef":"itm.12.db884a3c-c533-44b7-bb2d-47bec8ad4022","declaredType":"TFormalExpression","content":["tw.local.tekstMejla"]}}]},{"targetRef":"2055.941ed838-3fbe-42f5-b8b4-57064fc0f743","assignment":[{"from":{"evaluatesToTypeRef":"itm.12.c09c9b6e-aabd-4897-bef2-ed61db106297","declaredType":"TFormalExpression","content":["tw.env.MAIL_SMTP_HOST"]}}]},{"targetRef":"2055.50e8c0fd-6bc1-4da9-9cb2-d084644dd6de","assignment":[{"from":{"evaluatesToTypeRef":"itm.12.c09c9b6e-aabd-4897-bef2-ed61db106297","declaredType":"TFormalExpression","content":["null"]}}]},{"targetRef":"2055.7190c535-7820-4319-9b19-3bd1bfb74112","assignment":[{"from":{"evaluatesToTypeRef":"itm.12.c09c9b6e-aabd-4897-bef2-ed61db106297","declaredType":"TFormalExpression","content":["null"]}}]},{"targetRef":"2055.406ae771-5c04-4a03-9860-7a5d51f80757","assignment":[{"from":{"evaluatesToTypeRef":"itm.12.c09c9b6e-aabd-4897-bef2-ed61db106297","declaredType":"TFormalExpression","content":["null"]}}]},{"targetRef":"2055.39892d28-b0cb-4907-a4cc-ceae9d67bd8f","assignment":[{"from":{"evaluatesToTypeRef":"itm.12.c09c9b6e-aabd-4897-bef2-ed61db106297","declaredType":"TFormalExpression","content":["null"]}}]},{"targetRef":"2055.5309394e-b0d6-44c1-83be-be3b5b9ba8b1","assignment":[{"from":{"evaluatesToTypeRef":"itm.12.c09c9b6e-aabd-4897-bef2-ed61db106297","declaredType":"TFormalExpression","content":["null"]}}]},{"targetRef":"2055.3e811662-d427-4537-b2f6-fa9907d9677c","assignment":[{"from":{"evaluatesToTypeRef":"itm.12.c09c9b6e-aabd-4897-bef2-ed61db106297","declaredType":"TFormalExpression","content":["tw.env.MAIL_NOTIFIKACIJA_CONTENT_TYPE"]}}]},{"targetRef":"2055.e4a8f4de-e03d-4a22-aac3-ced21eeb6f26","assignment":[{"from":{"evaluatesToTypeRef":"itm.12.c09c9b6e-aabd-4897-bef2-ed61db106297","declaredType":"TFormalExpression","content":["tw.env.MAIL_CREDES"]}}]}],"isForCompensation":false,"completionQuantity":1,"declaredType":"callActivity","id":"c8513389-8911-4c1e-ab5f-d7d54a2aaa88","calledElement":"1.13cc4635-1e1b-4165-9afa-6f411d4b4f62"},{"targetRef":"a948eb36-508e-460f-ae62-c52d7d40a666","extensionElements":{"sequenceFlowImplementation":[{"fireValidation":"Never","sboSyncEnabled":true,"declaredType":"com.ibm.bpmsdk.model.bpmn20.ibmext.TSequenceFlowImplementation"}],"endStateId":["guid:6d7d6833d25d646c:143c423:11226a15f86:-7d8b"],"linkVisualInfo":[{"sourcePortLocation":"rightCenter","showCoachControlLabel":false,"labelPosition":0.0,"targetPortLocation":"leftCenter","declaredType":"TLinkVisualInfo","saveExecutionContext":true,"showLabel":false}]},"name":"To End","declaredType":"sequenceFlow","id":"b5ffa57b-9a29-43fb-9672-30d13159140c","sourceRef":"c8513389-8911-4c1e-ab5f-d7d54a2aaa88"}],"laneSet":[{"id":"60a6a88e-7d65-4d85-a91c-a19c53a77e1c","lane":[{"flowNodeRef":["858a9316-50a4-4e50-a2c9-9977161ee4c9","a948eb36-508e-460f-ae62-c52d7d40a666","ab13be4e-e5f4-495a-aac8-31f8358f026b","c8513389-8911-4c1e-ab5f-d7d54a2aaa88"],"extensionElements":{"nodeVisualInfo":[{"color":"#F8F8F8","width":3000,"x":0,"y":0,"declaredType":"TNodeVisualInfo","height":500}]},"name":"System","partitionElementRef":"24.6fd38d02-81cf-48ab-bd42-8ff4c0a1628b","declaredType":"lane","id":"cd07c59c-9bd4-46a7-b24f-4e0de0d8d92c","otherAttributes":{"{http:\/\/www.ibm.com\/xmlns\/prod\/bpm\/bpmn\/ext\/process\/wle}isSystemLane":"true"}}]}],"isClosed":false,"extensionElements":{"isSecured":[true],"isAjaxExposed":[true],"sboSyncEnabled":[true]},"documentation":[{"content":["Servis za pripremu i slanje mejla skrbniku spremljave nakon dodele vloge u milestoneu za podpisivanje."],"textFormat":"text\/plain"}],"name":"Mail prenos v credes SF","declaredType":"process","id":"1.eb29077e-0854-4b7d-8452-ba4d299729fe","processType":"None","otherAttributes":{"{http:\/\/www.ibm.com\/xmlns\/prod\/bpm\/bpmn\/ext\/process}executionMode":"microflow"},"ioSpecification":{"inputSet":[{"dataInputRefs":["2055.aca2b8ac-7f25-4cb8-9bd8-518e49877933","2055.5cf0b357-0579-4253-b7f3-8ee5c2ccdd72","2055.414b16a0-a21c-4c81-9fe4-1bf63717d74c","2055.80d39307-8c88-42c2-ad13-5bf459fd512c"]}],"outputSet":[{}],"dataInput":[{"extensionElements":{"defaultValue":[{"declaredType":"com.ibm.bpmsdk.model.bpmn20.ibmext.TDefaultValue","useDefault":false,"value":"\"12345678\""}]},"itemSubjectRef":"itm.12.db884a3c-c533-44b7-bb2d-47bec8ad4022","name":"davcnaStevilkaStranke","isCollection":false,"id":"2055.aca2b8ac-7f25-4cb8-9bd8-518e49877933"},{"extensionElements":{"defaultValue":[{"declaredType":"com.ibm.bpmsdk.model.bpmn20.ibmext.TDefaultValue","useDefault":false,"value":"\"12344321\""}]},"itemSubjectRef":"itm.12.db884a3c-c533-44b7-bb2d-47bec8ad4022","name":"maticnaStevilkaStranke","isCollection":false,"id":"2055.5cf0b357-0579-4253-b7f3-8ee5c2ccdd72"},{"itemSubjectRef":"itm.12.db884a3c-c533-44b7-bb2d-47bec8ad4022","name":"stevilkaPogodbe","isCollection":false,"id":"2055.414b16a0-a21c-4c81-9fe4-1bf63717d74c"},{"extensionElements":{"defaultValue":[{"declaredType":"com.ibm.bpmsdk.model.bpmn20.ibmext.TDefaultValue","useDefault":false,"value":"\"Stranka d.d.\""}]},"itemSubjectRef":"itm.12.db884a3c-c533-44b7-bb2d-47bec8ad4022","name":"nazivStranke","isCollection":false,"id":"2055.80d39307-8c88-42c2-ad13-5bf459fd512c"}]}}],"targetNamespace":"","typeLanguage":"http:\/\/www.w3.org\/2001\/XMLSchema","expressionLanguage":"http:\/\/www.ibm.com\/xmlns\/prod\/bpm\/expression-lang\/javascript"}</jsonData>
        <field1 isNull="true" />
        <field2 isNull="true" />
        <field3>0</field3>
        <field4 isNull="true" />
        <field5>false</field5>
        <clobField1 isNull="true" />
        <blobField1 isNull="true" />
        <processParameter name="davcnaStevilkaStranke">
            <lastModified isNull="true" />
            <lastModifiedBy isNull="true" />
            <tenantId isNull="true" />
            <processParameterId>2055.aca2b8ac-7f25-4cb8-9bd8-518e49877933</processParameterId>
            <processId>1.eb29077e-0854-4b7d-8452-ba4d299729fe</processId>
            <parameterType>1</parameterType>
            <isArrayOf>false</isArrayOf>
            <classId>34b0d65f-7524-4bdf-81fb-fcf6680322a1/12.db884a3c-c533-44b7-bb2d-47bec8ad4022</classId>
            <seq>1</seq>
            <hasDefault>false</hasDefault>
            <defaultValue isNull="true" />
            <isLocked>false</isLocked>
            <description isNull="true" />
            <guid>47861bd4-fb72-4cdb-ac18-b5669e1359a9</guid>
            <versionId>62b444c2-eb22-47d3-8dd6-65ab273831ca</versionId>
        </processParameter>
        <processParameter name="maticnaStevilkaStranke">
            <lastModified isNull="true" />
            <lastModifiedBy isNull="true" />
            <tenantId isNull="true" />
            <processParameterId>2055.5cf0b357-0579-4253-b7f3-8ee5c2ccdd72</processParameterId>
            <processId>1.eb29077e-0854-4b7d-8452-ba4d299729fe</processId>
            <parameterType>1</parameterType>
            <isArrayOf>false</isArrayOf>
            <classId>34b0d65f-7524-4bdf-81fb-fcf6680322a1/12.db884a3c-c533-44b7-bb2d-47bec8ad4022</classId>
            <seq>2</seq>
            <hasDefault>false</hasDefault>
            <defaultValue isNull="true" />
            <isLocked>false</isLocked>
            <description isNull="true" />
            <guid>540717f2-60fa-440a-b3d4-82fb90a1cf66</guid>
            <versionId>0b88c5f7-ad73-40b6-a575-73087be228da</versionId>
        </processParameter>
        <processParameter name="stevilkaPogodbe">
            <lastModified isNull="true" />
            <lastModifiedBy isNull="true" />
            <tenantId isNull="true" />
            <processParameterId>2055.414b16a0-a21c-4c81-9fe4-1bf63717d74c</processParameterId>
            <processId>1.eb29077e-0854-4b7d-8452-ba4d299729fe</processId>
            <parameterType>1</parameterType>
            <isArrayOf>false</isArrayOf>
            <classId>34b0d65f-7524-4bdf-81fb-fcf6680322a1/12.db884a3c-c533-44b7-bb2d-47bec8ad4022</classId>
            <seq>3</seq>
            <hasDefault>false</hasDefault>
            <defaultValue isNull="true" />
            <isLocked>false</isLocked>
            <description isNull="true" />
            <guid>b1d0bb5d-db8c-4d64-9f87-88701e9c1a43</guid>
            <versionId>66ccd4be-2faf-487f-8dae-5e68948a5192</versionId>
        </processParameter>
        <processParameter name="nazivStranke">
            <lastModified isNull="true" />
            <lastModifiedBy isNull="true" />
            <tenantId isNull="true" />
            <processParameterId>2055.80d39307-8c88-42c2-ad13-5bf459fd512c</processParameterId>
            <processId>1.eb29077e-0854-4b7d-8452-ba4d299729fe</processId>
            <parameterType>1</parameterType>
            <isArrayOf>false</isArrayOf>
            <classId>34b0d65f-7524-4bdf-81fb-fcf6680322a1/12.db884a3c-c533-44b7-bb2d-47bec8ad4022</classId>
            <seq>4</seq>
            <hasDefault>false</hasDefault>
            <defaultValue isNull="true" />
            <isLocked>false</isLocked>
            <description isNull="true" />
            <guid>b99e5a75-ea57-48b2-9de0-d73bcfe22ac6</guid>
            <versionId>56b49574-d270-4792-bb29-70f990fc51da</versionId>
        </processParameter>
        <processVariable name="naslovMejla">
            <lastModified isNull="true" />
            <lastModifiedBy isNull="true" />
            <tenantId isNull="true" />
            <processVariableId>2056.ff560230-99d4-4dfa-95b5-a7edaa597613</processVariableId>
            <description isNull="true" />
            <processId>1.eb29077e-0854-4b7d-8452-ba4d299729fe</processId>
            <namespace>2</namespace>
            <seq>1</seq>
            <isArrayOf>false</isArrayOf>
            <isTransient>false</isTransient>
            <classId>34b0d65f-7524-4bdf-81fb-fcf6680322a1/12.db884a3c-c533-44b7-bb2d-47bec8ad4022</classId>
            <hasDefault>false</hasDefault>
            <defaultValue isNull="true" />
            <guid>1db7a038-5f77-45a8-8b26-bdbef7663eb7</guid>
            <versionId>4ab4382c-b48b-473c-a2b8-4867f9d6560e</versionId>
        </processVariable>
        <processVariable name="tekstMejla">
            <lastModified isNull="true" />
            <lastModifiedBy isNull="true" />
            <tenantId isNull="true" />
            <processVariableId>2056.0e777569-2b9e-431f-a7aa-03d3cf523831</processVariableId>
            <description isNull="true" />
            <processId>1.eb29077e-0854-4b7d-8452-ba4d299729fe</processId>
            <namespace>2</namespace>
            <seq>2</seq>
            <isArrayOf>false</isArrayOf>
            <isTransient>false</isTransient>
            <classId>34b0d65f-7524-4bdf-81fb-fcf6680322a1/12.db884a3c-c533-44b7-bb2d-47bec8ad4022</classId>
            <hasDefault>false</hasDefault>
            <defaultValue isNull="true" />
            <guid>032b8c64-8247-41eb-bd0a-49df5179fa46</guid>
            <versionId>dcaff425-dd70-444d-9ea7-1a812fbad050</versionId>
        </processVariable>
        <item>
            <lastModified isNull="true" />
            <lastModifiedBy isNull="true" />
            <tenantId isNull="true" />
            <processItemId>2025.c8513389-8911-4c1e-ab5f-d7d54a2aaa88</processItemId>
            <processId>1.eb29077e-0854-4b7d-8452-ba4d299729fe</processId>
            <name>Poslji Email</name>
            <tWComponentName>SubProcess</tWComponentName>
            <tWComponentId>3012.17adcd7d-3271-439f-9b99-81e74ae4a82f</tWComponentId>
            <isLogEnabled>false</isLogEnabled>
            <isTraceEnabled>false</isTraceEnabled>
            <traceCategory isNull="true" />
            <traceLevel isNull="true" />
            <traceMessage isNull="true" />
            <traceSymbolTable isNull="true" />
            <isExecutionContextTraced>false</isExecutionContextTraced>
            <saveExecutionContext>false</saveExecutionContext>
            <documentation isNull="true" />
            <isErrorHandlerEnabled>false</isErrorHandlerEnabled>
            <errorHandlerItemId isNull="true" />
            <guid>guid:e22bca228b031700:5368b5ee:199c9161a7d:-75b3</guid>
            <versionId>93d0f5f2-c6c2-44e9-9d1c-495cecdbe1cd</versionId>
            <externalServiceRef isNull="true" />
            <externalServiceOp isNull="true" />
            <nodeColor isNull="true" />
            <layoutData x="293" y="57">
                <errorLink>
                    <controlPoints />
                    <showEndState>false</showEndState>
                    <showName>false</showName>
                </errorLink>
            </layoutData>
            <TWComponent>
                <lastModified isNull="true" />
                <lastModifiedBy isNull="true" />
                <tenantId isNull="true" />
                <subProcessId>3012.17adcd7d-3271-439f-9b99-81e74ae4a82f</subProcessId>
                <attachedProcessRef>34b0d65f-7524-4bdf-81fb-fcf6680322a1/1.13cc4635-1e1b-4165-9afa-6f411d4b4f62</attachedProcessRef>
                <guid>91ffac2e-7b24-425e-a0b5-334f39a0aed5</guid>
                <versionId>213bf19a-d151-400b-aeeb-e5942cc71d30</versionId>
                <parameterMapping name="replyTo">
                    <lastModified isNull="true" />
                    <lastModifiedBy isNull="true" />
                    <tenantId isNull="true" />
                    <parameterMappingId>2054.dfcff411-bd8f-44ca-b3e4-142aacf9b8ea</parameterMappingId>
                    <processParameterId>2055.406ae771-5c04-4a03-9860-7a5d51f80757</processParameterId>
                    <parameterMappingParentId>3012.17adcd7d-3271-439f-9b99-81e74ae4a82f</parameterMappingParentId>
                    <useDefault>false</useDefault>
                    <value>null</value>
                    <classRef>/12.db884a3c-c533-44b7-bb2d-47bec8ad4022</classRef>
                    <isList>false</isList>
                    <isInput>true</isInput>
                    <mappingMode isNull="true" />
                    <sourcePath isNull="true" />
                    <targetPath isNull="true" />
                    <guid>d0626da0-f736-42d7-8082-699de50c7ddd</guid>
                    <versionId>1db131a5-bb97-48ae-b08c-207caf853f2e</versionId>
                    <description isNull="true" />
                </parameterMapping>
                <parameterMapping name="smtpHost">
                    <lastModified isNull="true" />
                    <lastModifiedBy isNull="true" />
                    <tenantId isNull="true" />
                    <parameterMappingId>2054.2c01b2cf-31c8-4794-b7ea-a8fa4d6bd917</parameterMappingId>
                    <processParameterId>2055.941ed838-3fbe-42f5-b8b4-57064fc0f743</processParameterId>
                    <parameterMappingParentId>3012.17adcd7d-3271-439f-9b99-81e74ae4a82f</parameterMappingParentId>
                    <useDefault>false</useDefault>
                    <value>tw.env.MAIL_SMTP_HOST</value>
                    <classRef>/12.db884a3c-c533-44b7-bb2d-47bec8ad4022</classRef>
                    <isList>false</isList>
                    <isInput>true</isInput>
                    <mappingMode isNull="true" />
                    <sourcePath isNull="true" />
                    <targetPath isNull="true" />
                    <guid>efa83525-17d2-4998-b614-41ee97a69c1c</guid>
                    <versionId>3977b82f-ec25-4a61-967a-e0307dc114a1</versionId>
                    <description isNull="true" />
                </parameterMapping>
                <parameterMapping name="to">
                    <lastModified isNull="true" />
                    <lastModifiedBy isNull="true" />
                    <tenantId isNull="true" />
                    <parameterMappingId>2054.4335d21b-bba4-4acb-964a-930e86fbc135</parameterMappingId>
                    <processParameterId>2055.e4a8f4de-e03d-4a22-aac3-ced21eeb6f26</processParameterId>
                    <parameterMappingParentId>3012.17adcd7d-3271-439f-9b99-81e74ae4a82f</parameterMappingParentId>
                    <useDefault>false</useDefault>
                    <value>tw.env.MAIL_CREDES</value>
                    <classRef>/12.db884a3c-c533-44b7-bb2d-47bec8ad4022</classRef>
                    <isList>false</isList>
                    <isInput>true</isInput>
                    <mappingMode isNull="true" />
                    <sourcePath isNull="true" />
                    <targetPath isNull="true" />
                    <guid>6d783d09-1751-4736-87d9-e58a42242f99</guid>
                    <versionId>4cb30a76-4fd3-4559-97b9-940aac23bfd0</versionId>
                    <description isNull="true" />
                </parameterMapping>
                <parameterMapping name="contentType">
                    <lastModified isNull="true" />
                    <lastModifiedBy isNull="true" />
                    <tenantId isNull="true" />
                    <parameterMappingId>2054.e34f63b1-98fe-4eb6-b054-b98af5e39993</parameterMappingId>
                    <processParameterId>2055.3e811662-d427-4537-b2f6-fa9907d9677c</processParameterId>
                    <parameterMappingParentId>3012.17adcd7d-3271-439f-9b99-81e74ae4a82f</parameterMappingParentId>
                    <useDefault>false</useDefault>
                    <value>tw.env.MAIL_NOTIFIKACIJA_CONTENT_TYPE</value>
                    <classRef>/12.db884a3c-c533-44b7-bb2d-47bec8ad4022</classRef>
                    <isList>false</isList>
                    <isInput>true</isInput>
                    <mappingMode isNull="true" />
                    <sourcePath isNull="true" />
                    <targetPath isNull="true" />
                    <guid>ad881ea8-fcf7-4c5b-84ee-40015f76b421</guid>
                    <versionId>5a9b3182-d5a6-4707-a444-0c5329025586</versionId>
                    <description isNull="true" />
                </parameterMapping>
                <parameterMapping name="messageText">
                    <lastModified isNull="true" />
                    <lastModifiedBy isNull="true" />
                    <tenantId isNull="true" />
                    <parameterMappingId>2054.221d0eb6-cd0e-4264-b796-17e33f602cb8</parameterMappingId>
                    <processParameterId>2055.e8912baa-d516-4758-be53-20c3d6c61326</processParameterId>
                    <parameterMappingParentId>3012.17adcd7d-3271-439f-9b99-81e74ae4a82f</parameterMappingParentId>
                    <useDefault>false</useDefault>
                    <value>tw.local.tekstMejla</value>
                    <classRef>/12.db884a3c-c533-44b7-bb2d-47bec8ad4022</classRef>
                    <isList>false</isList>
                    <isInput>true</isInput>
                    <mappingMode isNull="true" />
                    <sourcePath isNull="true" />
                    <targetPath isNull="true" />
                    <guid>a82f1c57-3010-4c89-87c4-c3a6e6103a66</guid>
                    <versionId>6d8c4a7e-7783-4a9b-a0ef-1cbd65720771</versionId>
                    <description isNull="true" />
                </parameterMapping>
                <parameterMapping name="bcc">
                    <lastModified isNull="true" />
                    <lastModifiedBy isNull="true" />
                    <tenantId isNull="true" />
                    <parameterMappingId>2054.7a2c91c3-6ebf-487e-9075-cd2a9ac273c7</parameterMappingId>
                    <processParameterId>2055.7190c535-7820-4319-9b19-3bd1bfb74112</processParameterId>
                    <parameterMappingParentId>3012.17adcd7d-3271-439f-9b99-81e74ae4a82f</parameterMappingParentId>
                    <useDefault>false</useDefault>
                    <value>null</value>
                    <classRef>/12.db884a3c-c533-44b7-bb2d-47bec8ad4022</classRef>
                    <isList>false</isList>
                    <isInput>true</isInput>
                    <mappingMode isNull="true" />
                    <sourcePath isNull="true" />
                    <targetPath isNull="true" />
                    <guid>3fb045e9-0391-4488-858f-387b727e287e</guid>
                    <versionId>6dec4e48-89c4-4373-9515-63ee2d43447e</versionId>
                    <description isNull="true" />
                </parameterMapping>
                <parameterMapping name="cc">
                    <lastModified isNull="true" />
                    <lastModifiedBy isNull="true" />
                    <tenantId isNull="true" />
                    <parameterMappingId>2054.a530925d-7ceb-4e48-8ff1-a8ff146887fa</parameterMappingId>
                    <processParameterId>2055.50e8c0fd-6bc1-4da9-9cb2-d084644dd6de</processParameterId>
                    <parameterMappingParentId>3012.17adcd7d-3271-439f-9b99-81e74ae4a82f</parameterMappingParentId>
                    <useDefault>false</useDefault>
                    <value>null</value>
                    <classRef>/12.db884a3c-c533-44b7-bb2d-47bec8ad4022</classRef>
                    <isList>false</isList>
                    <isInput>true</isInput>
                    <mappingMode isNull="true" />
                    <sourcePath isNull="true" />
                    <targetPath isNull="true" />
                    <guid>4eace87c-b0db-4bcc-994c-93da6da2d159</guid>
                    <versionId>75d4dcfe-d7cc-420a-9aaf-4becd10aa46b</versionId>
                    <description isNull="true" />
                </parameterMapping>
                <parameterMapping name="importance">
                    <lastModified isNull="true" />
                    <lastModifiedBy isNull="true" />
                    <tenantId isNull="true" />
                    <parameterMappingId>2054.d3bfc352-3ba8-49db-b335-733a5d9c055b</parameterMappingId>
                    <processParameterId>2055.39892d28-b0cb-4907-a4cc-ceae9d67bd8f</processParameterId>
                    <parameterMappingParentId>3012.17adcd7d-3271-439f-9b99-81e74ae4a82f</parameterMappingParentId>
                    <useDefault>false</useDefault>
                    <value>null</value>
                    <classRef>/12.db884a3c-c533-44b7-bb2d-47bec8ad4022</classRef>
                    <isList>false</isList>
                    <isInput>true</isInput>
                    <mappingMode isNull="true" />
                    <sourcePath isNull="true" />
                    <targetPath isNull="true" />
                    <guid>d865d1b9-88b9-4a9e-b053-6756f8d1ce92</guid>
                    <versionId>8e9eabf1-e15d-4b82-85a9-cd53c7982ad7</versionId>
                    <description isNull="true" />
                </parameterMapping>
                <parameterMapping name="attachmentFileNames">
                    <lastModified isNull="true" />
                    <lastModifiedBy isNull="true" />
                    <tenantId isNull="true" />
                    <parameterMappingId>2054.9846cd94-638b-4b33-8bf2-3a627d7dd8d3</parameterMappingId>
                    <processParameterId>2055.5309394e-b0d6-44c1-83be-be3b5b9ba8b1</processParameterId>
                    <parameterMappingParentId>3012.17adcd7d-3271-439f-9b99-81e74ae4a82f</parameterMappingParentId>
                    <useDefault>false</useDefault>
                    <value>null</value>
                    <classRef>/12.db884a3c-c533-44b7-bb2d-47bec8ad4022</classRef>
                    <isList>false</isList>
                    <isInput>true</isInput>
                    <mappingMode isNull="true" />
                    <sourcePath isNull="true" />
                    <targetPath isNull="true" />
                    <guid>101ec238-e508-4fbb-ad0a-745bd527a88b</guid>
                    <versionId>ad4c7ab9-ca6b-4ed2-8bfa-3970493aa43f</versionId>
                    <description isNull="true" />
                </parameterMapping>
                <parameterMapping name="subject">
                    <lastModified isNull="true" />
                    <lastModifiedBy isNull="true" />
                    <tenantId isNull="true" />
                    <parameterMappingId>2054.d913ad6a-134b-4920-a616-8cd52afe72bf</parameterMappingId>
                    <processParameterId>2055.bb90bf7b-d066-47c7-96fd-1b8984a5246d</processParameterId>
                    <parameterMappingParentId>3012.17adcd7d-3271-439f-9b99-81e74ae4a82f</parameterMappingParentId>
                    <useDefault>false</useDefault>
                    <value>tw.local.naslovMejla</value>
                    <classRef>/12.db884a3c-c533-44b7-bb2d-47bec8ad4022</classRef>
                    <isList>false</isList>
                    <isInput>true</isInput>
                    <mappingMode isNull="true" />
                    <sourcePath isNull="true" />
                    <targetPath isNull="true" />
                    <guid>7e19be85-8698-472e-8c08-58982e2a4f6f</guid>
                    <versionId>b2038ea9-b228-4873-b454-c667b4108f87</versionId>
                    <description isNull="true" />
                </parameterMapping>
                <parameterMapping name="from">
                    <lastModified isNull="true" />
                    <lastModifiedBy isNull="true" />
                    <tenantId isNull="true" />
                    <parameterMappingId>2054.de0cea3e-c0fa-4e9d-943c-9199c014cab3</parameterMappingId>
                    <processParameterId>2055.51fca2c0-8a77-45f5-9e68-542b26e07ea3</processParameterId>
                    <parameterMappingParentId>3012.17adcd7d-3271-439f-9b99-81e74ae4a82f</parameterMappingParentId>
                    <useDefault>false</useDefault>
                    <value>tw.env.MAIL_NOTIFIKACIJA_FROM</value>
                    <classRef>/12.db884a3c-c533-44b7-bb2d-47bec8ad4022</classRef>
                    <isList>false</isList>
                    <isInput>true</isInput>
                    <mappingMode isNull="true" />
                    <sourcePath isNull="true" />
                    <targetPath isNull="true" />
                    <guid>61a3f07c-3adf-48df-a754-9f156c7ab97a</guid>
                    <versionId>e549d58f-3cd8-4a93-911d-c7280c53521e</versionId>
                    <description isNull="true" />
                </parameterMapping>
            </TWComponent>
        </item>
        <item>
            <lastModified isNull="true" />
            <lastModifiedBy isNull="true" />
            <tenantId isNull="true" />
            <processItemId>2025.ab13be4e-e5f4-495a-aac8-31f8358f026b</processItemId>
            <processId>1.eb29077e-0854-4b7d-8452-ba4d299729fe</processId>
            <name>Priprava teksta mejla</name>
            <tWComponentName>Script</tWComponentName>
            <tWComponentId>3011.21166782-cfb4-498c-bd98-08a037165f1e</tWComponentId>
            <isLogEnabled>false</isLogEnabled>
            <isTraceEnabled>false</isTraceEnabled>
            <traceCategory isNull="true" />
            <traceLevel isNull="true" />
            <traceMessage isNull="true" />
            <traceSymbolTable isNull="true" />
            <isExecutionContextTraced>false</isExecutionContextTraced>
            <saveExecutionContext>false</saveExecutionContext>
            <documentation isNull="true" />
            <isErrorHandlerEnabled>false</isErrorHandlerEnabled>
            <errorHandlerItemId isNull="true" />
            <guid>guid:e22bca228b031700:5368b5ee:199c9161a7d:-75b2</guid>
            <versionId>bea7ca62-50b9-45ad-b207-9983020029fd</versionId>
            <externalServiceRef isNull="true" />
            <externalServiceOp isNull="true" />
            <nodeColor isNull="true" />
            <layoutData x="165" y="57">
                <errorLink>
                    <controlPoints />
                    <showEndState>false</showEndState>
                    <showName>false</showName>
                </errorLink>
            </layoutData>
            <TWComponent>
                <lastModified isNull="true" />
                <lastModifiedBy isNull="true" />
                <tenantId isNull="true" />
                <scriptId>3011.21166782-cfb4-498c-bd98-08a037165f1e</scriptId>
                <scriptTypeId>2</scriptTypeId>
                <isActive>true</isActive>
                <script>tw.local.naslovMejla = "Prenos pogodbe iz NKA";&#xD;
tw.local.tekstMejla = "\&#xD;
Pozdravljeni!&lt;br&gt;&lt;br&gt; \&#xD;
Iz NKA je bil v Credes prenesena nova pogodba št.  " +&#xD;
      tw.local.stevilkaPogodbe +&#xD;
     " za stranko " +&#xD;
      tw.local.nazivStranke +&#xD;
      " z matično številko " +&#xD;
      tw.local.maticnaStevilkaStranke +&#xD;
      " in davčno številko " +&#xD;
      tw.local.davcnaStevilkaStranke +&#xD;
      ".&lt;br&gt;&lt;br&gt; \&#xD;
Lep pozdrav!";&#xD;
</script>
                <isRule>false</isRule>
                <guid>3742a50b-6ef6-42e3-bb88-90bae8838915</guid>
                <versionId>41a1f52e-2656-48a0-ad0a-749718f354c5</versionId>
            </TWComponent>
        </item>
        <item>
            <lastModified isNull="true" />
            <lastModifiedBy isNull="true" />
            <tenantId isNull="true" />
            <processItemId>2025.a948eb36-508e-460f-ae62-c52d7d40a666</processItemId>
            <processId>1.eb29077e-0854-4b7d-8452-ba4d299729fe</processId>
            <name>End</name>
            <tWComponentName>ExitPoint</tWComponentName>
            <tWComponentId>3008.cafc149e-054e-4613-bc06-3fe98f318079</tWComponentId>
            <isLogEnabled>false</isLogEnabled>
            <isTraceEnabled>false</isTraceEnabled>
            <traceCategory isNull="true" />
            <traceLevel isNull="true" />
            <traceMessage isNull="true" />
            <traceSymbolTable isNull="true" />
            <isExecutionContextTraced>false</isExecutionContextTraced>
            <saveExecutionContext>true</saveExecutionContext>
            <documentation isNull="true" />
            <isErrorHandlerEnabled>false</isErrorHandlerEnabled>
            <errorHandlerItemId isNull="true" />
            <guid>guid:e22bca228b031700:5368b5ee:199c9161a7d:-75b1</guid>
            <versionId>f5878ab0-3a41-43f7-85e3-62368b568a82</versionId>
            <externalServiceRef isNull="true" />
            <externalServiceOp isNull="true" />
            <nodeColor isNull="true" />
            <layoutData x="650" y="80">
                <errorLink>
                    <controlPoints />
                    <showEndState>false</showEndState>
                    <showName>false</showName>
                </errorLink>
            </layoutData>
            <TWComponent>
                <lastModified isNull="true" />
                <lastModifiedBy isNull="true" />
                <tenantId isNull="true" />
                <exitPointId>3008.cafc149e-054e-4613-bc06-3fe98f318079</exitPointId>
                <haltProcess>false</haltProcess>
                <guid>a5ba0665-4141-4abd-9ec1-676b8ea3654d</guid>
                <versionId>8f3d5929-da89-4fd3-af67-d887a5862230</versionId>
            </TWComponent>
        </item>
        <startingProcessItemId>2025.ab13be4e-e5f4-495a-aac8-31f8358f026b</startingProcessItemId>
        <errorHandlerItemId isNull="true" />
        <layoutData noConversion="true">
            <errorLink>
                <controlPoints />
                <showEndState>false</showEndState>
                <showName>false</showName>
            </errorLink>
        </layoutData>
        <startPoint>
            <layoutData x="25" y="80">
                <errorLink>
                    <controlPoints />
                    <showEndState>false</showEndState>
                    <showName>false</showName>
                </errorLink>
            </layoutData>
        </startPoint>
        <startLink>
            <fromPort locationId="rightCenter" portType="1" />
            <toPort locationId="leftCenter" portType="2" />
            <layoutData>
                <controlPoints />
                <showEndState>false</showEndState>
                <showName>false</showName>
            </layoutData>
        </startLink>
        <bpmn2Model>
            <ns16:definitions xmlns:ns16="http://www.omg.org/spec/BPMN/20100524/MODEL" xmlns:ns2="http://www.ibm.com/xmlns/prod/bpm/bpmn/ext/process/case" xmlns:ns3="http://www.ibm.com/xmlns/prod/bpm/bpmn/ext/process" xmlns:ns4="http://www.ibm.com/xmlns/prod/bpm/bpmn/ext/process/wle" xmlns:ns5="http://www.ibm.com/bpm/Extensions" xmlns:ns6="http://www.ibm.com/xmlns/prod/bpm/uca" xmlns:ns7="http://www.ibm.com/xmlns/prod/bpm/bpmn/ext/team" xmlns:ns8="http://www.ibm.com/xmlns/prod/bpm/bpmn/ext/trackinggroup" xmlns:ns9="http://www.ibm.com/xmlns/bpmnx/20100524/v1/BusinessVocabulary" xmlns:ns10="http://www.omg.org/spec/DD/20100524/DI" xmlns:ns11="http://www.omg.org/spec/DD/20100524/DC" xmlns:ns12="http://www.omg.org/spec/BPMN/20100524/BPMNDI" xmlns:ns13="http://www.ibm.com/xmlns/prod/bpm/graph" xmlns:ns14="http://www.ibm.com/xmlns/prod/bpm/bpmn/ext/process/auth" xmlns:ns15="http://www.ibm.com/xmlns/prod/bpm/bpmn/ext/extservice" xmlns:ns17="http://www.ibm.com/bpm/processappsettings" xmlns:ns18="http://www.ibm.com/xmlns/links" xmlns:ns19="http://www.ibm.com/bpm/CoachDesignerNG" xmlns:ns20="http://www.ibm.com/xmlns/tagging" xmlns:ns21="http://www.ibm.com/bpm/uitheme" xmlns:ns22="http://www.ibm.com/bpm/coachview" targetNamespace="" expressionLanguage="http://www.ibm.com/xmlns/prod/bpm/expression-lang/javascript" typeLanguage="http://www.w3.org/2001/XMLSchema">
                <ns16:process name="Mail prenos v credes SF" id="1.eb29077e-0854-4b7d-8452-ba4d299729fe" ns3:executionMode="microflow">
                    <ns16:documentation textFormat="text/plain">Servis za pripremu i slanje mejla skrbniku spremljave nakon dodele vloge u milestoneu za podpisivanje.</ns16:documentation>
                    <ns16:extensionElements>
                        <ns3:isSecured>true</ns3:isSecured>
                        <ns3:isAjaxExposed>true</ns3:isAjaxExposed>
                        <ns3:sboSyncEnabled>true</ns3:sboSyncEnabled>
                    </ns16:extensionElements>
                    <ns16:ioSpecification>
                        <ns16:dataInput name="davcnaStevilkaStranke" itemSubjectRef="itm.12.db884a3c-c533-44b7-bb2d-47bec8ad4022" isCollection="false" id="2055.aca2b8ac-7f25-4cb8-9bd8-518e49877933">
                            <ns16:extensionElements>
                                <ns3:defaultValue useDefault="false">"12345678"</ns3:defaultValue>
                            </ns16:extensionElements>
                        </ns16:dataInput>
                        <ns16:dataInput name="maticnaStevilkaStranke" itemSubjectRef="itm.12.db884a3c-c533-44b7-bb2d-47bec8ad4022" isCollection="false" id="2055.5cf0b357-0579-4253-b7f3-8ee5c2ccdd72">
                            <ns16:extensionElements>
                                <ns3:defaultValue useDefault="false">"12344321"</ns3:defaultValue>
                            </ns16:extensionElements>
                        </ns16:dataInput>
                        <ns16:dataInput name="stevilkaPogodbe" itemSubjectRef="itm.12.db884a3c-c533-44b7-bb2d-47bec8ad4022" isCollection="false" id="2055.414b16a0-a21c-4c81-9fe4-1bf63717d74c" />
                        <ns16:dataInput name="nazivStranke" itemSubjectRef="itm.12.db884a3c-c533-44b7-bb2d-47bec8ad4022" isCollection="false" id="2055.80d39307-8c88-42c2-ad13-5bf459fd512c">
                            <ns16:extensionElements>
                                <ns3:defaultValue useDefault="false">"Stranka d.d."</ns3:defaultValue>
                            </ns16:extensionElements>
                        </ns16:dataInput>
                        <ns16:inputSet>
                            <ns16:dataInputRefs>2055.aca2b8ac-7f25-4cb8-9bd8-518e49877933</ns16:dataInputRefs>
                            <ns16:dataInputRefs>2055.5cf0b357-0579-4253-b7f3-8ee5c2ccdd72</ns16:dataInputRefs>
                            <ns16:dataInputRefs>2055.414b16a0-a21c-4c81-9fe4-1bf63717d74c</ns16:dataInputRefs>
                            <ns16:dataInputRefs>2055.80d39307-8c88-42c2-ad13-5bf459fd512c</ns16:dataInputRefs>
                        </ns16:inputSet>
                        <ns16:outputSet />
                    </ns16:ioSpecification>
                    <ns16:laneSet id="60a6a88e-7d65-4d85-a91c-a19c53a77e1c">
                        <ns16:lane name="System" partitionElementRef="24.6fd38d02-81cf-48ab-bd42-8ff4c0a1628b" id="cd07c59c-9bd4-46a7-b24f-4e0de0d8d92c" ns4:isSystemLane="true">
                            <ns16:extensionElements>
                                <ns13:nodeVisualInfo x="0" y="0" width="3000" height="500" color="#F8F8F8" />
                            </ns16:extensionElements>
                            <ns16:flowNodeRef>858a9316-50a4-4e50-a2c9-9977161ee4c9</ns16:flowNodeRef>
                            <ns16:flowNodeRef>a948eb36-508e-460f-ae62-c52d7d40a666</ns16:flowNodeRef>
                            <ns16:flowNodeRef>ab13be4e-e5f4-495a-aac8-31f8358f026b</ns16:flowNodeRef>
                            <ns16:flowNodeRef>c8513389-8911-4c1e-ab5f-d7d54a2aaa88</ns16:flowNodeRef>
                        </ns16:lane>
                    </ns16:laneSet>
                    <ns16:startEvent isInterrupting="false" parallelMultiple="false" name="Start" id="858a9316-50a4-4e50-a2c9-9977161ee4c9">
                        <ns16:extensionElements>
                            <ns13:nodeVisualInfo x="25" y="80" width="24" height="24" color="#F8F8F8" />
                        </ns16:extensionElements>
                        <ns16:outgoing>2027.10ba595b-e391-4cab-9c5c-7d7d92d9d607</ns16:outgoing>
                    </ns16:startEvent>
                    <ns16:endEvent name="End" id="a948eb36-508e-460f-ae62-c52d7d40a666">
                        <ns16:extensionElements>
                            <ns13:nodeVisualInfo x="650" y="80" width="24" height="24" color="#F8F8F8" />
                            <ns4:saveExecutionContext>true</ns4:saveExecutionContext>
                            <ns3:endStateId>guid:e22bca228b031700:5368b5ee:199c9161a7d:-75b1</ns3:endStateId>
                        </ns16:extensionElements>
                        <ns16:incoming>b5ffa57b-9a29-43fb-9672-30d13159140c</ns16:incoming>
                    </ns16:endEvent>
                    <ns16:sequenceFlow sourceRef="858a9316-50a4-4e50-a2c9-9977161ee4c9" targetRef="ab13be4e-e5f4-495a-aac8-31f8358f026b" name="To Priprava teksta mejla" id="2027.10ba595b-e391-4cab-9c5c-7d7d92d9d607">
                        <ns16:extensionElements>
                            <ns13:linkVisualInfo>
                                <ns13:sourcePortLocation>rightCenter</ns13:sourcePortLocation>
                                <ns13:targetPortLocation>leftCenter</ns13:targetPortLocation>
                                <ns13:showLabel>false</ns13:showLabel>
                                <ns13:showCoachControlLabel>false</ns13:showCoachControlLabel>
                                <ns13:labelPosition>0.0</ns13:labelPosition>
                                <ns13:saveExecutionContext>false</ns13:saveExecutionContext>
                            </ns13:linkVisualInfo>
                        </ns16:extensionElements>
                    </ns16:sequenceFlow>
                    <ns16:scriptTask scriptFormat="text/x-javascript" name="Priprava teksta mejla" id="ab13be4e-e5f4-495a-aac8-31f8358f026b">
                        <ns16:extensionElements>
                            <ns13:nodeVisualInfo x="165" y="57" width="95" height="70" />
                        </ns16:extensionElements>
                        <ns16:incoming>2027.10ba595b-e391-4cab-9c5c-7d7d92d9d607</ns16:incoming>
                        <ns16:outgoing>89271323-37b2-4f86-84c6-3c710a4d6ccf</ns16:outgoing>
                        <ns16:script>tw.local.naslovMejla = "Prenos pogodbe iz NKA";&#xD;
tw.local.tekstMejla = "\&#xD;
Pozdravljeni!&lt;br&gt;&lt;br&gt; \&#xD;
Iz NKA je bil v Credes prenesena nova pogodba št.  " +&#xD;
      tw.local.stevilkaPogodbe +&#xD;
     " za stranko " +&#xD;
      tw.local.nazivStranke +&#xD;
      " z matično številko " +&#xD;
      tw.local.maticnaStevilkaStranke +&#xD;
      " in davčno številko " +&#xD;
      tw.local.davcnaStevilkaStranke +&#xD;
      ".&lt;br&gt;&lt;br&gt; \&#xD;
Lep pozdrav!";&#xD;
</ns16:script>
                    </ns16:scriptTask>
                    <ns16:sequenceFlow sourceRef="ab13be4e-e5f4-495a-aac8-31f8358f026b" targetRef="c8513389-8911-4c1e-ab5f-d7d54a2aaa88" name="To Poslji Email" id="89271323-37b2-4f86-84c6-3c710a4d6ccf">
                        <ns16:extensionElements>
                            <ns3:sequenceFlowImplementation sboSyncEnabled="true" />
                            <ns13:linkVisualInfo>
                                <ns13:sourcePortLocation>rightCenter</ns13:sourcePortLocation>
                                <ns13:targetPortLocation>leftCenter</ns13:targetPortLocation>
                                <ns13:showLabel>false</ns13:showLabel>
                                <ns13:showCoachControlLabel>false</ns13:showCoachControlLabel>
                                <ns13:labelPosition>0.0</ns13:labelPosition>
                                <ns13:saveExecutionContext>true</ns13:saveExecutionContext>
                            </ns13:linkVisualInfo>
                        </ns16:extensionElements>
                    </ns16:sequenceFlow>
                    <ns16:dataObject itemSubjectRef="itm.12.db884a3c-c533-44b7-bb2d-47bec8ad4022" isCollection="false" name="naslovMejla" id="2056.ff560230-99d4-4dfa-95b5-a7edaa597613" />
                    <ns16:dataObject itemSubjectRef="itm.12.db884a3c-c533-44b7-bb2d-47bec8ad4022" isCollection="false" name="tekstMejla" id="2056.0e777569-2b9e-431f-a7aa-03d3cf523831" />
                    <ns16:callActivity calledElement="1.13cc4635-1e1b-4165-9afa-6f411d4b4f62" name="Poslji Email" id="c8513389-8911-4c1e-ab5f-d7d54a2aaa88">
                        <ns16:extensionElements>
                            <ns13:nodeVisualInfo x="293" y="57" width="95" height="70" />
                            <ns4:activityType>CalledProcess</ns4:activityType>
                        </ns16:extensionElements>
                        <ns16:incoming>89271323-37b2-4f86-84c6-3c710a4d6ccf</ns16:incoming>
                        <ns16:outgoing>b5ffa57b-9a29-43fb-9672-30d13159140c</ns16:outgoing>
                        <ns16:dataInputAssociation>
                            <ns16:targetRef>2055.51fca2c0-8a77-45f5-9e68-542b26e07ea3</ns16:targetRef>
                            <ns16:assignment>
                                <ns16:from xmlns:xsi="http://www.w3.org/2001/XMLSchema-instance" xsi:type="ns16:tFormalExpression" evaluatesToTypeRef="itm.12.c09c9b6e-aabd-4897-bef2-ed61db106297">tw.env.MAIL_NOTIFIKACIJA_FROM</ns16:from>
                            </ns16:assignment>
                        </ns16:dataInputAssociation>
                        <ns16:dataInputAssociation>
                            <ns16:targetRef>2055.bb90bf7b-d066-47c7-96fd-1b8984a5246d</ns16:targetRef>
                            <ns16:assignment>
                                <ns16:from xmlns:xsi="http://www.w3.org/2001/XMLSchema-instance" xsi:type="ns16:tFormalExpression" evaluatesToTypeRef="itm.12.db884a3c-c533-44b7-bb2d-47bec8ad4022">tw.local.naslovMejla</ns16:from>
                            </ns16:assignment>
                        </ns16:dataInputAssociation>
                        <ns16:dataInputAssociation>
                            <ns16:targetRef>2055.e8912baa-d516-4758-be53-20c3d6c61326</ns16:targetRef>
                            <ns16:assignment>
                                <ns16:from xmlns:xsi="http://www.w3.org/2001/XMLSchema-instance" xsi:type="ns16:tFormalExpression" evaluatesToTypeRef="itm.12.db884a3c-c533-44b7-bb2d-47bec8ad4022">tw.local.tekstMejla</ns16:from>
                            </ns16:assignment>
                        </ns16:dataInputAssociation>
                        <ns16:dataInputAssociation>
                            <ns16:targetRef>2055.941ed838-3fbe-42f5-b8b4-57064fc0f743</ns16:targetRef>
                            <ns16:assignment>
                                <ns16:from xmlns:xsi="http://www.w3.org/2001/XMLSchema-instance" xsi:type="ns16:tFormalExpression" evaluatesToTypeRef="itm.12.c09c9b6e-aabd-4897-bef2-ed61db106297">tw.env.MAIL_SMTP_HOST</ns16:from>
                            </ns16:assignment>
                        </ns16:dataInputAssociation>
                        <ns16:dataInputAssociation>
                            <ns16:targetRef>2055.50e8c0fd-6bc1-4da9-9cb2-d084644dd6de</ns16:targetRef>
                            <ns16:assignment>
                                <ns16:from xmlns:xsi="http://www.w3.org/2001/XMLSchema-instance" xsi:type="ns16:tFormalExpression" evaluatesToTypeRef="itm.12.c09c9b6e-aabd-4897-bef2-ed61db106297">null</ns16:from>
                            </ns16:assignment>
                        </ns16:dataInputAssociation>
                        <ns16:dataInputAssociation>
                            <ns16:targetRef>2055.7190c535-7820-4319-9b19-3bd1bfb74112</ns16:targetRef>
                            <ns16:assignment>
                                <ns16:from xmlns:xsi="http://www.w3.org/2001/XMLSchema-instance" xsi:type="ns16:tFormalExpression" evaluatesToTypeRef="itm.12.c09c9b6e-aabd-4897-bef2-ed61db106297">null</ns16:from>
                            </ns16:assignment>
                        </ns16:dataInputAssociation>
                        <ns16:dataInputAssociation>
                            <ns16:targetRef>2055.406ae771-5c04-4a03-9860-7a5d51f80757</ns16:targetRef>
                            <ns16:assignment>
                                <ns16:from xmlns:xsi="http://www.w3.org/2001/XMLSchema-instance" xsi:type="ns16:tFormalExpression" evaluatesToTypeRef="itm.12.c09c9b6e-aabd-4897-bef2-ed61db106297">null</ns16:from>
                            </ns16:assignment>
                        </ns16:dataInputAssociation>
                        <ns16:dataInputAssociation>
                            <ns16:targetRef>2055.39892d28-b0cb-4907-a4cc-ceae9d67bd8f</ns16:targetRef>
                            <ns16:assignment>
                                <ns16:from xmlns:xsi="http://www.w3.org/2001/XMLSchema-instance" xsi:type="ns16:tFormalExpression" evaluatesToTypeRef="itm.12.c09c9b6e-aabd-4897-bef2-ed61db106297">null</ns16:from>
                            </ns16:assignment>
                        </ns16:dataInputAssociation>
                        <ns16:dataInputAssociation>
                            <ns16:targetRef>2055.5309394e-b0d6-44c1-83be-be3b5b9ba8b1</ns16:targetRef>
                            <ns16:assignment>
                                <ns16:from xmlns:xsi="http://www.w3.org/2001/XMLSchema-instance" xsi:type="ns16:tFormalExpression" evaluatesToTypeRef="itm.12.c09c9b6e-aabd-4897-bef2-ed61db106297">null</ns16:from>
                            </ns16:assignment>
                        </ns16:dataInputAssociation>
                        <ns16:dataInputAssociation>
                            <ns16:targetRef>2055.3e811662-d427-4537-b2f6-fa9907d9677c</ns16:targetRef>
                            <ns16:assignment>
                                <ns16:from xmlns:xsi="http://www.w3.org/2001/XMLSchema-instance" xsi:type="ns16:tFormalExpression" evaluatesToTypeRef="itm.12.c09c9b6e-aabd-4897-bef2-ed61db106297">tw.env.MAIL_NOTIFIKACIJA_CONTENT_TYPE</ns16:from>
                            </ns16:assignment>
                        </ns16:dataInputAssociation>
                        <ns16:dataInputAssociation>
                            <ns16:targetRef>2055.e4a8f4de-e03d-4a22-aac3-ced21eeb6f26</ns16:targetRef>
                            <ns16:assignment>
                                <ns16:from xmlns:xsi="http://www.w3.org/2001/XMLSchema-instance" xsi:type="ns16:tFormalExpression" evaluatesToTypeRef="itm.12.c09c9b6e-aabd-4897-bef2-ed61db106297">tw.env.MAIL_CREDES</ns16:from>
                            </ns16:assignment>
                        </ns16:dataInputAssociation>
                    </ns16:callActivity>
                    <ns16:sequenceFlow sourceRef="c8513389-8911-4c1e-ab5f-d7d54a2aaa88" targetRef="a948eb36-508e-460f-ae62-c52d7d40a666" name="To End" id="b5ffa57b-9a29-43fb-9672-30d13159140c">
                        <ns16:extensionElements>
                            <ns3:sequenceFlowImplementation sboSyncEnabled="true" />
                            <ns13:linkVisualInfo>
                                <ns13:sourcePortLocation>rightCenter</ns13:sourcePortLocation>
                                <ns13:targetPortLocation>leftCenter</ns13:targetPortLocation>
                                <ns13:showLabel>false</ns13:showLabel>
                                <ns13:showCoachControlLabel>false</ns13:showCoachControlLabel>
                                <ns13:labelPosition>0.0</ns13:labelPosition>
                                <ns13:saveExecutionContext>true</ns13:saveExecutionContext>
                            </ns13:linkVisualInfo>
                            <ns3:endStateId>guid:6d7d6833d25d646c:143c423:11226a15f86:-7d8b</ns3:endStateId>
                        </ns16:extensionElements>
                    </ns16:sequenceFlow>
                </ns16:process>
            </ns16:definitions>
        </bpmn2Model>
        <link name="To Poslji Email">
            <lastModified isNull="true" />
            <lastModifiedBy isNull="true" />
            <tenantId isNull="true" />
            <processLinkId>2027.89271323-37b2-4f86-84c6-3c710a4d6ccf</processLinkId>
            <processId>1.eb29077e-0854-4b7d-8452-ba4d299729fe</processId>
            <description isNull="true" />
            <fromProcessItemId>2025.ab13be4e-e5f4-495a-aac8-31f8358f026b</fromProcessItemId>
            <endStateId>Out</endStateId>
            <toProcessItemId>2025.c8513389-8911-4c1e-ab5f-d7d54a2aaa88</toProcessItemId>
            <guid>guid:0bdbb112-f704-4cab-be66-975085c140ed</guid>
            <versionId>a51e8c2b-5a33-47fe-b0fb-aac89bf67f41</versionId>
            <layoutData>
                <controlPoints />
                <showEndState>false</showEndState>
                <showName>false</showName>
            </layoutData>
            <fromItemPort locationId="rightCenter" portType="1" />
            <toItemPort locationId="leftCenter" portType="2" />
            <fromProcessItemId>2025.ab13be4e-e5f4-495a-aac8-31f8358f026b</fromProcessItemId>
            <toProcessItemId>2025.c8513389-8911-4c1e-ab5f-d7d54a2aaa88</toProcessItemId>
        </link>
        <link name="To End">
            <lastModified isNull="true" />
            <lastModifiedBy isNull="true" />
            <tenantId isNull="true" />
            <processLinkId>2027.b5ffa57b-9a29-43fb-9672-30d13159140c</processLinkId>
            <processId>1.eb29077e-0854-4b7d-8452-ba4d299729fe</processId>
            <description isNull="true" />
            <fromProcessItemId>2025.c8513389-8911-4c1e-ab5f-d7d54a2aaa88</fromProcessItemId>
            <endStateId>guid:6d7d6833d25d646c:143c423:11226a15f86:-7d8b</endStateId>
            <toProcessItemId>2025.a948eb36-508e-460f-ae62-c52d7d40a666</toProcessItemId>
            <guid>guid:5108d160-504b-4bf5-a570-f443e0bc22e7</guid>
            <versionId>b1ca3cbf-aafb-4b39-8c65-1abc394d487e</versionId>
            <layoutData>
                <controlPoints />
                <showEndState>false</showEndState>
                <showName>false</showName>
            </layoutData>
            <fromItemPort locationId="rightCenter" portType="1" />
            <toItemPort locationId="leftCenter" portType="2" />
            <fromProcessItemId>2025.c8513389-8911-4c1e-ab5f-d7d54a2aaa88</fromProcessItemId>
            <toProcessItemId>2025.a948eb36-508e-460f-ae62-c52d7d40a666</toProcessItemId>
        </link>
    </process>
</teamworks>

