<?xml version="1.0" encoding="UTF-8"?>
<teamworks>
    <process id="1.f20bda81-5a19-4dcd-936e-5b743816f6f6" name="SOR Crpanje Predvideno SF">
        <lastModified>1756467338308</lastModified>
        <lastModifiedBy>amanojlovic</lastModifiedBy>
        <tenantId isNull="true" />
        <processId>1.f20bda81-5a19-4dcd-936e-5b743816f6f6</processId>
        <image isNull="true" />
        <tabGroup isNull="true" />
        <startingProcessItemId>2025.374ff77f-870a-492b-aa48-03dc5554ab43</startingProcessItemId>
        <isRootProcess>false</isRootProcess>
        <processType>12</processType>
        <isErrorHandlerEnabled>false</isErrorHandlerEnabled>
        <errorHandlerItemId isNull="true" />
        <isLoggingVariables>false</isLoggingVariables>
        <isTransactional>false</isTransactional>
        <processTimingLevel isNull="true" />
        <participantRef isNull="true" />
        <exposedType>0</exposedType>
        <isTrackingEnabled>true</isTrackingEnabled>
        <xmlData isNull="true" />
        <cachingType>false</cachingType>
        <itemLabel isNull="true" />
        <cacheLength>0</cacheLength>
        <mobileReady>false</mobileReady>
        <sboSyncEnabled>true</sboSyncEnabled>
        <externalId isNull="true" />
        <isSecured>true</isSecured>
        <isAjaxExposed>true</isAjaxExposed>
        <isInvokedAsynchronously>false</isInvokedAsynchronously>
        <isTransactionalFlow>false</isTransactionalFlow>
        <description isNull="true" />
        <guid>cd3845db-cdb6-434c-aa49-d999c511bfc0</guid>
        <versionId>9e05cb0c-bbde-4153-90b1-1d65455e5856</versionId>
        <dependencySummary>&lt;dependencySummary id="bpdid:95fea167fc9793cc:-61ac3504:198f58ebed9:-6f83" /&gt;</dependencySummary>
        <jsonData>{"rootElement":[{"flowElement":[{"parallelMultiple":false,"outgoing":["2027.f4d73ae6-b716-46ca-9cd6-489d52ba8d38"],"isInterrupting":false,"extensionElements":{"nodeVisualInfo":[{"color":"#F8F8F8","width":24,"x":25,"y":80,"declaredType":"TNodeVisualInfo","height":24}]},"name":"Start","declaredType":"startEvent","id":"6682f59b-9a54-4da5-9015-146066170d61"},{"incoming":["9e1080b0-769f-40b8-8b6a-b827725151ff"],"extensionElements":{"nodeVisualInfo":[{"color":"#F8F8F8","width":24,"x":508,"y":223,"declaredType":"TNodeVisualInfo","height":24}],"endStateId":["guid:8df318f26056ca08:-4ea1e46d:1852f0e04b9:afd"],"saveExecutionContext":[true]},"name":"End","declaredType":"endEvent","id":"11e02920-e755-4144-a889-72c97677ca35"},{"targetRef":"374ff77f-870a-492b-aa48-03dc5554ab43","extensionElements":{"linkVisualInfo":[{"sourcePortLocation":"rightCenter","showCoachControlLabel":false,"labelPosition":0.0,"targetPortLocation":"leftCenter","declaredType":"TLinkVisualInfo","saveExecutionContext":false,"showLabel":false}]},"name":"To Priprava SQL - Crpanje Predvideno","declaredType":"sequenceFlow","id":"2027.f4d73ae6-b716-46ca-9cd6-489d52ba8d38","sourceRef":"6682f59b-9a54-4da5-9015-146066170d61"},{"startQuantity":1,"outgoing":["840353c2-3ed3-4d41-8888-a5513af0a814"],"incoming":["2027.f4d73ae6-b716-46ca-9cd6-489d52ba8d38"],"extensionElements":{"nodeVisualInfo":[{"width":95,"x":173,"y":57,"declaredType":"TNodeVisualInfo","height":70}]},"name":"Priprava SQL - Crpanje Predvideno","isForCompensation":false,"completionQuantity":1,"declaredType":"scriptTask","id":"374ff77f-870a-492b-aa48-03dc5554ab43","scriptFormat":"text\/x-javascript","script":{"content":["tw.local.sqlStatements = [];\r\n\r\n\/***CRPANJE PREDVIDENO***\/\r\nfor (var i=0; i&lt;tw.local.crpanja.length; i++) {\r\n\tvar indeks = tw.local.sqlStatements.listLength;\r\n\ttw.local.sqlStatements[indeks] = {};\r\n\ttw.local.sqlStatements[indeks].sql = \"INSERT INTO dbo.CRPANJE_PREDVIDENO (\\\r\n\t\t\t\t\t\t   ID_POGODBA,\\\r\n\t\t\t\t\t\t   ID_TRANS,\\\r\n\t\t\t\t\t\t   ROK_CRPANJA,\\\r\n\t\t\t\t\t\t   ZNESEK_CRPANJA,\\\r\n\t\t\t\t\t\t   ZE_CRPANO,\\\r\n\t\t\t\t\t\t   CRPANJE_SE_IZVAJA_ZA,\\\r\n\t\t\t\t\t\t   IBAN,\\\r\n\t\t\t\t\t\t   DAVCNA_DOBAVITELJA,\\\r\n\t\t\t\t\t\t   DODATNI_POGOJI,\\\r\n\t\t\t\t\t\t   DATUM_POCETKA_CRPANJA,\\\r\n\t\t\t\t\t\t   ID_STATUS_CRPANJA,\\\r\n\t\t\t\t\t\t   REZERVIRANI_ZNESEK_CRPANJA,\\\r\n\t\t\t\t\t\t   REALIZIRANI_ZNESEK,\\\r\n\t\t\t\t\t\t   STEV_CRPANJA,\\\r\n\t\t\t\t\t\t   DATUM_KREIRANJA,\\\r\n\t\t\t\t\t\t   SISTEM_KREIRANJA,\\\r\n\t\t\t\t\t\t   UPORABNIK_KREIRANJA,\\\r\n\t\t\t\t\t\t   JE_AKTIVEN) \\\r\n\t\t\t\t\t\t   VALUES (?,?,?,?,?,?,?,?,?,?,?,?,?,?,?,?,?,?) \\\r\n\t\t\t\t\t\t   SELECT SCOPE_IDENTITY() AS ID\";\r\n\ttw.local.sqlStatements[indeks].parameters = [];\r\n\tnewParameter(indeks,\"NUMERIC\",tw.local.idPogodbaSOR);\/\/ID_POGODBA\r\n\tnewParameter(indeks,\"NUMERIC\",tw.local.crpanja[i].idTranse);\/\/ID_TRANS\r\n\tnewParameter(indeks,\"TIMESTAMP\",tw.local.crpanja[i].skrajniDatum);\/\/ROK_CRPANJA\r\n\tnewParameter(indeks,\"NUMERIC\",tw.local.crpanja[i].znesekCrpanja);\/\/ZNESEK_CRPANJA\r\n\tnewParameter(indeks,\"NUMERIC\",0,true);\/\/ZE_CRPANO\r\n\tnewParameter(indeks,\"NUMERIC\",tw.local.crpanja[i].izplacujeSe.id);\/\/CRPANJE_SE_IZVAJA_ZA\r\n\tnewParameter(indeks,\"VARCHAR\",tw.local.crpanja[i].iban);\/\/IBAN\r\n\tnewParameter(indeks,\"VARCHAR\",tw.local.crpanja[i].izplacujeSe.koda == tw.epv.GenerickiSifrantiEPV.tipLicaCrpanjeDobavitelj?tw.local.crpanja[i].davcnaStevilka:null);\/\/DAVCNA_DOBAVITELJA\r\n\tnewParameter(indeks,\"VARCHAR\",tw.local.crpanja[i].dodatniPogoji);\/\/DODATNI_POGOJI\r\n\tnewParameter(indeks,\"TIMESTAMP\",tw.local.crpanja[i].zacetniDatum);\/\/DATUM_POCETKA_CRPANJA\r\n\tnewParameter(indeks,\"NUMERIC\",1);\/\/ID_STATUS_CRPANJA\r\n\tnewParameter(indeks,\"NUMERIC\",0,true);\/\/REZERVIRANI_ZNESEK_CRPANJA\r\n\tnewParameter(indeks,\"NUMERIC\",0,true);\/\/REALIZIRANI_ZNESEK\r\n\tnewParameter(indeks,\"NUMERIC\",tw.local.crpanja[i].zaporednaStCrpanja,true);\/\/STEV_CRPANJA\r\n\tnewParameter(indeks,\"TIMESTAMP\",new TWDate());\/\/DATUM_KREIRANJA\r\n\tnewParameter(indeks,\"NUMERIC\",tw.epv.SOREPVs.sistemKreiranja.valueAt(new TWDate()));\/\/SISTEM_KREIRANJA\r\n\tnewParameter(indeks,\"VARCHAR\",tw.epv.SOREPVs.uporabnikKreiranja.valueAt(new TWDate()));\/\/UPORABNIK_KREIRANJA\r\n\tnewParameter(indeks,\"NUMERIC\",1);\/\/JE_AKTIVEN\r\n}\r\n\r\nfunction newParameter(sqlStatementIndex,type,value,zeroAllowed){\r\n\tvar parameter = new tw.object.SQLParameter();\r\n\tparameter.mode = \"IN\";\r\n\tparameter.type = type;\r\n\tparameter.value = zeroAllowed?value:(value?value:null);\r\n\t\r\n\ttw.local.sqlStatements[sqlStatementIndex].parameters.insertIntoList(tw.local.sqlStatements[sqlStatementIndex].parameters.listLength, parameter);\r\n}"]}},{"targetRef":"74156d7c-6fba-43e8-b6bf-e73734067289","extensionElements":{"sequenceFlowImplementation":[{"fireValidation":"Never","sboSyncEnabled":true,"declaredType":"com.ibm.bpmsdk.model.bpmn20.ibmext.TSequenceFlowImplementation"}],"linkVisualInfo":[{"sourcePortLocation":"rightCenter","showCoachControlLabel":false,"labelPosition":0.0,"targetPortLocation":"leftCenter","declaredType":"TLinkVisualInfo","saveExecutionContext":true,"showLabel":false}]},"name":"To Izvedba SQL - Crpanje Predvideno","declaredType":"sequenceFlow","id":"840353c2-3ed3-4d41-8888-a5513af0a814","sourceRef":"374ff77f-870a-492b-aa48-03dc5554ab43"},{"startQuantity":1,"outgoing":["befd8283-9a1e-4eda-acb8-e1ff3cce1d6f"],"incoming":["840353c2-3ed3-4d41-8888-a5513af0a814"],"extensionElements":{"nodeVisualInfo":[{"width":95,"x":322,"y":57,"declaredType":"TNodeVisualInfo","height":70}],"activityType":["CalledProcess"]},"name":"Izvedba SQL - Crpanje Predvideno","dataInputAssociation":[{"targetRef":"2055.9695b715-db44-410b-8a74-65cf1d31d8ab","assignment":[{"from":{"evaluatesToTypeRef":"itm.12.3990d8b4-983d-4250-bd06-3600f527fed0","declaredType":"TFormalExpression","content":["tw.local.sqlStatements"]}}]},{"targetRef":"2055.a634f531-c979-476c-91db-a17bf5e55c90","assignment":[{"from":{"evaluatesToTypeRef":"itm.12.c09c9b6e-aabd-4897-bef2-ed61db106297","declaredType":"TFormalExpression","content":["tw.env.SQL_VIR"]}}]}],"isForCompensation":false,"completionQuantity":1,"declaredType":"callActivity","id":"74156d7c-6fba-43e8-b6bf-e73734067289","dataOutputAssociation":[{"assignment":[{"to":{"evaluatesToTypeRef":"itm.12.3b1e3757-a1f4-4c3f-bbb8-16fecd4d65c1","declaredType":"TFormalExpression","content":["tw.local.results"]}}],"sourceRef":["2055.921cdfd7-ed55-4dca-a71d-e4401a90c57e"]}],"calledElement":"1.012e1a27-1a81-4e0e-97d9-8a2d8976dda7"},{"targetRef":"97bd2544-85bf-4977-ae04-5758e7787685","extensionElements":{"sequenceFlowImplementation":[{"fireValidation":"Never","sboSyncEnabled":true,"declaredType":"com.ibm.bpmsdk.model.bpmn20.ibmext.TSequenceFlowImplementation"}],"endStateId":["guid:b5ffa6577ed3a684:-4e3a2174:115951f71d3:-7fe8"],"linkVisualInfo":[{"sourcePortLocation":"rightCenter","showCoachControlLabel":false,"labelPosition":0.0,"targetPortLocation":"leftCenter","declaredType":"TLinkVisualInfo","saveExecutionContext":true,"showLabel":false}]},"name":"To SQL rezultati - Crpanje Predvideno","declaredType":"sequenceFlow","id":"befd8283-9a1e-4eda-acb8-e1ff3cce1d6f","sourceRef":"74156d7c-6fba-43e8-b6bf-e73734067289"},{"startQuantity":1,"outgoing":["74916c5f-60bb-4f27-b865-bb8fc19d49a6"],"incoming":["befd8283-9a1e-4eda-acb8-e1ff3cce1d6f"],"extensionElements":{"nodeVisualInfo":[{"width":95,"x":471,"y":57,"declaredType":"TNodeVisualInfo","height":70}]},"name":"SQL rezultati - Crpanje Predvideno","isForCompensation":false,"completionQuantity":1,"declaredType":"scriptTask","id":"97bd2544-85bf-4977-ae04-5758e7787685","scriptFormat":"text\/x-javascript","script":{"content":["var indexResult = 1;\r\nfor (var i=0; i&lt;tw.local.crpanja.length; i++) {\r\n\r\n\ttw.local.crpanja[i].idPredvidenaCrpanjaSOR = tw.local.results[indexResult].rows[0].indexedMap.ID;\r\n\tindexResult += 2;\r\n}"]}},{"targetRef":"2a622f53-a370-4d24-8b9f-7ee5b784efde","extensionElements":{"sequenceFlowImplementation":[{"fireValidation":"Never","sboSyncEnabled":true,"declaredType":"com.ibm.bpmsdk.model.bpmn20.ibmext.TSequenceFlowImplementation"}],"linkVisualInfo":[{"sourcePortLocation":"bottomCenter","showCoachControlLabel":false,"labelPosition":0.0,"targetPortLocation":"topCenter","declaredType":"TLinkVisualInfo","saveExecutionContext":true,"showLabel":false}]},"name":"To End","declaredType":"sequenceFlow","id":"74916c5f-60bb-4f27-b865-bb8fc19d49a6","sourceRef":"97bd2544-85bf-4977-ae04-5758e7787685"},{"itemSubjectRef":"itm.12.3990d8b4-983d-4250-bd06-3600f527fed0","name":"sqlStatements","isCollection":true,"declaredType":"dataObject","id":"2056.d8793646-413b-4e47-9ff4-25fc1f91519e"},{"itemSubjectRef":"itm.12.3b1e3757-a1f4-4c3f-bbb8-16fecd4d65c1","name":"results","isCollection":true,"declaredType":"dataObject","id":"2056.19a70b1d-234d-4492-96c5-5138517a7b12"},{"startQuantity":1,"outgoing":["fa621399-a872-4fd8-8ec5-47b94ae298d8"],"incoming":["74916c5f-60bb-4f27-b865-bb8fc19d49a6"],"extensionElements":{"nodeVisualInfo":[{"width":95,"x":163,"y":200,"declaredType":"TNodeVisualInfo","height":70}]},"name":"Priprava SQL - Crpanje Predvideno Sprememba","isForCompensation":false,"completionQuantity":1,"declaredType":"scriptTask","id":"2a622f53-a370-4d24-8b9f-7ee5b784efde","scriptFormat":"text\/x-javascript","script":{"content":["tw.local.sqlStatements = [];\r\n\/***CRPANJE PREDVIDENO SPREMEMBA***\/\r\nfor (var i=0; i&lt;tw.local.crpanja.length; i++) {\r\n\tvar indeks = tw.local.sqlStatements.listLength;\r\n\ttw.local.sqlStatements[indeks] = {};\r\n\ttw.local.sqlStatements[indeks].sql = \"INSERT INTO dbo.CRPANJE_PREDVIDENO_SPREMEMBA (\\\r\n\t\t\t\t\t\t\t\t   ID_PREDVIDENA_CRPANJA,\\\r\n\t\t\t\t\t\t\t\t   ID_DOGODEK,\\\r\n\t\t\t\t\t\t\t\t   VELJA_OD,\\\r\n\t\t\t\t\t\t\t\t   VELJA_DO,\\\r\n\t\t\t\t\t\t\t\t   DATUM_KREIRANJA,\\\r\n\t\t\t\t\t\t\t\t   SISTEM_KREIRANJA,\\\r\n\t\t\t\t\t\t\t\t   UPORABNIK_KREIRANJA,\\\r\n\t\t\t\t\t\t\t\t   JE_AKTIVEN) \\\r\n\t\t\t\t\t   \t\t   VALUES (?,?,?,?,?,?,?,?)\";\r\n\ttw.local.sqlStatements[indeks].parameters = [];\r\n\tnewParameter(indeks,\"NUMERIC\",tw.local.crpanja[i].idPredvidenaCrpanjaSOR);\/\/ID_PREDVIDENA_CRPANJA\r\n\tnewParameter(indeks,\"NUMERIC\",tw.local.idDogodekSOR);\/\/ID_DOGODEK\r\n\tnewParameter(indeks,\"TIMESTAMP\",new TWDate());\/\/VELJA_OD\r\n\tnewParameter(indeks,\"TIMESTAMP\",null);\/\/VELJA_DO\r\n\tnewParameter(indeks,\"TIMESTAMP\",new TWDate());\/\/DATUM_KREIRANJA\r\n\tnewParameter(indeks,\"NUMERIC\",tw.epv.SOREPVs.sistemKreiranja.valueAt(new TWDate()));\/\/SISTEM_KREIRANJA\r\n\tnewParameter(indeks,\"VARCHAR\",tw.epv.SOREPVs.uporabnikKreiranja.valueAt(new TWDate()));\/\/UPORABNIK_KREIRANJA\r\n\tnewParameter(indeks,\"NUMERIC\",1);\/\/JE_AKTIVEN\r\n}\r\n\r\nfunction newParameter(sqlStatementIndex,type,value,mode){\r\n\tvar parameter = new tw.object.SQLParameter();\r\n\tparameter.mode = mode?mode:\"IN\";\r\n\tparameter.type = type;\r\n\tparameter.value = value?value:null;\r\n\t\r\n\ttw.local.sqlStatements[sqlStatementIndex].parameters.insertIntoList(tw.local.sqlStatements[sqlStatementIndex].parameters.listLength, parameter);\r\n}"]}},{"startQuantity":1,"outgoing":["9e1080b0-769f-40b8-8b6a-b827725151ff"],"incoming":["fa621399-a872-4fd8-8ec5-47b94ae298d8"],"extensionElements":{"nodeVisualInfo":[{"width":95,"x":320,"y":200,"declaredType":"TNodeVisualInfo","height":70}],"activityType":["CalledProcess"]},"name":"Izvedba SQL - Crpanje Predvideno Sprememba","dataInputAssociation":[{"targetRef":"2055.9695b715-db44-410b-8a74-65cf1d31d8ab","assignment":[{"from":{"evaluatesToTypeRef":"itm.12.3990d8b4-983d-4250-bd06-3600f527fed0","declaredType":"TFormalExpression","content":["tw.local.sqlStatements"]}}]},{"targetRef":"2055.a634f531-c979-476c-91db-a17bf5e55c90","assignment":[{"from":{"evaluatesToTypeRef":"itm.12.c09c9b6e-aabd-4897-bef2-ed61db106297","declaredType":"TFormalExpression","content":["tw.env.SQL_VIR"]}}]}],"isForCompensation":false,"completionQuantity":1,"declaredType":"callActivity","id":"7bbe2d72-17f9-469f-871a-13963b780d17","dataOutputAssociation":[{"assignment":[{"to":{"evaluatesToTypeRef":"itm.12.3b1e3757-a1f4-4c3f-bbb8-16fecd4d65c1","declaredType":"TFormalExpression","content":["tw.local.results"]}}],"sourceRef":["2055.921cdfd7-ed55-4dca-a71d-e4401a90c57e"]}],"calledElement":"1.012e1a27-1a81-4e0e-97d9-8a2d8976dda7"},{"targetRef":"7bbe2d72-17f9-469f-871a-13963b780d17","extensionElements":{"linkVisualInfo":[{"sourcePortLocation":"rightCenter","showCoachControlLabel":false,"labelPosition":0.0,"targetPortLocation":"leftCenter","declaredType":"TLinkVisualInfo","saveExecutionContext":false,"showLabel":false}]},"name":"To Izvedba SQL - Crpanje Predvideno Sprememba","declaredType":"sequenceFlow","id":"fa621399-a872-4fd8-8ec5-47b94ae298d8","sourceRef":"2a622f53-a370-4d24-8b9f-7ee5b784efde"},{"targetRef":"11e02920-e755-4144-a889-72c97677ca35","extensionElements":{"sequenceFlowImplementation":[{"fireValidation":"Never","sboSyncEnabled":true,"declaredType":"com.ibm.bpmsdk.model.bpmn20.ibmext.TSequenceFlowImplementation"}],"endStateId":["guid:b5ffa6577ed3a684:-4e3a2174:115951f71d3:-7fe8"],"linkVisualInfo":[{"sourcePortLocation":"rightCenter","showCoachControlLabel":false,"labelPosition":0.0,"targetPortLocation":"leftCenter","declaredType":"TLinkVisualInfo","saveExecutionContext":true,"showLabel":false}]},"name":"To End","declaredType":"sequenceFlow","id":"9e1080b0-769f-40b8-8b6a-b827725151ff","sourceRef":"7bbe2d72-17f9-469f-871a-13963b780d17"}],"laneSet":[{"id":"bd45a1fe-4757-432f-a2a4-1299d94c37c2","lane":[{"flowNodeRef":["6682f59b-9a54-4da5-9015-146066170d61","11e02920-e755-4144-a889-72c97677ca35","374ff77f-870a-492b-aa48-03dc5554ab43","74156d7c-6fba-43e8-b6bf-e73734067289","97bd2544-85bf-4977-ae04-5758e7787685","2a622f53-a370-4d24-8b9f-7ee5b784efde","7bbe2d72-17f9-469f-871a-13963b780d17"],"extensionElements":{"nodeVisualInfo":[{"color":"#F8F8F8","width":3000,"x":0,"y":0,"declaredType":"TNodeVisualInfo","height":500}]},"name":"System","partitionElementRef":"24.6fd38d02-81cf-48ab-bd42-8ff4c0a1628b","declaredType":"lane","id":"3e30b248-18c1-44f9-8711-0c6b6beec97b","otherAttributes":{"{http:\/\/www.ibm.com\/xmlns\/prod\/bpm\/bpmn\/ext\/process\/wle}isSystemLane":"true"}}]}],"isClosed":false,"extensionElements":{"isSecured":[true],"isAjaxExposed":[true],"sboSyncEnabled":[true]},"documentation":[{"textFormat":"text\/plain"}],"name":"SOR Crpanje Predvideno SF","declaredType":"process","id":"1.f20bda81-5a19-4dcd-936e-5b743816f6f6","processType":"None","otherAttributes":{"{http:\/\/www.ibm.com\/xmlns\/prod\/bpm\/bpmn\/ext\/process}executionMode":"microflow"},"ioSpecification":{"extensionElements":{"epvProcessLinks":[{"epvProcessLinkRef":[{"epvId":"21.94c78b90-3c48-425f-b641-f736c602440e","epvProcessLinkId":"68ceb02f-7ec6-459f-86f2-57a1acdea829","declaredType":"com.ibm.bpmsdk.model.bpmn20.ibmext.TEpvProcessLinkRef"},{"epvId":"21.b36e555d-99ae-423f-b289-dfdf2499c9d6","epvProcessLinkId":"39783187-4e02-449a-86d5-c2c3e4d6d778","declaredType":"com.ibm.bpmsdk.model.bpmn20.ibmext.TEpvProcessLinkRef"}],"declaredType":"com.ibm.bpmsdk.model.bpmn20.ibmext.TEpvProcessLinks"}]},"inputSet":[{"dataInputRefs":["2055.6e4b0db5-5517-4e62-9d2c-389d4885fea7","2055.8f4e08e7-e654-4770-8859-47424ffb48c3","2055.6f532331-7ef8-496a-8eaa-4bfe3fc0175f"]}],"outputSet":[{}],"dataInput":[{"itemSubjectRef":"itm.12.2011e578-96bf-477d-a7c4-3dcd05b2c224","name":"crpanja","isCollection":true,"id":"2055.6e4b0db5-5517-4e62-9d2c-389d4885fea7"},{"itemSubjectRef":"itm.12.3fa0d7a0-828a-4d60-99cc-db5ed143fc2d","name":"idPogodbaSOR","isCollection":false,"id":"2055.8f4e08e7-e654-4770-8859-47424ffb48c3"},{"itemSubjectRef":"itm.12.3fa0d7a0-828a-4d60-99cc-db5ed143fc2d","name":"idDogodekSOR","isCollection":false,"id":"2055.6f532331-7ef8-496a-8eaa-4bfe3fc0175f"}]}}],"targetNamespace":"","typeLanguage":"http:\/\/www.w3.org\/2001\/XMLSchema","expressionLanguage":"http:\/\/www.ibm.com\/xmlns\/prod\/bpm\/expression-lang\/javascript"}</jsonData>
        <field1 isNull="true" />
        <field2 isNull="true" />
        <field3>0</field3>
        <field4 isNull="true" />
        <field5>false</field5>
        <clobField1 isNull="true" />
        <blobField1 isNull="true" />
        <processParameter name="crpanja">
            <lastModified isNull="true" />
            <lastModifiedBy isNull="true" />
            <tenantId isNull="true" />
            <processParameterId>2055.6e4b0db5-5517-4e62-9d2c-389d4885fea7</processParameterId>
            <processId>1.f20bda81-5a19-4dcd-936e-5b743816f6f6</processId>
            <parameterType>1</parameterType>
            <isArrayOf>true</isArrayOf>
            <classId>/12.2011e578-96bf-477d-a7c4-3dcd05b2c224</classId>
            <seq>1</seq>
            <hasDefault>false</hasDefault>
            <defaultValue isNull="true" />
            <isLocked>false</isLocked>
            <description isNull="true" />
            <guid>1a8d273a-a827-4a3f-ac82-13f1f1b1063a</guid>
            <versionId>d857e81c-4f49-4019-8205-bbcc6893936e</versionId>
        </processParameter>
        <processParameter name="idPogodbaSOR">
            <lastModified isNull="true" />
            <lastModifiedBy isNull="true" />
            <tenantId isNull="true" />
            <processParameterId>2055.8f4e08e7-e654-4770-8859-47424ffb48c3</processParameterId>
            <processId>1.f20bda81-5a19-4dcd-936e-5b743816f6f6</processId>
            <parameterType>1</parameterType>
            <isArrayOf>false</isArrayOf>
            <classId>34b0d65f-7524-4bdf-81fb-fcf6680322a1/12.3fa0d7a0-828a-4d60-99cc-db5ed143fc2d</classId>
            <seq>2</seq>
            <hasDefault>false</hasDefault>
            <defaultValue isNull="true" />
            <isLocked>false</isLocked>
            <description isNull="true" />
            <guid>8101053e-3e2c-441d-856b-88aa80d67608</guid>
            <versionId>06031c31-ed9e-4235-9c89-9119556d2b98</versionId>
        </processParameter>
        <processParameter name="idDogodekSOR">
            <lastModified isNull="true" />
            <lastModifiedBy isNull="true" />
            <tenantId isNull="true" />
            <processParameterId>2055.6f532331-7ef8-496a-8eaa-4bfe3fc0175f</processParameterId>
            <processId>1.f20bda81-5a19-4dcd-936e-5b743816f6f6</processId>
            <parameterType>1</parameterType>
            <isArrayOf>false</isArrayOf>
            <classId>34b0d65f-7524-4bdf-81fb-fcf6680322a1/12.3fa0d7a0-828a-4d60-99cc-db5ed143fc2d</classId>
            <seq>3</seq>
            <hasDefault>false</hasDefault>
            <defaultValue isNull="true" />
            <isLocked>false</isLocked>
            <description isNull="true" />
            <guid>13bcdc95-37ae-4123-be6c-d36ef191bee9</guid>
            <versionId>3e379faf-038f-4ae9-a724-3aaca67be7d9</versionId>
        </processParameter>
        <processVariable name="sqlStatements">
            <lastModified isNull="true" />
            <lastModifiedBy isNull="true" />
            <tenantId isNull="true" />
            <processVariableId>2056.d8793646-413b-4e47-9ff4-25fc1f91519e</processVariableId>
            <description isNull="true" />
            <processId>1.f20bda81-5a19-4dcd-936e-5b743816f6f6</processId>
            <namespace>2</namespace>
            <seq>1</seq>
            <isArrayOf>true</isArrayOf>
            <isTransient>false</isTransient>
            <classId>34b0d65f-7524-4bdf-81fb-fcf6680322a1/12.3990d8b4-983d-4250-bd06-3600f527fed0</classId>
            <hasDefault>false</hasDefault>
            <defaultValue isNull="true" />
            <guid>b773705c-72ef-4b94-ac37-7dad8c5b4a25</guid>
            <versionId>6f883504-763e-44c3-8eb9-4cddedba91d7</versionId>
        </processVariable>
        <processVariable name="results">
            <lastModified isNull="true" />
            <lastModifiedBy isNull="true" />
            <tenantId isNull="true" />
            <processVariableId>2056.19a70b1d-234d-4492-96c5-5138517a7b12</processVariableId>
            <description isNull="true" />
            <processId>1.f20bda81-5a19-4dcd-936e-5b743816f6f6</processId>
            <namespace>2</namespace>
            <seq>2</seq>
            <isArrayOf>true</isArrayOf>
            <isTransient>false</isTransient>
            <classId>34b0d65f-7524-4bdf-81fb-fcf6680322a1/12.3b1e3757-a1f4-4c3f-bbb8-16fecd4d65c1</classId>
            <hasDefault>false</hasDefault>
            <defaultValue isNull="true" />
            <guid>c39941e6-b68e-47cf-ba12-381d9db426ba</guid>
            <versionId>2e519477-01b7-4701-b0db-47ccab2bf684</versionId>
        </processVariable>
        <item>
            <lastModified isNull="true" />
            <lastModifiedBy isNull="true" />
            <tenantId isNull="true" />
            <processItemId>2025.11e02920-e755-4144-a889-72c97677ca35</processItemId>
            <processId>1.f20bda81-5a19-4dcd-936e-5b743816f6f6</processId>
            <name>End</name>
            <tWComponentName>ExitPoint</tWComponentName>
            <tWComponentId>3008.81196a7e-f45d-4ae7-a9f9-b347a5bbffb5</tWComponentId>
            <isLogEnabled>false</isLogEnabled>
            <isTraceEnabled>false</isTraceEnabled>
            <traceCategory isNull="true" />
            <traceLevel isNull="true" />
            <traceMessage isNull="true" />
            <traceSymbolTable isNull="true" />
            <isExecutionContextTraced>false</isExecutionContextTraced>
            <saveExecutionContext>true</saveExecutionContext>
            <documentation isNull="true" />
            <isErrorHandlerEnabled>false</isErrorHandlerEnabled>
            <errorHandlerItemId isNull="true" />
            <guid>guid:8df318f26056ca08:-4ea1e46d:1852f0e04b9:afd</guid>
            <versionId>06253ac2-8649-4e3a-badc-1c539b270a20</versionId>
            <externalServiceRef isNull="true" />
            <externalServiceOp isNull="true" />
            <nodeColor isNull="true" />
            <layoutData x="508" y="223">
                <errorLink>
                    <controlPoints />
                    <showEndState>false</showEndState>
                    <showName>false</showName>
                </errorLink>
            </layoutData>
            <TWComponent>
                <lastModified isNull="true" />
                <lastModifiedBy isNull="true" />
                <tenantId isNull="true" />
                <exitPointId>3008.81196a7e-f45d-4ae7-a9f9-b347a5bbffb5</exitPointId>
                <haltProcess>false</haltProcess>
                <guid>3a50924b-4180-4f94-91ac-8c1029c33702</guid>
                <versionId>3eebde60-6421-406a-964a-e063dffa7192</versionId>
            </TWComponent>
        </item>
        <item>
            <lastModified isNull="true" />
            <lastModifiedBy isNull="true" />
            <tenantId isNull="true" />
            <processItemId>2025.7bbe2d72-17f9-469f-871a-13963b780d17</processItemId>
            <processId>1.f20bda81-5a19-4dcd-936e-5b743816f6f6</processId>
            <name>Izvedba SQL - Crpanje Predvideno Sprememba</name>
            <tWComponentName>SubProcess</tWComponentName>
            <tWComponentId>3012.a48ef1a2-bdfd-4f4e-8fda-48361a3cfd9f</tWComponentId>
            <isLogEnabled>false</isLogEnabled>
            <isTraceEnabled>false</isTraceEnabled>
            <traceCategory isNull="true" />
            <traceLevel isNull="true" />
            <traceMessage isNull="true" />
            <traceSymbolTable isNull="true" />
            <isExecutionContextTraced>false</isExecutionContextTraced>
            <saveExecutionContext>false</saveExecutionContext>
            <documentation isNull="true" />
            <isErrorHandlerEnabled>false</isErrorHandlerEnabled>
            <errorHandlerItemId isNull="true" />
            <guid>guid:8df318f26056ca08:-4ea1e46d:1852f0e04b9:135e</guid>
            <versionId>8642ab71-d47c-4918-b897-ed9dccd66c9a</versionId>
            <externalServiceRef isNull="true" />
            <externalServiceOp isNull="true" />
            <nodeColor isNull="true" />
            <layoutData x="320" y="200">
                <errorLink>
                    <controlPoints />
                    <showEndState>false</showEndState>
                    <showName>false</showName>
                </errorLink>
            </layoutData>
            <TWComponent>
                <lastModified isNull="true" />
                <lastModifiedBy isNull="true" />
                <tenantId isNull="true" />
                <subProcessId>3012.a48ef1a2-bdfd-4f4e-8fda-48361a3cfd9f</subProcessId>
                <attachedProcessRef>34b0d65f-7524-4bdf-81fb-fcf6680322a1/1.012e1a27-1a81-4e0e-97d9-8a2d8976dda7</attachedProcessRef>
                <guid>05f97c63-8c2b-460b-ba86-1fa6f34e1546</guid>
                <versionId>4a8d5cda-85ad-4e32-a95e-c3f71bd91d65</versionId>
                <parameterMapping name="results">
                    <lastModified isNull="true" />
                    <lastModifiedBy isNull="true" />
                    <tenantId isNull="true" />
                    <parameterMappingId>2054.17c6b0a2-6239-4ebc-96c3-0d4a0b436d5a</parameterMappingId>
                    <processParameterId>2055.921cdfd7-ed55-4dca-a71d-e4401a90c57e</processParameterId>
                    <parameterMappingParentId>3012.a48ef1a2-bdfd-4f4e-8fda-48361a3cfd9f</parameterMappingParentId>
                    <useDefault>false</useDefault>
                    <value>tw.local.results</value>
                    <classRef>/12.3b1e3757-a1f4-4c3f-bbb8-16fecd4d65c1</classRef>
                    <isList>true</isList>
                    <isInput>false</isInput>
                    <mappingMode isNull="true" />
                    <sourcePath isNull="true" />
                    <targetPath isNull="true" />
                    <guid>76761d24-dcb4-4092-9916-a73ca37bb983</guid>
                    <versionId>8b36dc25-64db-4232-9911-fb2d2bb68f1d</versionId>
                    <description isNull="true" />
                </parameterMapping>
                <parameterMapping name="sqlStatements">
                    <lastModified isNull="true" />
                    <lastModifiedBy isNull="true" />
                    <tenantId isNull="true" />
                    <parameterMappingId>2054.e9c2d201-eecd-47c3-a8c5-29b145297f9a</parameterMappingId>
                    <processParameterId>2055.9695b715-db44-410b-8a74-65cf1d31d8ab</processParameterId>
                    <parameterMappingParentId>3012.a48ef1a2-bdfd-4f4e-8fda-48361a3cfd9f</parameterMappingParentId>
                    <useDefault>false</useDefault>
                    <value>tw.local.sqlStatements</value>
                    <classRef>/12.3990d8b4-983d-4250-bd06-3600f527fed0</classRef>
                    <isList>true</isList>
                    <isInput>true</isInput>
                    <mappingMode isNull="true" />
                    <sourcePath isNull="true" />
                    <targetPath isNull="true" />
                    <guid>be6b7597-7ad0-4249-8e60-aecc84d992f5</guid>
                    <versionId>9a048f9b-7688-4e29-81f8-86d4b688c7c9</versionId>
                    <description isNull="true" />
                </parameterMapping>
                <parameterMapping name="dataSourceName">
                    <lastModified isNull="true" />
                    <lastModifiedBy isNull="true" />
                    <tenantId isNull="true" />
                    <parameterMappingId>2054.932de4f1-2776-40ff-b07e-700817634ec2</parameterMappingId>
                    <processParameterId>2055.a634f531-c979-476c-91db-a17bf5e55c90</processParameterId>
                    <parameterMappingParentId>3012.a48ef1a2-bdfd-4f4e-8fda-48361a3cfd9f</parameterMappingParentId>
                    <useDefault>false</useDefault>
                    <value>tw.env.SQL_VIR</value>
                    <classRef>/12.db884a3c-c533-44b7-bb2d-47bec8ad4022</classRef>
                    <isList>false</isList>
                    <isInput>true</isInput>
                    <mappingMode isNull="true" />
                    <sourcePath isNull="true" />
                    <targetPath isNull="true" />
                    <guid>6aad2530-6bbc-46ee-9a4e-28b4df014d1f</guid>
                    <versionId>cd423ad7-6194-422f-86ee-8347fd5b92d3</versionId>
                    <description isNull="true" />
                </parameterMapping>
            </TWComponent>
        </item>
        <item>
            <lastModified isNull="true" />
            <lastModifiedBy isNull="true" />
            <tenantId isNull="true" />
            <processItemId>2025.97bd2544-85bf-4977-ae04-5758e7787685</processItemId>
            <processId>1.f20bda81-5a19-4dcd-936e-5b743816f6f6</processId>
            <name>SQL rezultati - Crpanje Predvideno</name>
            <tWComponentName>Script</tWComponentName>
            <tWComponentId>3011.dcf10aeb-760e-44b6-a47f-5043003a75f6</tWComponentId>
            <isLogEnabled>false</isLogEnabled>
            <isTraceEnabled>false</isTraceEnabled>
            <traceCategory isNull="true" />
            <traceLevel isNull="true" />
            <traceMessage isNull="true" />
            <traceSymbolTable isNull="true" />
            <isExecutionContextTraced>false</isExecutionContextTraced>
            <saveExecutionContext>false</saveExecutionContext>
            <documentation isNull="true" />
            <isErrorHandlerEnabled>false</isErrorHandlerEnabled>
            <errorHandlerItemId isNull="true" />
            <guid>guid:8df318f26056ca08:-4ea1e46d:1852f0e04b9:afb</guid>
            <versionId>88f6661c-72bf-4457-9ccd-646d7db1e766</versionId>
            <externalServiceRef isNull="true" />
            <externalServiceOp isNull="true" />
            <nodeColor isNull="true" />
            <layoutData x="471" y="57">
                <errorLink>
                    <controlPoints />
                    <showEndState>false</showEndState>
                    <showName>false</showName>
                </errorLink>
            </layoutData>
            <TWComponent>
                <lastModified isNull="true" />
                <lastModifiedBy isNull="true" />
                <tenantId isNull="true" />
                <scriptId>3011.dcf10aeb-760e-44b6-a47f-5043003a75f6</scriptId>
                <scriptTypeId>2</scriptTypeId>
                <isActive>true</isActive>
                <script>var indexResult = 1;&#xD;
for (var i=0; i&lt;tw.local.crpanja.length; i++) {&#xD;
&#xD;
	tw.local.crpanja[i].idPredvidenaCrpanjaSOR = tw.local.results[indexResult].rows[0].indexedMap.ID;&#xD;
	indexResult += 2;&#xD;
}</script>
                <isRule>false</isRule>
                <guid>60e4bbc5-aaf2-43e3-9997-b95de4094668</guid>
                <versionId>a2b9af2f-88eb-4d20-a487-a995e20f42b0</versionId>
            </TWComponent>
        </item>
        <item>
            <lastModified isNull="true" />
            <lastModifiedBy isNull="true" />
            <tenantId isNull="true" />
            <processItemId>2025.2a622f53-a370-4d24-8b9f-7ee5b784efde</processItemId>
            <processId>1.f20bda81-5a19-4dcd-936e-5b743816f6f6</processId>
            <name>Priprava SQL - Crpanje Predvideno Sprememba</name>
            <tWComponentName>Script</tWComponentName>
            <tWComponentId>3011.a5f09adc-db28-4ea8-bb32-d378db10a896</tWComponentId>
            <isLogEnabled>false</isLogEnabled>
            <isTraceEnabled>false</isTraceEnabled>
            <traceCategory isNull="true" />
            <traceLevel isNull="true" />
            <traceMessage isNull="true" />
            <traceSymbolTable isNull="true" />
            <isExecutionContextTraced>false</isExecutionContextTraced>
            <saveExecutionContext>false</saveExecutionContext>
            <documentation isNull="true" />
            <isErrorHandlerEnabled>false</isErrorHandlerEnabled>
            <errorHandlerItemId isNull="true" />
            <guid>guid:8df318f26056ca08:-4ea1e46d:1852f0e04b9:12e3</guid>
            <versionId>c989be65-f0a4-4b8f-bf21-91400b9ea4e2</versionId>
            <externalServiceRef isNull="true" />
            <externalServiceOp isNull="true" />
            <nodeColor isNull="true" />
            <layoutData x="163" y="200">
                <errorLink>
                    <controlPoints />
                    <showEndState>false</showEndState>
                    <showName>false</showName>
                </errorLink>
            </layoutData>
            <TWComponent>
                <lastModified isNull="true" />
                <lastModifiedBy isNull="true" />
                <tenantId isNull="true" />
                <scriptId>3011.a5f09adc-db28-4ea8-bb32-d378db10a896</scriptId>
                <scriptTypeId>2</scriptTypeId>
                <isActive>true</isActive>
                <script>tw.local.sqlStatements = [];&#xD;
/***CRPANJE PREDVIDENO SPREMEMBA***/&#xD;
for (var i=0; i&lt;tw.local.crpanja.length; i++) {&#xD;
	var indeks = tw.local.sqlStatements.listLength;&#xD;
	tw.local.sqlStatements[indeks] = {};&#xD;
	tw.local.sqlStatements[indeks].sql = "INSERT INTO dbo.CRPANJE_PREDVIDENO_SPREMEMBA (\&#xD;
								   ID_PREDVIDENA_CRPANJA,\&#xD;
								   ID_DOGODEK,\&#xD;
								   VELJA_OD,\&#xD;
								   VELJA_DO,\&#xD;
								   DATUM_KREIRANJA,\&#xD;
								   SISTEM_KREIRANJA,\&#xD;
								   UPORABNIK_KREIRANJA,\&#xD;
								   JE_AKTIVEN) \&#xD;
					   		   VALUES (?,?,?,?,?,?,?,?)";&#xD;
	tw.local.sqlStatements[indeks].parameters = [];&#xD;
	newParameter(indeks,"NUMERIC",tw.local.crpanja[i].idPredvidenaCrpanjaSOR);//ID_PREDVIDENA_CRPANJA&#xD;
	newParameter(indeks,"NUMERIC",tw.local.idDogodekSOR);//ID_DOGODEK&#xD;
	newParameter(indeks,"TIMESTAMP",new TWDate());//VELJA_OD&#xD;
	newParameter(indeks,"TIMESTAMP",null);//VELJA_DO&#xD;
	newParameter(indeks,"TIMESTAMP",new TWDate());//DATUM_KREIRANJA&#xD;
	newParameter(indeks,"NUMERIC",tw.epv.SOREPVs.sistemKreiranja.valueAt(new TWDate()));//SISTEM_KREIRANJA&#xD;
	newParameter(indeks,"VARCHAR",tw.epv.SOREPVs.uporabnikKreiranja.valueAt(new TWDate()));//UPORABNIK_KREIRANJA&#xD;
	newParameter(indeks,"NUMERIC",1);//JE_AKTIVEN&#xD;
}&#xD;
&#xD;
function newParameter(sqlStatementIndex,type,value,mode){&#xD;
	var parameter = new tw.object.SQLParameter();&#xD;
	parameter.mode = mode?mode:"IN";&#xD;
	parameter.type = type;&#xD;
	parameter.value = value?value:null;&#xD;
	&#xD;
	tw.local.sqlStatements[sqlStatementIndex].parameters.insertIntoList(tw.local.sqlStatements[sqlStatementIndex].parameters.listLength, parameter);&#xD;
}</script>
                <isRule>false</isRule>
                <guid>4d021dde-e6e9-42b0-b2db-eb720ef681b8</guid>
                <versionId>c45b5b96-67d7-4f28-b82c-74059ce8fa6f</versionId>
            </TWComponent>
        </item>
        <item>
            <lastModified isNull="true" />
            <lastModifiedBy isNull="true" />
            <tenantId isNull="true" />
            <processItemId>2025.74156d7c-6fba-43e8-b6bf-e73734067289</processItemId>
            <processId>1.f20bda81-5a19-4dcd-936e-5b743816f6f6</processId>
            <name>Izvedba SQL - Crpanje Predvideno</name>
            <tWComponentName>SubProcess</tWComponentName>
            <tWComponentId>3012.df10a700-28e1-417c-bf0b-51c8db1373d1</tWComponentId>
            <isLogEnabled>false</isLogEnabled>
            <isTraceEnabled>false</isTraceEnabled>
            <traceCategory isNull="true" />
            <traceLevel isNull="true" />
            <traceMessage isNull="true" />
            <traceSymbolTable isNull="true" />
            <isExecutionContextTraced>false</isExecutionContextTraced>
            <saveExecutionContext>false</saveExecutionContext>
            <documentation isNull="true" />
            <isErrorHandlerEnabled>false</isErrorHandlerEnabled>
            <errorHandlerItemId isNull="true" />
            <guid>guid:8df318f26056ca08:-4ea1e46d:1852f0e04b9:aff</guid>
            <versionId>e011c703-35cd-461d-8e9c-ec241bfe36ba</versionId>
            <externalServiceRef isNull="true" />
            <externalServiceOp isNull="true" />
            <nodeColor isNull="true" />
            <layoutData x="322" y="57">
                <errorLink>
                    <controlPoints />
                    <showEndState>false</showEndState>
                    <showName>false</showName>
                </errorLink>
            </layoutData>
            <TWComponent>
                <lastModified isNull="true" />
                <lastModifiedBy isNull="true" />
                <tenantId isNull="true" />
                <subProcessId>3012.df10a700-28e1-417c-bf0b-51c8db1373d1</subProcessId>
                <attachedProcessRef>34b0d65f-7524-4bdf-81fb-fcf6680322a1/1.012e1a27-1a81-4e0e-97d9-8a2d8976dda7</attachedProcessRef>
                <guid>39ddda60-db6b-4a55-92ad-7a8f0313244c</guid>
                <versionId>76cdd119-8534-426b-8bf3-7493716b86ff</versionId>
                <parameterMapping name="sqlStatements">
                    <lastModified isNull="true" />
                    <lastModifiedBy isNull="true" />
                    <tenantId isNull="true" />
                    <parameterMappingId>2054.1ddb02a1-bcd6-4ba3-8d96-b8b759226b24</parameterMappingId>
                    <processParameterId>2055.9695b715-db44-410b-8a74-65cf1d31d8ab</processParameterId>
                    <parameterMappingParentId>3012.df10a700-28e1-417c-bf0b-51c8db1373d1</parameterMappingParentId>
                    <useDefault>false</useDefault>
                    <value>tw.local.sqlStatements</value>
                    <classRef>/12.3990d8b4-983d-4250-bd06-3600f527fed0</classRef>
                    <isList>true</isList>
                    <isInput>true</isInput>
                    <mappingMode isNull="true" />
                    <sourcePath isNull="true" />
                    <targetPath isNull="true" />
                    <guid>b60742ca-5bef-4e4c-b1e6-af17a559d9c1</guid>
                    <versionId>53169e60-131c-49d8-98bc-d3a05685f7f6</versionId>
                    <description isNull="true" />
                </parameterMapping>
                <parameterMapping name="dataSourceName">
                    <lastModified isNull="true" />
                    <lastModifiedBy isNull="true" />
                    <tenantId isNull="true" />
                    <parameterMappingId>2054.e60b48db-2632-403f-9957-59798a551e4f</parameterMappingId>
                    <processParameterId>2055.a634f531-c979-476c-91db-a17bf5e55c90</processParameterId>
                    <parameterMappingParentId>3012.df10a700-28e1-417c-bf0b-51c8db1373d1</parameterMappingParentId>
                    <useDefault>false</useDefault>
                    <value>tw.env.SQL_VIR</value>
                    <classRef>/12.db884a3c-c533-44b7-bb2d-47bec8ad4022</classRef>
                    <isList>false</isList>
                    <isInput>true</isInput>
                    <mappingMode isNull="true" />
                    <sourcePath isNull="true" />
                    <targetPath isNull="true" />
                    <guid>9aea1801-ad2a-4242-a914-fa08e3e4afb4</guid>
                    <versionId>e065e6be-dcba-43ca-9ef8-6d7a7f21ff8b</versionId>
                    <description isNull="true" />
                </parameterMapping>
                <parameterMapping name="results">
                    <lastModified isNull="true" />
                    <lastModifiedBy isNull="true" />
                    <tenantId isNull="true" />
                    <parameterMappingId>2054.a50bbcdb-b1d6-4b1e-b99b-fc357a70c617</parameterMappingId>
                    <processParameterId>2055.921cdfd7-ed55-4dca-a71d-e4401a90c57e</processParameterId>
                    <parameterMappingParentId>3012.df10a700-28e1-417c-bf0b-51c8db1373d1</parameterMappingParentId>
                    <useDefault>false</useDefault>
                    <value>tw.local.results</value>
                    <classRef>/12.3b1e3757-a1f4-4c3f-bbb8-16fecd4d65c1</classRef>
                    <isList>true</isList>
                    <isInput>false</isInput>
                    <mappingMode isNull="true" />
                    <sourcePath isNull="true" />
                    <targetPath isNull="true" />
                    <guid>7bd30eeb-27da-4d3f-8d55-e27b9f4a6f23</guid>
                    <versionId>fedf5e0a-21bc-4ae6-864f-cb4988467466</versionId>
                    <description isNull="true" />
                </parameterMapping>
            </TWComponent>
        </item>
        <item>
            <lastModified isNull="true" />
            <lastModifiedBy isNull="true" />
            <tenantId isNull="true" />
            <processItemId>2025.374ff77f-870a-492b-aa48-03dc5554ab43</processItemId>
            <processId>1.f20bda81-5a19-4dcd-936e-5b743816f6f6</processId>
            <name>Priprava SQL - Crpanje Predvideno</name>
            <tWComponentName>Script</tWComponentName>
            <tWComponentId>3011.89b2e0d1-7731-40d6-b27e-e4a9a6e3f24f</tWComponentId>
            <isLogEnabled>false</isLogEnabled>
            <isTraceEnabled>false</isTraceEnabled>
            <traceCategory isNull="true" />
            <traceLevel isNull="true" />
            <traceMessage isNull="true" />
            <traceSymbolTable isNull="true" />
            <isExecutionContextTraced>false</isExecutionContextTraced>
            <saveExecutionContext>false</saveExecutionContext>
            <documentation isNull="true" />
            <isErrorHandlerEnabled>false</isErrorHandlerEnabled>
            <errorHandlerItemId isNull="true" />
            <guid>guid:8df318f26056ca08:-4ea1e46d:1852f0e04b9:afc</guid>
            <versionId>fd9fd8c1-f5c8-4195-88b5-aa3bf8768c0b</versionId>
            <externalServiceRef isNull="true" />
            <externalServiceOp isNull="true" />
            <nodeColor isNull="true" />
            <layoutData x="173" y="57">
                <errorLink>
                    <controlPoints />
                    <showEndState>false</showEndState>
                    <showName>false</showName>
                </errorLink>
            </layoutData>
            <TWComponent>
                <lastModified isNull="true" />
                <lastModifiedBy isNull="true" />
                <tenantId isNull="true" />
                <scriptId>3011.89b2e0d1-7731-40d6-b27e-e4a9a6e3f24f</scriptId>
                <scriptTypeId>2</scriptTypeId>
                <isActive>true</isActive>
                <script>tw.local.sqlStatements = [];&#xD;
&#xD;
/***CRPANJE PREDVIDENO***/&#xD;
for (var i=0; i&lt;tw.local.crpanja.length; i++) {&#xD;
	var indeks = tw.local.sqlStatements.listLength;&#xD;
	tw.local.sqlStatements[indeks] = {};&#xD;
	tw.local.sqlStatements[indeks].sql = "INSERT INTO dbo.CRPANJE_PREDVIDENO (\&#xD;
						   ID_POGODBA,\&#xD;
						   ID_TRANS,\&#xD;
						   ROK_CRPANJA,\&#xD;
						   ZNESEK_CRPANJA,\&#xD;
						   ZE_CRPANO,\&#xD;
						   CRPANJE_SE_IZVAJA_ZA,\&#xD;
						   IBAN,\&#xD;
						   DAVCNA_DOBAVITELJA,\&#xD;
						   DODATNI_POGOJI,\&#xD;
						   DATUM_POCETKA_CRPANJA,\&#xD;
						   ID_STATUS_CRPANJA,\&#xD;
						   REZERVIRANI_ZNESEK_CRPANJA,\&#xD;
						   REALIZIRANI_ZNESEK,\&#xD;
						   STEV_CRPANJA,\&#xD;
						   DATUM_KREIRANJA,\&#xD;
						   SISTEM_KREIRANJA,\&#xD;
						   UPORABNIK_KREIRANJA,\&#xD;
						   JE_AKTIVEN) \&#xD;
						   VALUES (?,?,?,?,?,?,?,?,?,?,?,?,?,?,?,?,?,?) \&#xD;
						   SELECT SCOPE_IDENTITY() AS ID";&#xD;
	tw.local.sqlStatements[indeks].parameters = [];&#xD;
	newParameter(indeks,"NUMERIC",tw.local.idPogodbaSOR);//ID_POGODBA&#xD;
	newParameter(indeks,"NUMERIC",tw.local.crpanja[i].idTranse);//ID_TRANS&#xD;
	newParameter(indeks,"TIMESTAMP",tw.local.crpanja[i].skrajniDatum);//ROK_CRPANJA&#xD;
	newParameter(indeks,"NUMERIC",tw.local.crpanja[i].znesekCrpanja);//ZNESEK_CRPANJA&#xD;
	newParameter(indeks,"NUMERIC",0,true);//ZE_CRPANO&#xD;
	newParameter(indeks,"NUMERIC",tw.local.crpanja[i].izplacujeSe.id);//CRPANJE_SE_IZVAJA_ZA&#xD;
	newParameter(indeks,"VARCHAR",tw.local.crpanja[i].iban);//IBAN&#xD;
	newParameter(indeks,"VARCHAR",tw.local.crpanja[i].izplacujeSe.koda == tw.epv.GenerickiSifrantiEPV.tipLicaCrpanjeDobavitelj?tw.local.crpanja[i].davcnaStevilka:null);//DAVCNA_DOBAVITELJA&#xD;
	newParameter(indeks,"VARCHAR",tw.local.crpanja[i].dodatniPogoji);//DODATNI_POGOJI&#xD;
	newParameter(indeks,"TIMESTAMP",tw.local.crpanja[i].zacetniDatum);//DATUM_POCETKA_CRPANJA&#xD;
	newParameter(indeks,"NUMERIC",1);//ID_STATUS_CRPANJA&#xD;
	newParameter(indeks,"NUMERIC",0,true);//REZERVIRANI_ZNESEK_CRPANJA&#xD;
	newParameter(indeks,"NUMERIC",0,true);//REALIZIRANI_ZNESEK&#xD;
	newParameter(indeks,"NUMERIC",tw.local.crpanja[i].zaporednaStCrpanja,true);//STEV_CRPANJA&#xD;
	newParameter(indeks,"TIMESTAMP",new TWDate());//DATUM_KREIRANJA&#xD;
	newParameter(indeks,"NUMERIC",tw.epv.SOREPVs.sistemKreiranja.valueAt(new TWDate()));//SISTEM_KREIRANJA&#xD;
	newParameter(indeks,"VARCHAR",tw.epv.SOREPVs.uporabnikKreiranja.valueAt(new TWDate()));//UPORABNIK_KREIRANJA&#xD;
	newParameter(indeks,"NUMERIC",1);//JE_AKTIVEN&#xD;
}&#xD;
&#xD;
function newParameter(sqlStatementIndex,type,value,zeroAllowed){&#xD;
	var parameter = new tw.object.SQLParameter();&#xD;
	parameter.mode = "IN";&#xD;
	parameter.type = type;&#xD;
	parameter.value = zeroAllowed?value:(value?value:null);&#xD;
	&#xD;
	tw.local.sqlStatements[sqlStatementIndex].parameters.insertIntoList(tw.local.sqlStatements[sqlStatementIndex].parameters.listLength, parameter);&#xD;
}</script>
                <isRule>false</isRule>
                <guid>3fef9f6d-8eb5-4e3b-a931-2831621cbe4b</guid>
                <versionId>ec0664b1-996a-45d7-88f5-a972eee8e6b7</versionId>
            </TWComponent>
        </item>
        <EPV_PROCESS_LINK>
            <lastModified isNull="true" />
            <lastModifiedBy isNull="true" />
            <tenantId isNull="true" />
            <epvProcessLinkId>2058.5a63b107-e09c-4319-96e6-fc0469c76623</epvProcessLinkId>
            <epvId>/21.b36e555d-99ae-423f-b289-dfdf2499c9d6</epvId>
            <processId>1.f20bda81-5a19-4dcd-936e-5b743816f6f6</processId>
            <guid>87e42362-5e1c-496d-97f5-e189dbb3df77</guid>
            <versionId>22e19805-ef1b-4e9a-8830-f0effa1fed1d</versionId>
        </EPV_PROCESS_LINK>
        <EPV_PROCESS_LINK>
            <lastModified isNull="true" />
            <lastModifiedBy isNull="true" />
            <tenantId isNull="true" />
            <epvProcessLinkId>2058.f1a39d24-f8fd-4884-b3ef-bd36543f2053</epvProcessLinkId>
            <epvId>/21.94c78b90-3c48-425f-b641-f736c602440e</epvId>
            <processId>1.f20bda81-5a19-4dcd-936e-5b743816f6f6</processId>
            <guid>07b4d856-6abe-4c29-8eb1-e29bf6454187</guid>
            <versionId>e3838672-afb3-48b3-a455-b040f9a978c3</versionId>
        </EPV_PROCESS_LINK>
        <startingProcessItemId>2025.374ff77f-870a-492b-aa48-03dc5554ab43</startingProcessItemId>
        <errorHandlerItemId isNull="true" />
        <layoutData noConversion="true">
            <errorLink>
                <controlPoints />
                <showEndState>false</showEndState>
                <showName>false</showName>
            </errorLink>
        </layoutData>
        <startPoint>
            <layoutData x="25" y="80">
                <errorLink>
                    <controlPoints />
                    <showEndState>false</showEndState>
                    <showName>false</showName>
                </errorLink>
            </layoutData>
        </startPoint>
        <startLink>
            <fromPort locationId="rightCenter" portType="1" />
            <toPort locationId="leftCenter" portType="2" />
            <layoutData>
                <controlPoints />
                <showEndState>false</showEndState>
                <showName>false</showName>
            </layoutData>
        </startLink>
        <bpmn2Model>
            <ns16:definitions xmlns:ns16="http://www.omg.org/spec/BPMN/20100524/MODEL" xmlns:ns2="http://www.ibm.com/xmlns/prod/bpm/bpmn/ext/process/case" xmlns:ns3="http://www.ibm.com/xmlns/prod/bpm/bpmn/ext/process" xmlns:ns4="http://www.ibm.com/xmlns/prod/bpm/bpmn/ext/process/wle" xmlns:ns5="http://www.ibm.com/bpm/Extensions" xmlns:ns6="http://www.ibm.com/xmlns/prod/bpm/uca" xmlns:ns7="http://www.ibm.com/xmlns/prod/bpm/bpmn/ext/team" xmlns:ns8="http://www.ibm.com/xmlns/prod/bpm/bpmn/ext/trackinggroup" xmlns:ns9="http://www.ibm.com/xmlns/bpmnx/20100524/v1/BusinessVocabulary" xmlns:ns10="http://www.omg.org/spec/DD/20100524/DI" xmlns:ns11="http://www.omg.org/spec/DD/20100524/DC" xmlns:ns12="http://www.omg.org/spec/BPMN/20100524/BPMNDI" xmlns:ns13="http://www.ibm.com/xmlns/prod/bpm/graph" xmlns:ns14="http://www.ibm.com/xmlns/prod/bpm/bpmn/ext/process/auth" xmlns:ns15="http://www.ibm.com/xmlns/prod/bpm/bpmn/ext/extservice" xmlns:ns17="http://www.ibm.com/bpm/processappsettings" xmlns:ns18="http://www.ibm.com/xmlns/links" xmlns:ns19="http://www.ibm.com/bpm/CoachDesignerNG" xmlns:ns20="http://www.ibm.com/xmlns/tagging" xmlns:ns21="http://www.ibm.com/bpm/uitheme" xmlns:ns22="http://www.ibm.com/bpm/coachview" targetNamespace="" expressionLanguage="http://www.ibm.com/xmlns/prod/bpm/expression-lang/javascript" typeLanguage="http://www.w3.org/2001/XMLSchema">
                <ns16:process name="SOR Crpanje Predvideno SF" id="1.f20bda81-5a19-4dcd-936e-5b743816f6f6" ns3:executionMode="microflow">
                    <ns16:documentation textFormat="text/plain" />
                    <ns16:extensionElements>
                        <ns3:isSecured>true</ns3:isSecured>
                        <ns3:isAjaxExposed>true</ns3:isAjaxExposed>
                        <ns3:sboSyncEnabled>true</ns3:sboSyncEnabled>
                    </ns16:extensionElements>
                    <ns16:ioSpecification>
                        <ns16:extensionElements>
                            <ns3:epvProcessLinks>
                                <ns3:epvProcessLinkRef epvId="21.94c78b90-3c48-425f-b641-f736c602440e" epvProcessLinkId="68ceb02f-7ec6-459f-86f2-57a1acdea829" />
                                <ns3:epvProcessLinkRef epvId="21.b36e555d-99ae-423f-b289-dfdf2499c9d6" epvProcessLinkId="39783187-4e02-449a-86d5-c2c3e4d6d778" />
                            </ns3:epvProcessLinks>
                        </ns16:extensionElements>
                        <ns16:dataInput name="crpanja" itemSubjectRef="itm.12.2011e578-96bf-477d-a7c4-3dcd05b2c224" isCollection="true" id="2055.6e4b0db5-5517-4e62-9d2c-389d4885fea7" />
                        <ns16:dataInput name="idPogodbaSOR" itemSubjectRef="itm.12.3fa0d7a0-828a-4d60-99cc-db5ed143fc2d" isCollection="false" id="2055.8f4e08e7-e654-4770-8859-47424ffb48c3" />
                        <ns16:dataInput name="idDogodekSOR" itemSubjectRef="itm.12.3fa0d7a0-828a-4d60-99cc-db5ed143fc2d" isCollection="false" id="2055.6f532331-7ef8-496a-8eaa-4bfe3fc0175f" />
                        <ns16:inputSet>
                            <ns16:dataInputRefs>2055.6e4b0db5-5517-4e62-9d2c-389d4885fea7</ns16:dataInputRefs>
                            <ns16:dataInputRefs>2055.8f4e08e7-e654-4770-8859-47424ffb48c3</ns16:dataInputRefs>
                            <ns16:dataInputRefs>2055.6f532331-7ef8-496a-8eaa-4bfe3fc0175f</ns16:dataInputRefs>
                        </ns16:inputSet>
                        <ns16:outputSet />
                    </ns16:ioSpecification>
                    <ns16:laneSet id="bd45a1fe-4757-432f-a2a4-1299d94c37c2">
                        <ns16:lane name="System" partitionElementRef="24.6fd38d02-81cf-48ab-bd42-8ff4c0a1628b" id="3e30b248-18c1-44f9-8711-0c6b6beec97b" ns4:isSystemLane="true">
                            <ns16:extensionElements>
                                <ns13:nodeVisualInfo x="0" y="0" width="3000" height="500" color="#F8F8F8" />
                            </ns16:extensionElements>
                            <ns16:flowNodeRef>6682f59b-9a54-4da5-9015-146066170d61</ns16:flowNodeRef>
                            <ns16:flowNodeRef>11e02920-e755-4144-a889-72c97677ca35</ns16:flowNodeRef>
                            <ns16:flowNodeRef>374ff77f-870a-492b-aa48-03dc5554ab43</ns16:flowNodeRef>
                            <ns16:flowNodeRef>74156d7c-6fba-43e8-b6bf-e73734067289</ns16:flowNodeRef>
                            <ns16:flowNodeRef>97bd2544-85bf-4977-ae04-5758e7787685</ns16:flowNodeRef>
                            <ns16:flowNodeRef>2a622f53-a370-4d24-8b9f-7ee5b784efde</ns16:flowNodeRef>
                            <ns16:flowNodeRef>7bbe2d72-17f9-469f-871a-13963b780d17</ns16:flowNodeRef>
                        </ns16:lane>
                    </ns16:laneSet>
                    <ns16:startEvent isInterrupting="false" parallelMultiple="false" name="Start" id="6682f59b-9a54-4da5-9015-146066170d61">
                        <ns16:extensionElements>
                            <ns13:nodeVisualInfo x="25" y="80" width="24" height="24" color="#F8F8F8" />
                        </ns16:extensionElements>
                        <ns16:outgoing>2027.f4d73ae6-b716-46ca-9cd6-489d52ba8d38</ns16:outgoing>
                    </ns16:startEvent>
                    <ns16:endEvent name="End" id="11e02920-e755-4144-a889-72c97677ca35">
                        <ns16:extensionElements>
                            <ns13:nodeVisualInfo x="508" y="223" width="24" height="24" color="#F8F8F8" />
                            <ns4:saveExecutionContext>true</ns4:saveExecutionContext>
                            <ns3:endStateId>guid:8df318f26056ca08:-4ea1e46d:1852f0e04b9:afd</ns3:endStateId>
                        </ns16:extensionElements>
                        <ns16:incoming>9e1080b0-769f-40b8-8b6a-b827725151ff</ns16:incoming>
                    </ns16:endEvent>
                    <ns16:sequenceFlow sourceRef="6682f59b-9a54-4da5-9015-146066170d61" targetRef="374ff77f-870a-492b-aa48-03dc5554ab43" name="To Priprava SQL - Crpanje Predvideno" id="2027.f4d73ae6-b716-46ca-9cd6-489d52ba8d38">
                        <ns16:extensionElements>
                            <ns13:linkVisualInfo>
                                <ns13:sourcePortLocation>rightCenter</ns13:sourcePortLocation>
                                <ns13:targetPortLocation>leftCenter</ns13:targetPortLocation>
                                <ns13:showLabel>false</ns13:showLabel>
                                <ns13:showCoachControlLabel>false</ns13:showCoachControlLabel>
                                <ns13:labelPosition>0.0</ns13:labelPosition>
                                <ns13:saveExecutionContext>false</ns13:saveExecutionContext>
                            </ns13:linkVisualInfo>
                        </ns16:extensionElements>
                    </ns16:sequenceFlow>
                    <ns16:scriptTask scriptFormat="text/x-javascript" name="Priprava SQL - Crpanje Predvideno" id="374ff77f-870a-492b-aa48-03dc5554ab43">
                        <ns16:extensionElements>
                            <ns13:nodeVisualInfo x="173" y="57" width="95" height="70" />
                        </ns16:extensionElements>
                        <ns16:incoming>2027.f4d73ae6-b716-46ca-9cd6-489d52ba8d38</ns16:incoming>
                        <ns16:outgoing>840353c2-3ed3-4d41-8888-a5513af0a814</ns16:outgoing>
                        <ns16:script>tw.local.sqlStatements = [];&#xD;
&#xD;
/***CRPANJE PREDVIDENO***/&#xD;
for (var i=0; i&lt;tw.local.crpanja.length; i++) {&#xD;
	var indeks = tw.local.sqlStatements.listLength;&#xD;
	tw.local.sqlStatements[indeks] = {};&#xD;
	tw.local.sqlStatements[indeks].sql = "INSERT INTO dbo.CRPANJE_PREDVIDENO (\&#xD;
						   ID_POGODBA,\&#xD;
						   ID_TRANS,\&#xD;
						   ROK_CRPANJA,\&#xD;
						   ZNESEK_CRPANJA,\&#xD;
						   ZE_CRPANO,\&#xD;
						   CRPANJE_SE_IZVAJA_ZA,\&#xD;
						   IBAN,\&#xD;
						   DAVCNA_DOBAVITELJA,\&#xD;
						   DODATNI_POGOJI,\&#xD;
						   DATUM_POCETKA_CRPANJA,\&#xD;
						   ID_STATUS_CRPANJA,\&#xD;
						   REZERVIRANI_ZNESEK_CRPANJA,\&#xD;
						   REALIZIRANI_ZNESEK,\&#xD;
						   STEV_CRPANJA,\&#xD;
						   DATUM_KREIRANJA,\&#xD;
						   SISTEM_KREIRANJA,\&#xD;
						   UPORABNIK_KREIRANJA,\&#xD;
						   JE_AKTIVEN) \&#xD;
						   VALUES (?,?,?,?,?,?,?,?,?,?,?,?,?,?,?,?,?,?) \&#xD;
						   SELECT SCOPE_IDENTITY() AS ID";&#xD;
	tw.local.sqlStatements[indeks].parameters = [];&#xD;
	newParameter(indeks,"NUMERIC",tw.local.idPogodbaSOR);//ID_POGODBA&#xD;
	newParameter(indeks,"NUMERIC",tw.local.crpanja[i].idTranse);//ID_TRANS&#xD;
	newParameter(indeks,"TIMESTAMP",tw.local.crpanja[i].skrajniDatum);//ROK_CRPANJA&#xD;
	newParameter(indeks,"NUMERIC",tw.local.crpanja[i].znesekCrpanja);//ZNESEK_CRPANJA&#xD;
	newParameter(indeks,"NUMERIC",0,true);//ZE_CRPANO&#xD;
	newParameter(indeks,"NUMERIC",tw.local.crpanja[i].izplacujeSe.id);//CRPANJE_SE_IZVAJA_ZA&#xD;
	newParameter(indeks,"VARCHAR",tw.local.crpanja[i].iban);//IBAN&#xD;
	newParameter(indeks,"VARCHAR",tw.local.crpanja[i].izplacujeSe.koda == tw.epv.GenerickiSifrantiEPV.tipLicaCrpanjeDobavitelj?tw.local.crpanja[i].davcnaStevilka:null);//DAVCNA_DOBAVITELJA&#xD;
	newParameter(indeks,"VARCHAR",tw.local.crpanja[i].dodatniPogoji);//DODATNI_POGOJI&#xD;
	newParameter(indeks,"TIMESTAMP",tw.local.crpanja[i].zacetniDatum);//DATUM_POCETKA_CRPANJA&#xD;
	newParameter(indeks,"NUMERIC",1);//ID_STATUS_CRPANJA&#xD;
	newParameter(indeks,"NUMERIC",0,true);//REZERVIRANI_ZNESEK_CRPANJA&#xD;
	newParameter(indeks,"NUMERIC",0,true);//REALIZIRANI_ZNESEK&#xD;
	newParameter(indeks,"NUMERIC",tw.local.crpanja[i].zaporednaStCrpanja,true);//STEV_CRPANJA&#xD;
	newParameter(indeks,"TIMESTAMP",new TWDate());//DATUM_KREIRANJA&#xD;
	newParameter(indeks,"NUMERIC",tw.epv.SOREPVs.sistemKreiranja.valueAt(new TWDate()));//SISTEM_KREIRANJA&#xD;
	newParameter(indeks,"VARCHAR",tw.epv.SOREPVs.uporabnikKreiranja.valueAt(new TWDate()));//UPORABNIK_KREIRANJA&#xD;
	newParameter(indeks,"NUMERIC",1);//JE_AKTIVEN&#xD;
}&#xD;
&#xD;
function newParameter(sqlStatementIndex,type,value,zeroAllowed){&#xD;
	var parameter = new tw.object.SQLParameter();&#xD;
	parameter.mode = "IN";&#xD;
	parameter.type = type;&#xD;
	parameter.value = zeroAllowed?value:(value?value:null);&#xD;
	&#xD;
	tw.local.sqlStatements[sqlStatementIndex].parameters.insertIntoList(tw.local.sqlStatements[sqlStatementIndex].parameters.listLength, parameter);&#xD;
}</ns16:script>
                    </ns16:scriptTask>
                    <ns16:sequenceFlow sourceRef="374ff77f-870a-492b-aa48-03dc5554ab43" targetRef="74156d7c-6fba-43e8-b6bf-e73734067289" name="To Izvedba SQL - Crpanje Predvideno" id="840353c2-3ed3-4d41-8888-a5513af0a814">
                        <ns16:extensionElements>
                            <ns3:sequenceFlowImplementation sboSyncEnabled="true" />
                            <ns13:linkVisualInfo>
                                <ns13:sourcePortLocation>rightCenter</ns13:sourcePortLocation>
                                <ns13:targetPortLocation>leftCenter</ns13:targetPortLocation>
                                <ns13:showLabel>false</ns13:showLabel>
                                <ns13:showCoachControlLabel>false</ns13:showCoachControlLabel>
                                <ns13:labelPosition>0.0</ns13:labelPosition>
                                <ns13:saveExecutionContext>true</ns13:saveExecutionContext>
                            </ns13:linkVisualInfo>
                        </ns16:extensionElements>
                    </ns16:sequenceFlow>
                    <ns16:callActivity calledElement="1.012e1a27-1a81-4e0e-97d9-8a2d8976dda7" isForCompensation="false" startQuantity="1" completionQuantity="1" name="Izvedba SQL - Crpanje Predvideno" id="74156d7c-6fba-43e8-b6bf-e73734067289">
                        <ns16:extensionElements>
                            <ns13:nodeVisualInfo x="322" y="57" width="95" height="70" />
                            <ns4:activityType>CalledProcess</ns4:activityType>
                        </ns16:extensionElements>
                        <ns16:incoming>840353c2-3ed3-4d41-8888-a5513af0a814</ns16:incoming>
                        <ns16:outgoing>befd8283-9a1e-4eda-acb8-e1ff3cce1d6f</ns16:outgoing>
                        <ns16:dataInputAssociation>
                            <ns16:targetRef>2055.9695b715-db44-410b-8a74-65cf1d31d8ab</ns16:targetRef>
                            <ns16:assignment>
                                <ns16:from xmlns:xsi="http://www.w3.org/2001/XMLSchema-instance" xsi:type="ns16:tFormalExpression" evaluatesToTypeRef="itm.12.3990d8b4-983d-4250-bd06-3600f527fed0">tw.local.sqlStatements</ns16:from>
                            </ns16:assignment>
                        </ns16:dataInputAssociation>
                        <ns16:dataInputAssociation>
                            <ns16:targetRef>2055.a634f531-c979-476c-91db-a17bf5e55c90</ns16:targetRef>
                            <ns16:assignment>
                                <ns16:from xmlns:xsi="http://www.w3.org/2001/XMLSchema-instance" xsi:type="ns16:tFormalExpression" evaluatesToTypeRef="itm.12.c09c9b6e-aabd-4897-bef2-ed61db106297">tw.env.SQL_VIR</ns16:from>
                            </ns16:assignment>
                        </ns16:dataInputAssociation>
                        <ns16:dataOutputAssociation>
                            <ns16:sourceRef>2055.921cdfd7-ed55-4dca-a71d-e4401a90c57e</ns16:sourceRef>
                            <ns16:assignment>
                                <ns16:to xmlns:xsi="http://www.w3.org/2001/XMLSchema-instance" xsi:type="ns16:tFormalExpression" evaluatesToTypeRef="itm.12.3b1e3757-a1f4-4c3f-bbb8-16fecd4d65c1">tw.local.results</ns16:to>
                            </ns16:assignment>
                        </ns16:dataOutputAssociation>
                    </ns16:callActivity>
                    <ns16:sequenceFlow sourceRef="74156d7c-6fba-43e8-b6bf-e73734067289" targetRef="97bd2544-85bf-4977-ae04-5758e7787685" name="To SQL rezultati - Crpanje Predvideno" id="befd8283-9a1e-4eda-acb8-e1ff3cce1d6f">
                        <ns16:extensionElements>
                            <ns3:sequenceFlowImplementation sboSyncEnabled="true" />
                            <ns13:linkVisualInfo>
                                <ns13:sourcePortLocation>rightCenter</ns13:sourcePortLocation>
                                <ns13:targetPortLocation>leftCenter</ns13:targetPortLocation>
                                <ns13:showLabel>false</ns13:showLabel>
                                <ns13:showCoachControlLabel>false</ns13:showCoachControlLabel>
                                <ns13:labelPosition>0.0</ns13:labelPosition>
                                <ns13:saveExecutionContext>true</ns13:saveExecutionContext>
                            </ns13:linkVisualInfo>
                            <ns3:endStateId>guid:b5ffa6577ed3a684:-4e3a2174:115951f71d3:-7fe8</ns3:endStateId>
                        </ns16:extensionElements>
                    </ns16:sequenceFlow>
                    <ns16:scriptTask scriptFormat="text/x-javascript" name="SQL rezultati - Crpanje Predvideno" id="97bd2544-85bf-4977-ae04-5758e7787685">
                        <ns16:extensionElements>
                            <ns13:nodeVisualInfo x="471" y="57" width="95" height="70" />
                        </ns16:extensionElements>
                        <ns16:incoming>befd8283-9a1e-4eda-acb8-e1ff3cce1d6f</ns16:incoming>
                        <ns16:outgoing>74916c5f-60bb-4f27-b865-bb8fc19d49a6</ns16:outgoing>
                        <ns16:script>var indexResult = 1;&#xD;
for (var i=0; i&lt;tw.local.crpanja.length; i++) {&#xD;
&#xD;
	tw.local.crpanja[i].idPredvidenaCrpanjaSOR = tw.local.results[indexResult].rows[0].indexedMap.ID;&#xD;
	indexResult += 2;&#xD;
}</ns16:script>
                    </ns16:scriptTask>
                    <ns16:sequenceFlow sourceRef="97bd2544-85bf-4977-ae04-5758e7787685" targetRef="2a622f53-a370-4d24-8b9f-7ee5b784efde" name="To End" id="74916c5f-60bb-4f27-b865-bb8fc19d49a6">
                        <ns16:extensionElements>
                            <ns3:sequenceFlowImplementation sboSyncEnabled="true" />
                            <ns13:linkVisualInfo>
                                <ns13:sourcePortLocation>bottomCenter</ns13:sourcePortLocation>
                                <ns13:targetPortLocation>topCenter</ns13:targetPortLocation>
                                <ns13:showLabel>false</ns13:showLabel>
                                <ns13:showCoachControlLabel>false</ns13:showCoachControlLabel>
                                <ns13:labelPosition>0.0</ns13:labelPosition>
                                <ns13:saveExecutionContext>true</ns13:saveExecutionContext>
                            </ns13:linkVisualInfo>
                        </ns16:extensionElements>
                    </ns16:sequenceFlow>
                    <ns16:dataObject itemSubjectRef="itm.12.3990d8b4-983d-4250-bd06-3600f527fed0" isCollection="true" name="sqlStatements" id="2056.d8793646-413b-4e47-9ff4-25fc1f91519e" />
                    <ns16:dataObject itemSubjectRef="itm.12.3b1e3757-a1f4-4c3f-bbb8-16fecd4d65c1" isCollection="true" name="results" id="2056.19a70b1d-234d-4492-96c5-5138517a7b12" />
                    <ns16:scriptTask scriptFormat="text/x-javascript" name="Priprava SQL - Crpanje Predvideno Sprememba" id="2a622f53-a370-4d24-8b9f-7ee5b784efde">
                        <ns16:extensionElements>
                            <ns13:nodeVisualInfo x="163" y="200" width="95" height="70" />
                        </ns16:extensionElements>
                        <ns16:incoming>74916c5f-60bb-4f27-b865-bb8fc19d49a6</ns16:incoming>
                        <ns16:outgoing>fa621399-a872-4fd8-8ec5-47b94ae298d8</ns16:outgoing>
                        <ns16:script>tw.local.sqlStatements = [];&#xD;
/***CRPANJE PREDVIDENO SPREMEMBA***/&#xD;
for (var i=0; i&lt;tw.local.crpanja.length; i++) {&#xD;
	var indeks = tw.local.sqlStatements.listLength;&#xD;
	tw.local.sqlStatements[indeks] = {};&#xD;
	tw.local.sqlStatements[indeks].sql = "INSERT INTO dbo.CRPANJE_PREDVIDENO_SPREMEMBA (\&#xD;
								   ID_PREDVIDENA_CRPANJA,\&#xD;
								   ID_DOGODEK,\&#xD;
								   VELJA_OD,\&#xD;
								   VELJA_DO,\&#xD;
								   DATUM_KREIRANJA,\&#xD;
								   SISTEM_KREIRANJA,\&#xD;
								   UPORABNIK_KREIRANJA,\&#xD;
								   JE_AKTIVEN) \&#xD;
					   		   VALUES (?,?,?,?,?,?,?,?)";&#xD;
	tw.local.sqlStatements[indeks].parameters = [];&#xD;
	newParameter(indeks,"NUMERIC",tw.local.crpanja[i].idPredvidenaCrpanjaSOR);//ID_PREDVIDENA_CRPANJA&#xD;
	newParameter(indeks,"NUMERIC",tw.local.idDogodekSOR);//ID_DOGODEK&#xD;
	newParameter(indeks,"TIMESTAMP",new TWDate());//VELJA_OD&#xD;
	newParameter(indeks,"TIMESTAMP",null);//VELJA_DO&#xD;
	newParameter(indeks,"TIMESTAMP",new TWDate());//DATUM_KREIRANJA&#xD;
	newParameter(indeks,"NUMERIC",tw.epv.SOREPVs.sistemKreiranja.valueAt(new TWDate()));//SISTEM_KREIRANJA&#xD;
	newParameter(indeks,"VARCHAR",tw.epv.SOREPVs.uporabnikKreiranja.valueAt(new TWDate()));//UPORABNIK_KREIRANJA&#xD;
	newParameter(indeks,"NUMERIC",1);//JE_AKTIVEN&#xD;
}&#xD;
&#xD;
function newParameter(sqlStatementIndex,type,value,mode){&#xD;
	var parameter = new tw.object.SQLParameter();&#xD;
	parameter.mode = mode?mode:"IN";&#xD;
	parameter.type = type;&#xD;
	parameter.value = value?value:null;&#xD;
	&#xD;
	tw.local.sqlStatements[sqlStatementIndex].parameters.insertIntoList(tw.local.sqlStatements[sqlStatementIndex].parameters.listLength, parameter);&#xD;
}</ns16:script>
                    </ns16:scriptTask>
                    <ns16:callActivity calledElement="1.012e1a27-1a81-4e0e-97d9-8a2d8976dda7" isForCompensation="false" startQuantity="1" completionQuantity="1" name="Izvedba SQL - Crpanje Predvideno Sprememba" id="7bbe2d72-17f9-469f-871a-13963b780d17">
                        <ns16:extensionElements>
                            <ns13:nodeVisualInfo x="320" y="200" width="95" height="70" />
                            <ns4:activityType>CalledProcess</ns4:activityType>
                        </ns16:extensionElements>
                        <ns16:incoming>fa621399-a872-4fd8-8ec5-47b94ae298d8</ns16:incoming>
                        <ns16:outgoing>9e1080b0-769f-40b8-8b6a-b827725151ff</ns16:outgoing>
                        <ns16:dataInputAssociation>
                            <ns16:targetRef>2055.9695b715-db44-410b-8a74-65cf1d31d8ab</ns16:targetRef>
                            <ns16:assignment>
                                <ns16:from xmlns:xsi="http://www.w3.org/2001/XMLSchema-instance" xsi:type="ns16:tFormalExpression" evaluatesToTypeRef="itm.12.3990d8b4-983d-4250-bd06-3600f527fed0">tw.local.sqlStatements</ns16:from>
                            </ns16:assignment>
                        </ns16:dataInputAssociation>
                        <ns16:dataInputAssociation>
                            <ns16:targetRef>2055.a634f531-c979-476c-91db-a17bf5e55c90</ns16:targetRef>
                            <ns16:assignment>
                                <ns16:from xmlns:xsi="http://www.w3.org/2001/XMLSchema-instance" xsi:type="ns16:tFormalExpression" evaluatesToTypeRef="itm.12.c09c9b6e-aabd-4897-bef2-ed61db106297">tw.env.SQL_VIR</ns16:from>
                            </ns16:assignment>
                        </ns16:dataInputAssociation>
                        <ns16:dataOutputAssociation>
                            <ns16:sourceRef>2055.921cdfd7-ed55-4dca-a71d-e4401a90c57e</ns16:sourceRef>
                            <ns16:assignment>
                                <ns16:to xmlns:xsi="http://www.w3.org/2001/XMLSchema-instance" xsi:type="ns16:tFormalExpression" evaluatesToTypeRef="itm.12.3b1e3757-a1f4-4c3f-bbb8-16fecd4d65c1">tw.local.results</ns16:to>
                            </ns16:assignment>
                        </ns16:dataOutputAssociation>
                    </ns16:callActivity>
                    <ns16:sequenceFlow sourceRef="2a622f53-a370-4d24-8b9f-7ee5b784efde" targetRef="7bbe2d72-17f9-469f-871a-13963b780d17" name="To Izvedba SQL - Crpanje Predvideno Sprememba" id="fa621399-a872-4fd8-8ec5-47b94ae298d8">
                        <ns16:extensionElements>
                            <ns13:linkVisualInfo>
                                <ns13:sourcePortLocation>rightCenter</ns13:sourcePortLocation>
                                <ns13:targetPortLocation>leftCenter</ns13:targetPortLocation>
                                <ns13:showLabel>false</ns13:showLabel>
                                <ns13:showCoachControlLabel>false</ns13:showCoachControlLabel>
                                <ns13:labelPosition>0.0</ns13:labelPosition>
                                <ns13:saveExecutionContext>false</ns13:saveExecutionContext>
                            </ns13:linkVisualInfo>
                        </ns16:extensionElements>
                    </ns16:sequenceFlow>
                    <ns16:sequenceFlow sourceRef="7bbe2d72-17f9-469f-871a-13963b780d17" targetRef="11e02920-e755-4144-a889-72c97677ca35" name="To End" id="9e1080b0-769f-40b8-8b6a-b827725151ff">
                        <ns16:extensionElements>
                            <ns3:sequenceFlowImplementation sboSyncEnabled="true" />
                            <ns3:endStateId>guid:b5ffa6577ed3a684:-4e3a2174:115951f71d3:-7fe8</ns3:endStateId>
                            <ns13:linkVisualInfo>
                                <ns13:sourcePortLocation>rightCenter</ns13:sourcePortLocation>
                                <ns13:targetPortLocation>leftCenter</ns13:targetPortLocation>
                                <ns13:showLabel>false</ns13:showLabel>
                                <ns13:showCoachControlLabel>false</ns13:showCoachControlLabel>
                                <ns13:labelPosition>0.0</ns13:labelPosition>
                                <ns13:saveExecutionContext>true</ns13:saveExecutionContext>
                            </ns13:linkVisualInfo>
                        </ns16:extensionElements>
                    </ns16:sequenceFlow>
                </ns16:process>
            </ns16:definitions>
        </bpmn2Model>
        <link name="To End">
            <lastModified isNull="true" />
            <lastModifiedBy isNull="true" />
            <tenantId isNull="true" />
            <processLinkId>2027.9e1080b0-769f-40b8-8b6a-b827725151ff</processLinkId>
            <processId>1.f20bda81-5a19-4dcd-936e-5b743816f6f6</processId>
            <description isNull="true" />
            <fromProcessItemId>2025.7bbe2d72-17f9-469f-871a-13963b780d17</fromProcessItemId>
            <endStateId>guid:b5ffa6577ed3a684:-4e3a2174:115951f71d3:-7fe8</endStateId>
            <toProcessItemId>2025.11e02920-e755-4144-a889-72c97677ca35</toProcessItemId>
            <guid>86ed3de9-c119-4314-a194-756e3ffef2f8</guid>
            <versionId>16b8f2b1-d99a-4369-9bff-f450bbbb8521</versionId>
            <layoutData>
                <controlPoints />
                <showEndState>false</showEndState>
                <showName>false</showName>
            </layoutData>
            <fromItemPort locationId="rightCenter" portType="1" />
            <toItemPort locationId="leftCenter" portType="2" />
            <fromProcessItemId>2025.7bbe2d72-17f9-469f-871a-13963b780d17</fromProcessItemId>
            <toProcessItemId>2025.11e02920-e755-4144-a889-72c97677ca35</toProcessItemId>
        </link>
        <link name="To Izvedba SQL - Crpanje Predvideno Sprememba">
            <lastModified isNull="true" />
            <lastModifiedBy isNull="true" />
            <tenantId isNull="true" />
            <processLinkId>2027.fa621399-a872-4fd8-8ec5-47b94ae298d8</processLinkId>
            <processId>1.f20bda81-5a19-4dcd-936e-5b743816f6f6</processId>
            <description isNull="true" />
            <fromProcessItemId>2025.2a622f53-a370-4d24-8b9f-7ee5b784efde</fromProcessItemId>
            <endStateId>Out</endStateId>
            <toProcessItemId>2025.7bbe2d72-17f9-469f-871a-13963b780d17</toProcessItemId>
            <guid>62165dda-a1ad-487b-9339-e059f8ef34e6</guid>
            <versionId>5cbc2b12-29de-40e9-bee3-322572b28cb1</versionId>
            <layoutData>
                <controlPoints />
                <showEndState>false</showEndState>
                <showName>false</showName>
            </layoutData>
            <fromItemPort locationId="rightCenter" portType="1" />
            <toItemPort locationId="leftCenter" portType="2" />
            <fromProcessItemId>2025.2a622f53-a370-4d24-8b9f-7ee5b784efde</fromProcessItemId>
            <toProcessItemId>2025.7bbe2d72-17f9-469f-871a-13963b780d17</toProcessItemId>
        </link>
        <link name="To SQL rezultati - Crpanje Predvideno">
            <lastModified isNull="true" />
            <lastModifiedBy isNull="true" />
            <tenantId isNull="true" />
            <processLinkId>2027.befd8283-9a1e-4eda-acb8-e1ff3cce1d6f</processLinkId>
            <processId>1.f20bda81-5a19-4dcd-936e-5b743816f6f6</processId>
            <description isNull="true" />
            <fromProcessItemId>2025.74156d7c-6fba-43e8-b6bf-e73734067289</fromProcessItemId>
            <endStateId>guid:b5ffa6577ed3a684:-4e3a2174:115951f71d3:-7fe8</endStateId>
            <toProcessItemId>2025.97bd2544-85bf-4977-ae04-5758e7787685</toProcessItemId>
            <guid>7a1c8199-08ad-408f-b9e3-1edaa1df845d</guid>
            <versionId>6fd38ba6-3e88-4468-a12c-548351a3b74e</versionId>
            <layoutData>
                <controlPoints />
                <showEndState>false</showEndState>
                <showName>false</showName>
            </layoutData>
            <fromItemPort locationId="rightCenter" portType="1" />
            <toItemPort locationId="leftCenter" portType="2" />
            <fromProcessItemId>2025.74156d7c-6fba-43e8-b6bf-e73734067289</fromProcessItemId>
            <toProcessItemId>2025.97bd2544-85bf-4977-ae04-5758e7787685</toProcessItemId>
        </link>
        <link name="To End">
            <lastModified isNull="true" />
            <lastModifiedBy isNull="true" />
            <tenantId isNull="true" />
            <processLinkId>2027.74916c5f-60bb-4f27-b865-bb8fc19d49a6</processLinkId>
            <processId>1.f20bda81-5a19-4dcd-936e-5b743816f6f6</processId>
            <description isNull="true" />
            <fromProcessItemId>2025.97bd2544-85bf-4977-ae04-5758e7787685</fromProcessItemId>
            <endStateId>Out</endStateId>
            <toProcessItemId>2025.2a622f53-a370-4d24-8b9f-7ee5b784efde</toProcessItemId>
            <guid>7a233c7a-488e-4e80-9d92-b65516deb524</guid>
            <versionId>bc297aa1-277c-4c6c-87da-1a40aaa8e992</versionId>
            <layoutData>
                <controlPoints />
                <showEndState>false</showEndState>
                <showName>false</showName>
            </layoutData>
            <fromItemPort locationId="bottomCenter" portType="1" />
            <toItemPort locationId="topCenter" portType="2" />
            <fromProcessItemId>2025.97bd2544-85bf-4977-ae04-5758e7787685</fromProcessItemId>
            <toProcessItemId>2025.2a622f53-a370-4d24-8b9f-7ee5b784efde</toProcessItemId>
        </link>
        <link name="To Izvedba SQL - Crpanje Predvideno">
            <lastModified isNull="true" />
            <lastModifiedBy isNull="true" />
            <tenantId isNull="true" />
            <processLinkId>2027.840353c2-3ed3-4d41-8888-a5513af0a814</processLinkId>
            <processId>1.f20bda81-5a19-4dcd-936e-5b743816f6f6</processId>
            <description isNull="true" />
            <fromProcessItemId>2025.374ff77f-870a-492b-aa48-03dc5554ab43</fromProcessItemId>
            <endStateId>Out</endStateId>
            <toProcessItemId>2025.74156d7c-6fba-43e8-b6bf-e73734067289</toProcessItemId>
            <guid>c6982555-114d-41b6-9789-4c3de749101b</guid>
            <versionId>de8b5415-b04f-41fc-ac4d-bb62ac7ee780</versionId>
            <layoutData>
                <controlPoints />
                <showEndState>false</showEndState>
                <showName>false</showName>
            </layoutData>
            <fromItemPort locationId="rightCenter" portType="1" />
            <toItemPort locationId="leftCenter" portType="2" />
            <fromProcessItemId>2025.374ff77f-870a-492b-aa48-03dc5554ab43</fromProcessItemId>
            <toProcessItemId>2025.74156d7c-6fba-43e8-b6bf-e73734067289</toProcessItemId>
        </link>
    </process>
</teamworks>

