<?xml version="1.0" encoding="UTF-8"?>
<teamworks>
    <twClass id="12.30b414bf-b806-486f-a477-b023d89aafda" name="Msg_1439401836_30b414bf_b806_486f_a477_b023d89aafda">
        <lastModified>1736780106088</lastModified>
        <lastModifiedBy>bmihajlovic</lastModifiedBy>
        <tenantId isNull="true" />
        <classId>12.30b414bf-b806-486f-a477-b023d89aafda</classId>
        <type>1</type>
        <isSystem>false</isSystem>
        <shared>false</shared>
        <isShadow>false</isShadow>
        <globalLifetime>false</globalLifetime>
        <internalName isNull="true" />
        <extensionType>2</extensionType>
        <saveServiceRef isNull="true" />
        <bpmn2Data>&lt;ns14:definitions xmlns:ns14="http://www.omg.org/spec/BPMN/20100524/MODEL" xmlns:ns2="http://www.ibm.com/xmlns/prod/bpm/bpmn/ext/trackinggroup" xmlns:ns3="http://www.ibm.com/xmlns/prod/bpm/bpmn/ext/process" xmlns:ns4="http://www.ibm.com/xmlns/prod/bpm/bpmn/ext/process/wle" xmlns:ns5="http://www.ibm.com/xmlns/prod/bpm/bpmn/ext/process/case" xmlns:ns6="http://www.ibm.com/bpm/Extensions" xmlns:ns7="http://www.ibm.com/xmlns/prod/bpm/uca" xmlns:ns8="http://www.ibm.com/xmlns/prod/bpm/bpmn/ext/team" xmlns:ns9="http://www.ibm.com/xmlns/bpmnx/20100524/v1/BusinessVocabulary" xmlns:ns10="http://www.omg.org/spec/DD/20100524/DI" xmlns:ns11="http://www.omg.org/spec/DD/20100524/DC" xmlns:ns12="http://www.omg.org/spec/BPMN/20100524/BPMNDI" xmlns:ns13="http://www.ibm.com/xmlns/prod/bpm/graph" xmlns:ns15="http://www.ibm.com/xmlns/prod/bpm/bpmn/ext/extservice" xmlns:ns16="http://www.ibm.com/bpm/processappsettings" xmlns:ns17="http://www.ibm.com/xmlns/prod/bpm/bpmn/ext/process/auth" xmlns:ns18="http://www.ibm.com/xmlns/links" xmlns:ns19="http://www.ibm.com/bpm/uitheme" xmlns:ns20="http://www.ibm.com/xmlns/tagging" id="_8507d829-280b-4951-9ddc-3c73eba0b382" targetNamespace="http://www.ibm.com/xmlns/prod/bpm/bpmn/ext/externalservice/swagger/7673e481-a671-44c2-a6a0-ec0260ab1ee0Service"&gt;&lt;ns14:message name="Msg_1439401836_30b414bf_b806_486f_a477_b023d89aafda" itemRef="itm.12.be36d8c0-81a6-40da-8ff3-ea8db5c2d094" id="_2146d63f-9191-4537-83e6-5548badacca6"&gt;&lt;ns14:extensionElements&gt;&lt;ns3:itemRefPO&gt;12.be36d8c0-81a6-40da-8ff3-ea8db5c2d094&lt;/ns3:itemRefPO&gt;&lt;/ns14:extensionElements&gt;&lt;/ns14:message&gt;&lt;/ns14:definitions&gt;
</bpmn2Data>
        <externalId>{http://www.ibm.com/xmlns/prod/bpm/bpmn/ext/externalservice/swagger/7673e481-a671-44c2-a6a0-ec0260ab1ee0Service}/api/Porocila/VnesiObveznost PUTRequestMsg</externalId>
        <dependencySummary>&lt;dependencySummary id="bpdid:15a62ef9377e491f:4e08e6d0:1944b4fac42:-274a"&gt;
  &lt;artifactReference id="bpdid:15a62ef9377e491f:4e08e6d0:1944b4fac42:-2749"&gt;
    &lt;refId&gt;/6023.d161ed66-0c30-45b4-b88e-45baeb71db25&lt;/refId&gt;
    &lt;refType&gt;1&lt;/refType&gt;
    &lt;nameValuePair id="bpdid:15a62ef9377e491f:4e08e6d0:1944b4fac42:-2748"&gt;
      &lt;name&gt;externalId&lt;/name&gt;
      &lt;value&gt;http://www.ibm.com/xmlns/prod/bpm/bpmn/ext/externalservice/swagger/7673e481-a671-44c2-a6a0-ec0260ab1ee0Service&lt;/value&gt;
    &lt;/nameValuePair&gt;
    &lt;nameValuePair id="bpdid:15a62ef9377e491f:4e08e6d0:1944b4fac42:-2747"&gt;
      &lt;name&gt;mimeType&lt;/name&gt;
      &lt;value&gt;swagger&lt;/value&gt;
    &lt;/nameValuePair&gt;
  &lt;/artifactReference&gt;
  &lt;artifactReference id="bpdid:15a62ef9377e491f:4e08e6d0:1944b4fac42:-2746"&gt;
    &lt;refId&gt;/12.be36d8c0-81a6-40da-8ff3-ea8db5c2d094&lt;/refId&gt;
    &lt;refType&gt;1&lt;/refType&gt;
    &lt;nameValuePair id="bpdid:15a62ef9377e491f:4e08e6d0:1944b4fac42:-2745"&gt;
      &lt;name&gt;externalId&lt;/name&gt;
      &lt;value&gt;itm.12.be36d8c0-81a6-40da-8ff3-ea8db5c2d094&lt;/value&gt;
    &lt;/nameValuePair&gt;
    &lt;nameValuePair id="bpdid:15a62ef9377e491f:4e08e6d0:1944b4fac42:-2744"&gt;
      &lt;name&gt;mimeType&lt;/name&gt;
      &lt;value&gt;item&lt;/value&gt;
    &lt;/nameValuePair&gt;
  &lt;/artifactReference&gt;
&lt;/dependencySummary&gt;</dependencySummary>
        <jsonData>{"rootElement":[{"itemRef":"itm.12.be36d8c0-81a6-40da-8ff3-ea8db5c2d094","extensionElements":{"itemRefPO":["12.be36d8c0-81a6-40da-8ff3-ea8db5c2d094"]},"name":"Msg_1439401836_30b414bf_b806_486f_a477_b023d89aafda","declaredType":"message","id":"_2146d63f-9191-4537-83e6-5548badacca6"}],"targetNamespace":"http:\/\/www.ibm.com\/xmlns\/prod\/bpm\/bpmn\/ext\/externalservice\/swagger\/7673e481-a671-44c2-a6a0-ec0260ab1ee0Service","typeLanguage":"http:\/\/www.w3.org\/2001\/XMLSchema","expressionLanguage":"http:\/\/www.w3.org\/1999\/XPath","id":"_8507d829-280b-4951-9ddc-3c73eba0b382"}</jsonData>
        <dataName isNull="true" />
        <description isNull="true" />
        <guid>guid:15a62ef9377e491f:4e08e6d0:1944b4fac42:-276f</guid>
        <versionId>1503625d-b5bd-4a0d-90c4-a6146cf64315</versionId>
        <definition isNull="true" />
    </twClass>
</teamworks>

