<?xml version="1.0" encoding="UTF-8"?>
<teamworks>
    <twClass id="12.4e180d4c-7f1b-4cd9-9987-3848606251f6" name="Msg_2082785920_4e180d4c_7f1b_4cd9_9987_3848606251f6">
        <lastModified>1700236047852</lastModified>
        <lastModifiedBy>bmihajlovic</lastModifiedBy>
        <tenantId isNull="true" />
        <classId>12.4e180d4c-7f1b-4cd9-9987-3848606251f6</classId>
        <type>1</type>
        <isSystem>false</isSystem>
        <shared>false</shared>
        <isShadow>false</isShadow>
        <globalLifetime>false</globalLifetime>
        <internalName isNull="true" />
        <extensionType>2</extensionType>
        <saveServiceRef isNull="true" />
        <bpmn2Data>&lt;ns14:definitions xmlns:ns14="http://www.omg.org/spec/BPMN/20100524/MODEL" xmlns:ns2="http://www.ibm.com/xmlns/prod/bpm/bpmn/ext/trackinggroup" xmlns:ns3="http://www.ibm.com/xmlns/prod/bpm/bpmn/ext/process" xmlns:ns4="http://www.ibm.com/xmlns/prod/bpm/bpmn/ext/process/wle" xmlns:ns5="http://www.ibm.com/xmlns/prod/bpm/bpmn/ext/process/case" xmlns:ns6="http://www.ibm.com/bpm/Extensions" xmlns:ns7="http://www.ibm.com/xmlns/prod/bpm/uca" xmlns:ns8="http://www.ibm.com/xmlns/prod/bpm/bpmn/ext/team" xmlns:ns9="http://www.ibm.com/xmlns/bpmnx/20100524/v1/BusinessVocabulary" xmlns:ns10="http://www.omg.org/spec/DD/20100524/DI" xmlns:ns11="http://www.omg.org/spec/DD/20100524/DC" xmlns:ns12="http://www.omg.org/spec/BPMN/20100524/BPMNDI" xmlns:ns13="http://www.ibm.com/xmlns/prod/bpm/graph" xmlns:ns15="http://www.ibm.com/xmlns/prod/bpm/bpmn/ext/extservice" xmlns:ns16="http://www.ibm.com/bpm/processappsettings" xmlns:ns17="http://www.ibm.com/xmlns/prod/bpm/bpmn/ext/process/auth" xmlns:ns18="http://www.ibm.com/xmlns/links" xmlns:ns19="http://www.ibm.com/bpm/uitheme" xmlns:ns20="http://www.ibm.com/xmlns/tagging" id="_bbb30dfe-e527-4755-acd1-2752a2304d30" targetNamespace="http://sing.si/credes/sid/"&gt;&lt;ns14:message name="Msg_2082785920_4e180d4c_7f1b_4cd9_9987_3848606251f6" itemRef="itm.12.6b15a7da-aaeb-4b74-8df0-65899cbfe439" id="_667df4a0-bdda-4532-9230-f90881b929ad"&gt;&lt;ns14:extensionElements&gt;&lt;ns3:itemRefPO&gt;12.6b15a7da-aaeb-4b74-8df0-65899cbfe439&lt;/ns3:itemRefPO&gt;&lt;/ns14:extensionElements&gt;&lt;/ns14:message&gt;&lt;/ns14:definitions&gt;
</bpmn2Data>
        <externalId>{http://sing.si/credes/sid/}PogodbaVpis</externalId>
        <dependencySummary>&lt;dependencySummary id="bpdid:d5093b7866157b1f:-48a1e4c1:18bddc6f6c5:-6bb6"&gt;
  &lt;artifactReference id="bpdid:d5093b7866157b1f:-48a1e4c1:18bddc6f6c5:-6bb5"&gt;
    &lt;refId&gt;/6023.4e40b7d2-eadd-4fbc-86f3-4f433971e06d&lt;/refId&gt;
    &lt;refType&gt;1&lt;/refType&gt;
    &lt;nameValuePair id="bpdid:d5093b7866157b1f:-48a1e4c1:18bddc6f6c5:-6bb4"&gt;
      &lt;name&gt;externalId&lt;/name&gt;
      &lt;value&gt;http://sing.si/credes/sid/&lt;/value&gt;
    &lt;/nameValuePair&gt;
    &lt;nameValuePair id="bpdid:d5093b7866157b1f:-48a1e4c1:18bddc6f6c5:-6bb3"&gt;
      &lt;name&gt;mimeType&lt;/name&gt;
      &lt;value&gt;wsdl&lt;/value&gt;
    &lt;/nameValuePair&gt;
  &lt;/artifactReference&gt;
  &lt;artifactReference id="bpdid:d5093b7866157b1f:-48a1e4c1:18bddc6f6c5:-6bb2"&gt;
    &lt;refId&gt;/12.6b15a7da-aaeb-4b74-8df0-65899cbfe439&lt;/refId&gt;
    &lt;refType&gt;1&lt;/refType&gt;
    &lt;nameValuePair id="bpdid:d5093b7866157b1f:-48a1e4c1:18bddc6f6c5:-6bb1"&gt;
      &lt;name&gt;externalId&lt;/name&gt;
      &lt;value&gt;itm.12.6b15a7da-aaeb-4b74-8df0-65899cbfe439&lt;/value&gt;
    &lt;/nameValuePair&gt;
    &lt;nameValuePair id="bpdid:d5093b7866157b1f:-48a1e4c1:18bddc6f6c5:-6bb0"&gt;
      &lt;name&gt;mimeType&lt;/name&gt;
      &lt;value&gt;item&lt;/value&gt;
    &lt;/nameValuePair&gt;
  &lt;/artifactReference&gt;
&lt;/dependencySummary&gt;</dependencySummary>
        <jsonData>{"rootElement":[{"itemRef":"itm.12.6b15a7da-aaeb-4b74-8df0-65899cbfe439","extensionElements":{"itemRefPO":["12.6b15a7da-aaeb-4b74-8df0-65899cbfe439"]},"name":"Msg_2082785920_4e180d4c_7f1b_4cd9_9987_3848606251f6","declaredType":"message","id":"_667df4a0-bdda-4532-9230-f90881b929ad"}],"targetNamespace":"http:\/\/sing.si\/credes\/sid\/","typeLanguage":"http:\/\/www.w3.org\/2001\/XMLSchema","expressionLanguage":"http:\/\/www.w3.org\/1999\/XPath","id":"_bbb30dfe-e527-4755-acd1-2752a2304d30"}</jsonData>
        <dataName isNull="true" />
        <description isNull="true" />
        <guid>guid:d5093b7866157b1f:-48a1e4c1:18bddc6f6c5:-6bc9</guid>
        <versionId>736f74ac-379c-4dcb-8f56-e1f8b2057c61</versionId>
        <definition isNull="true" />
    </twClass>
</teamworks>

