<?xml version="1.0" encoding="UTF-8"?>
<teamworks>
    <twClass id="12.607ac39c-f157-4d4d-8da0-928e4d0e2d1e" name="KreditNamen_BO">
        <lastModified>1736346313701</lastModified>
        <lastModifiedBy>bmihajlovic</lastModifiedBy>
        <tenantId isNull="true" />
        <classId>12.607ac39c-f157-4d4d-8da0-928e4d0e2d1e</classId>
        <type>1</type>
        <isSystem>false</isSystem>
        <shared>false</shared>
        <isShadow>false</isShadow>
        <globalLifetime>false</globalLifetime>
        <internalName isNull="true" />
        <extensionType isNull="true" />
        <saveServiceRef isNull="true" />
        <bpmn2Data isNull="true" />
        <externalId>itm.12.607ac39c-f157-4d4d-8da0-928e4d0e2d1e</externalId>
        <dependencySummary isNull="true" />
        <jsonData>{"attributeFormDefault":"unqualified","elementFormDefault":"unqualified","targetNamespace":"http:\/\/NKANF","complexType":[{"annotation":{"documentation":[{}],"appinfo":[{"shared":[false],"advancedProperties":[{}],"shadow":[false]}]},"sequence":{"element":[{"annotation":{"documentation":[{"content":["&lt;table border=\"0\" cellpadding=\"0\" cellspacing=\"0\" style=\"border-collapse:\n collapse;width:280pt\" width=\"372\"&gt;&lt;tbody&gt;&lt;tr height=\"19\" style=\"height:14.4pt\"&gt;\n  &lt;td class=\"xl66\" colspan=\"2\" height=\"19\" style=\"border-right:.5pt solid black;\n  height:14.4pt;width:280pt\" width=\"372\"&gt;Naziv projekta\/posla&lt;\/td&gt;&lt;\/tr&gt;&lt;\/tbody&gt;&lt;\/table&gt;"]}],"appinfo":[{"propertyName":["nazivProjekta"],"propertyRequired":[false],"propertyHidden":[false],"advancedParameterProperties":[{}]}]},"name":"nazivProjekta","type":"{http:\/\/lombardi.ibm.com\/schema\/}String","otherAttributes":{"{http:\/\/www.ibm.com\/bpmsdk}refid":"12.db884a3c-c533-44b7-bb2d-47bec8ad4022"}},{"annotation":{"documentation":[{"content":["&lt;table border=\"0\" cellpadding=\"0\" cellspacing=\"0\" style=\"border-collapse:\n collapse;width:281pt\" width=\"374\"&gt;&lt;tbody&gt;&lt;tr style=\"height:14.4pt\"&gt;\n  &lt;td class=\"xl66\" style=\"border-right:.5pt solid black;\n  height:14.4pt;width:281pt\" width=\"374\"&gt;Primerni nameni kredita&lt;\/td&gt;&lt;\/tr&gt;&lt;\/tbody&gt;&lt;\/table&gt;"]}],"appinfo":[{"propertyName":["primerniNameniKredita"],"propertyRequired":[false],"propertyHidden":[false],"advancedParameterProperties":[{}]}]},"name":"primerniNameniKredita","maxOccurs":"unbounded","type":"{http:\/\/UCBUIT}SifrantPodatkov_BO","otherAttributes":{"{http:\/\/www.ibm.com\/bpmsdk}refid":"12.cf19e10e-3521-440f-9f4a-06a15e00a5c8"}},{"annotation":{"documentation":[{"content":["&lt;table border=\"0\" cellpadding=\"0\" cellspacing=\"0\" style=\"border-collapse:\n collapse;width:280pt\" width=\"372\"&gt;&lt;tbody&gt;&lt;tr height=\"19\" style=\"height:14.4pt\"&gt;\n  &lt;td class=\"xl66\" colspan=\"2\" height=\"19\" style=\"border-right:.5pt solid black;\n  height:14.4pt;width:280pt\" width=\"372\"&gt;Namen financiranja&lt;\/td&gt;&lt;\/tr&gt;&lt;\/tbody&gt;&lt;\/table&gt;"]}],"appinfo":[{"propertyName":["namenFinanciranja"],"propertyRequired":[false],"propertyHidden":[false],"advancedParameterProperties":[{}]}]},"name":"namenFinanciranja","type":"{http:\/\/lombardi.ibm.com\/schema\/}String","otherAttributes":{"{http:\/\/www.ibm.com\/bpmsdk}refid":"12.db884a3c-c533-44b7-bb2d-47bec8ad4022"}},{"annotation":{"documentation":[{"content":["&lt;table border=\"0\" cellpadding=\"0\" cellspacing=\"0\" style=\"border-collapse:\n collapse;width:280pt\" width=\"372\"&gt;&lt;tbody&gt;&lt;tr height=\"19\" style=\"height:14.4pt\"&gt;\n  &lt;td class=\"xl66\" colspan=\"2\" height=\"19\" style=\"border-right:.5pt solid black;\n  height:14.4pt;width:280pt\" width=\"372\"&gt;Predviden datum za\u010detka izvedbenih del\/datum\n  za\u010detka posla&lt;\/td&gt;&lt;\/tr&gt;&lt;\/tbody&gt;&lt;\/table&gt;"]}],"appinfo":[{"propertyName":["predvidenDatumZacetkaProjekta"],"propertyRequired":[false],"propertyHidden":[false],"advancedParameterProperties":[{}]}]},"name":"predvidenDatumZacetkaProjekta","type":"{http:\/\/lombardi.ibm.com\/schema\/}Date","otherAttributes":{"{http:\/\/www.ibm.com\/bpmsdk}refid":"12.68474ab0-d56f-47ee-b7e9-510b45a2a8be"}},{"annotation":{"documentation":[{"content":["&lt;table border=\"0\" cellpadding=\"0\" cellspacing=\"0\" style=\"border-collapse:\n collapse;width:281pt\" width=\"374\"&gt;&lt;tbody&gt;&lt;tr height=\"19\" style=\"height:14.4pt\"&gt;\n  &lt;td class=\"xl66\" colspan=\"2\" height=\"19\" style=\"border-right:.5pt solid black;\n  height:14.4pt;width:281pt\" width=\"374\"&gt;Predviden datum zaklju\u010dka izvedbenih del\/datum\n  zaklju\u010dka posla&lt;\/td&gt;&lt;\/tr&gt;&lt;\/tbody&gt;&lt;\/table&gt;"]}],"appinfo":[{"propertyName":["predvidenDatumZakljuckaProjekta"],"propertyRequired":[false],"propertyHidden":[false],"advancedParameterProperties":[{}]}]},"name":"predvidenDatumZakljuckaProjekta","type":"{http:\/\/lombardi.ibm.com\/schema\/}Date","otherAttributes":{"{http:\/\/www.ibm.com\/bpmsdk}refid":"12.68474ab0-d56f-47ee-b7e9-510b45a2a8be"}},{"annotation":{"documentation":[{"content":["&lt;table border=\"0\" cellpadding=\"0\" cellspacing=\"0\" style=\"border-collapse:\n collapse;width:141pt\" width=\"188\"&gt;&lt;tbody&gt;&lt;tr height=\"19\" style=\"height:14.4pt\"&gt;\n  &lt;td align=\"left\" class=\"xl66\" height=\"19\" style=\"height:14.4pt;\n  width:141pt\" width=\"188\"&gt;Stranka uporablja \u017eig&lt;\/td&gt;&lt;\/tr&gt;&lt;\/tbody&gt;&lt;\/table&gt;"]}],"appinfo":[{"propertyName":["strankaUporabljaZig"],"propertyRequired":[false],"propertyHidden":[false],"advancedParameterProperties":[{}]}]},"name":"strankaUporabljaZig","type":"{http:\/\/lombardi.ibm.com\/schema\/}String","otherAttributes":{"{http:\/\/www.ibm.com\/bpmsdk}refid":"12.db884a3c-c533-44b7-bb2d-47bec8ad4022"}},{"annotation":{"documentation":[{"content":["&lt;table border=\"0\" cellpadding=\"0\" cellspacing=\"0\" style=\"border-collapse:\n collapse;width:140pt\" width=\"186\"&gt;&lt;tbody&gt;&lt;tr height=\"19\" style=\"height:14.4pt\"&gt;\n  &lt;td align=\"left\" class=\"xl66\" height=\"19\" style=\"height:14.4pt;\n  width:140pt\" width=\"186\"&gt;\u017delimo uveljavljati status MSP&lt;\/td&gt;&lt;\/tr&gt;&lt;\/tbody&gt;&lt;\/table&gt;"]}],"appinfo":[{"propertyName":["potrdimoStatusMSP"],"propertyRequired":[false],"propertyHidden":[false],"advancedParameterProperties":[{}]}]},"name":"potrdimoStatusMSP","type":"{http:\/\/lombardi.ibm.com\/schema\/}String","otherAttributes":{"{http:\/\/www.ibm.com\/bpmsdk}refid":"12.db884a3c-c533-44b7-bb2d-47bec8ad4022"}},{"annotation":{"documentation":[{"content":["&lt;table border=\"0\" cellpadding=\"0\" cellspacing=\"0\" style=\"border-collapse:\n collapse;width:140pt\" width=\"186\"&gt;&lt;tbody&gt;&lt;tr height=\"19\" style=\"height:14.4pt\"&gt;\n  &lt;td align=\"left\" class=\"xl66\" height=\"19\" style=\"height:14.4pt;\n  width:140pt\" width=\"186\"&gt;Vrsta projekta&lt;\/td&gt;&lt;\/tr&gt;&lt;\/tbody&gt;&lt;\/table&gt;"]}],"appinfo":[{"propertyName":["vrstaProjekta"],"propertyRequired":[false],"propertyHidden":[false],"advancedParameterProperties":[{}]}]},"name":"vrstaProjekta","type":"{http:\/\/UCBUIT}Sifrant_BO","otherAttributes":{"{http:\/\/www.ibm.com\/bpmsdk}refid":"12.e820db8a-5806-4a4b-a6b3-2de31193eb53"}},{"annotation":{"documentation":[{"content":["&lt;table border=\"0\" cellpadding=\"0\" cellspacing=\"0\" style=\"border-collapse:\n collapse;width:281pt\" width=\"374\"&gt;&lt;tbody&gt;&lt;tr height=\"19\" style=\"height:14.4pt\"&gt;\n  &lt;td class=\"xl66\" colspan=\"2\" height=\"19\" style=\"border-right:.5pt solid black;\n  height:14.4pt;width:281pt\" width=\"374\"&gt;Predviden datum konca izvajanja financiranja\n  projekta&lt;\/td&gt;&lt;\/tr&gt;&lt;\/tbody&gt;&lt;\/table&gt;"]}],"appinfo":[{"propertyName":["predvidenDatumKoncaFinanciranja"],"propertyRequired":[false],"propertyHidden":[false],"advancedParameterProperties":[{}]}]},"name":"predvidenDatumKoncaFinanciranja","type":"{http:\/\/lombardi.ibm.com\/schema\/}Date","otherAttributes":{"{http:\/\/www.ibm.com\/bpmsdk}refid":"12.68474ab0-d56f-47ee-b7e9-510b45a2a8be"}},{"annotation":{"documentation":[{"content":["&lt;table border=\"0\" cellpadding=\"0\" cellspacing=\"0\" style=\"border-collapse:\n collapse;width:280pt\" width=\"372\"&gt;&lt;tbody&gt;&lt;tr height=\"19\" style=\"height:14.4pt\"&gt;\n  &lt;td class=\"xl66\" colspan=\"2\" height=\"19\" style=\"border-right:.5pt solid black;\n  height:14.4pt;width:280pt\" width=\"372\"&gt;Vrednost enotnega nalo\u017ebenega projekta&lt;\/td&gt;&lt;\/tr&gt;&lt;\/tbody&gt;&lt;\/table&gt;"]}],"appinfo":[{"propertyName":["vrednostEnotnegaProjekta"],"propertyRequired":[false],"propertyHidden":[false],"advancedParameterProperties":[{}]}]},"name":"vrednostEnotnegaProjekta","type":"{http:\/\/lombardi.ibm.com\/schema\/}Decimal","otherAttributes":{"{http:\/\/www.ibm.com\/bpmsdk}refid":"12.536b2aa5-a30f-4eca-87fa-3a28066753ee"}},{"annotation":{"documentation":[{"content":["&lt;table border=\"0\" cellpadding=\"0\" cellspacing=\"0\" style=\"border-collapse:\n collapse;width:281pt\" width=\"374\"&gt;&lt;tbody&gt;&lt;tr height=\"19\" style=\"height:14.4pt\"&gt;\n  &lt;td class=\"xl66\" colspan=\"2\" height=\"19\" style=\"border-right:.5pt solid black;\n  height:14.4pt;width:281pt\" width=\"374\"&gt;Koda domene ukrepa, v katero se ume\u0161\u010da projekt\n  skladno s klasifikacijo iz Izvedbene Uredbe Komisije (EU) \u0161t. 215\/2014&lt;\/td&gt;&lt;\/tr&gt;&lt;\/tbody&gt;&lt;\/table&gt;"]}],"appinfo":[{"propertyName":["domenUkrepa"],"propertyRequired":[false],"propertyHidden":[false],"advancedParameterProperties":[{}]}]},"name":"domenUkrepa","type":"{http:\/\/UCBUIT}Sifrant_BO","otherAttributes":{"{http:\/\/www.ibm.com\/bpmsdk}refid":"12.e820db8a-5806-4a4b-a6b3-2de31193eb53"}},{"annotation":{"documentation":[{"content":["&lt;table border=\"0\" cellpadding=\"0\" cellspacing=\"0\" style=\"border-collapse:\n collapse;width:280pt\" width=\"372\"&gt;&lt;tbody&gt;&lt;tr height=\"40\" style=\"mso-height-source:userset;height:30.0pt\"&gt;\n  &lt;td class=\"xl66\" colspan=\"2\" height=\"40\" style=\"border-right:.5pt solid black;\n  height:30.0pt;width:280pt\" width=\"372\"&gt;Prednostno podro\u010dje, v katero se ume\u0161\u010da projekt\n  skladno s klasifikacijo Slovenske strategije pametne specializacije (S4)\u00a0&lt;\/td&gt;&lt;\/tr&gt;&lt;\/tbody&gt;&lt;\/table&gt;"]}],"appinfo":[{"propertyName":["prednostnoPodrocje"],"propertyRequired":[false],"propertyHidden":[false],"advancedParameterProperties":[{}]}]},"name":"prednostnoPodrocje","type":"{http:\/\/UCBUIT}Sifrant_BO","otherAttributes":{"{http:\/\/www.ibm.com\/bpmsdk}refid":"12.e820db8a-5806-4a4b-a6b3-2de31193eb53"}},{"annotation":{"documentation":[{"content":["&lt;table border=\"0\" cellpadding=\"0\" cellspacing=\"0\" style=\"border-collapse:\n collapse;width:281pt\" width=\"374\"&gt;&lt;tbody&gt;&lt;tr height=\"40\" style=\"mso-height-source:userset;height:30.0pt\"&gt;\n  &lt;td class=\"xl66\" colspan=\"2\" height=\"40\" style=\"border-right:.5pt solid black;\n  height:30.0pt;width:281pt\" width=\"374\"&gt;Fokusno podru\u010dje&lt;\/td&gt;&lt;\/tr&gt;&lt;\/tbody&gt;&lt;\/table&gt;"]}],"appinfo":[{"propertyName":["fokusnoPodrocje"],"propertyRequired":[false],"propertyHidden":[false],"advancedParameterProperties":[{}]}]},"name":"fokusnoPodrocje","type":"{http:\/\/UCBUIT}Sifrant_BO","otherAttributes":{"{http:\/\/www.ibm.com\/bpmsdk}refid":"12.e820db8a-5806-4a4b-a6b3-2de31193eb53"}},{"annotation":{"documentation":[{"content":["Kohezijska regija"]}],"appinfo":[{"propertyName":["kohezijskaRegija"],"propertyRequired":[false],"propertyHidden":[false],"advancedParameterProperties":[{}]}]},"name":"kohezijskaRegija","type":"{http:\/\/UCBUIT}Sifrant_BO","otherAttributes":{"{http:\/\/www.ibm.com\/bpmsdk}refid":"12.e820db8a-5806-4a4b-a6b3-2de31193eb53"}},{"annotation":{"documentation":[{"content":["Lokacija projekta - naslov"]}],"appinfo":[{"propertyName":["naslovLokacijeProjekta"],"propertyRequired":[false],"propertyHidden":[false],"advancedParameterProperties":[{}]}]},"name":"naslovLokacijeProjekta","type":"{http:\/\/lombardi.ibm.com\/schema\/}String","otherAttributes":{"{http:\/\/www.ibm.com\/bpmsdk}refid":"12.db884a3c-c533-44b7-bb2d-47bec8ad4022"}},{"annotation":{"documentation":[{"content":["&lt;table border=\"0\" cellpadding=\"0\" cellspacing=\"0\" style=\"border-collapse:\n collapse;width:281pt\" width=\"374\"&gt;&lt;tbody&gt;&lt;tr height=\"36\" style=\"mso-height-source:userset;height:27.0pt\"&gt;\n  &lt;td class=\"xl66\" colspan=\"2\" height=\"36\" style=\"height:27.0pt;width:281pt\" width=\"374\"&gt;Lokacija\n  projekta - po\u0161tna \u0161tevilka&lt;\/td&gt;&lt;\/tr&gt;&lt;\/tbody&gt;&lt;\/table&gt;"]}],"appinfo":[{"propertyName":["postaLokacijeProjekta"],"propertyRequired":[false],"propertyHidden":[false],"advancedParameterProperties":[{}]}]},"name":"postaLokacijeProjekta","type":"{http:\/\/lombardi.ibm.com\/schema\/}String","otherAttributes":{"{http:\/\/www.ibm.com\/bpmsdk}refid":"12.db884a3c-c533-44b7-bb2d-47bec8ad4022"}},{"annotation":{"documentation":[{"content":["Ob\u010dina projekta\/posla"]}],"appinfo":[{"propertyName":["obcinaProjekta"],"propertyRequired":[false],"propertyHidden":[false],"advancedParameterProperties":[{}]}]},"name":"obcinaProjekta","type":"{http:\/\/UCBUIT}Sifrant_BO","otherAttributes":{"{http:\/\/www.ibm.com\/bpmsdk}refid":"12.e820db8a-5806-4a4b-a6b3-2de31193eb53"}},{"annotation":{"documentation":[{"content":["Kraj projekta\/posla"]}],"appinfo":[{"propertyName":["krajProjekta"],"propertyRequired":[false],"propertyHidden":[false],"advancedParameterProperties":[{}]}]},"name":"krajProjekta","type":"{http:\/\/UCBUIT}Sifrant_BO","otherAttributes":{"{http:\/\/www.ibm.com\/bpmsdk}refid":"12.e820db8a-5806-4a4b-a6b3-2de31193eb53"}},{"annotation":{"documentation":[{"content":["Statisti\u010dna regija projekta\/posla"]}],"appinfo":[{"propertyName":["statisticnaRegijaProjekta"],"propertyRequired":[false],"propertyHidden":[false],"advancedParameterProperties":[{}]}]},"name":"statisticnaRegijaProjekta","type":"{http:\/\/UCBUIT}Sifrant_BO","otherAttributes":{"{http:\/\/www.ibm.com\/bpmsdk}refid":"12.e820db8a-5806-4a4b-a6b3-2de31193eb53"}},{"annotation":{"documentation":[{"content":["&lt;table border=\"0\" cellpadding=\"0\" cellspacing=\"0\" style=\"border-collapse:\n collapse;width:280pt\" width=\"372\"&gt;&lt;tbody&gt;&lt;tr height=\"38\" style=\"mso-height-source:userset;height:28.8pt\"&gt;\n  &lt;td class=\"xl66\" colspan=\"2\" height=\"38\" style=\"height:28.8pt;width:280pt\" width=\"372\"&gt;Stranka\n  je prejela pozitivno odlo\u010dbo pristojnega ministrstva o odobritvi\n  sofinanciranega projekta z nepovratnimi sredstvi&lt;\/td&gt;&lt;\/tr&gt;&lt;\/tbody&gt;&lt;\/table&gt;"]}],"appinfo":[{"propertyName":["strankaPrejelaPozOdlocbo"],"propertyRequired":[false],"propertyHidden":[false],"advancedParameterProperties":[{}]}]},"name":"strankaPrejelaPozOdlocbo","type":"{http:\/\/lombardi.ibm.com\/schema\/}String","otherAttributes":{"{http:\/\/www.ibm.com\/bpmsdk}refid":"12.db884a3c-c533-44b7-bb2d-47bec8ad4022"}},{"annotation":{"documentation":[{"content":["\u0160tevilka in datum odlo\u010dbe"]}],"appinfo":[{"propertyName":["steviloOdlocbe"],"propertyRequired":[false],"propertyHidden":[false],"advancedParameterProperties":[{}]}]},"name":"steviloOdlocbe","type":"{http:\/\/lombardi.ibm.com\/schema\/}String","otherAttributes":{"{http:\/\/www.ibm.com\/bpmsdk}refid":"12.db884a3c-c533-44b7-bb2d-47bec8ad4022"}},{"annotation":{"documentation":[{"content":["Datum pravnomo\u010dnosti odlo\u010dbe"]}],"appinfo":[{"propertyName":["datumPravnomocnostiOdlocbe"],"propertyRequired":[false],"propertyHidden":[false],"advancedParameterProperties":[{}]}]},"name":"datumPravnomocnostiOdlocbe","type":"{http:\/\/lombardi.ibm.com\/schema\/}Date","otherAttributes":{"{http:\/\/www.ibm.com\/bpmsdk}refid":"12.68474ab0-d56f-47ee-b7e9-510b45a2a8be"}},{"annotation":{"documentation":[{"content":["Intenzivnost sofinanciranja upravi\u010denih stro\u0161kov\u00a0 (v %)"]}],"appinfo":[{"propertyName":["intenzivnostSofinUpravStrosk"],"propertyRequired":[false],"propertyHidden":[false],"advancedParameterProperties":[{}]}]},"name":"intenzivnostSofinUpravStrosk","type":"{http:\/\/lombardi.ibm.com\/schema\/}Decimal","otherAttributes":{"{http:\/\/www.ibm.com\/bpmsdk}refid":"12.536b2aa5-a30f-4eca-87fa-3a28066753ee"}},{"annotation":{"documentation":[{"content":["Soglasje Ministrstva za finance k zadol\u017eitvi ob\u010dine"]}],"appinfo":[{"propertyName":["soglasjeFinMinistrstva"],"propertyRequired":[false],"propertyHidden":[false],"advancedParameterProperties":[{}]}]},"name":"soglasjeFinMinistrstva","type":"{http:\/\/lombardi.ibm.com\/schema\/}String","otherAttributes":{"{http:\/\/www.ibm.com\/bpmsdk}refid":"12.db884a3c-c533-44b7-bb2d-47bec8ad4022"}},{"annotation":{"documentation":[{}],"appinfo":[{"propertyName":["namenKredita"],"propertyRequired":[false],"propertyHidden":[false],"advancedParameterProperties":[{}]}]},"name":"namenKredita","type":"{http:\/\/UCBUIT}Sifrant_BO","otherAttributes":{"{http:\/\/www.ibm.com\/bpmsdk}refid":"12.e820db8a-5806-4a4b-a6b3-2de31193eb53"}},{"annotation":{"documentation":[{"content":["Osnovni podatki o javnih stavbah v projektu celovite energetske prenove"]}],"appinfo":[{"propertyName":["javneStavbeVProjektu"],"propertyRequired":[false],"propertyHidden":[false],"advancedParameterProperties":[{}]}]},"name":"javneStavbeVProjektu","maxOccurs":"unbounded","type":"{http:\/\/NKANF}StavbaVProjektu_BO","otherAttributes":{"{http:\/\/www.ibm.com\/bpmsdk}refid":"12.d6c01994-aa2b-44ef-9896-15c052f8f81d"}},{"annotation":{"documentation":[{}],"appinfo":[{"propertyName":["potrebnoGeneriranjeDokumentaKO"],"propertyRequired":[false],"propertyHidden":[false],"advancedParameterProperties":[{}]}]},"name":"potrebnoGeneriranjeDokumentaKO","type":"{http:\/\/lombardi.ibm.com\/schema\/}String","otherAttributes":{"{http:\/\/www.ibm.com\/bpmsdk}refid":"12.db884a3c-c533-44b7-bb2d-47bec8ad4022"}},{"annotation":{"documentation":[{}],"appinfo":[{"propertyName":["idKreditNamenSOR"],"propertyRequired":[false],"propertyHidden":[false],"advancedParameterProperties":[{}]}]},"name":"idKreditNamenSOR","type":"{http:\/\/lombardi.ibm.com\/schema\/}Integer","otherAttributes":{"{http:\/\/www.ibm.com\/bpmsdk}refid":"12.3fa0d7a0-828a-4d60-99cc-db5ed143fc2d"}},{"annotation":{"documentation":[{"content":["sif_skd_podrocje_projekta\u00a0\u00a0(SifarnikTipId = 233)&lt;div&gt;konkatenacija koda - naziv&lt;\/div&gt;"]}],"appinfo":[{"propertyName":["skdPodrocje"],"propertyRequired":[false],"propertyHidden":[false],"advancedParameterProperties":[{}]}]},"name":"skdPodrocje","type":"{http:\/\/lombardi.ibm.com\/schema\/}String","otherAttributes":{"{http:\/\/www.ibm.com\/bpmsdk}refid":"12.db884a3c-c533-44b7-bb2d-47bec8ad4022"}},{"annotation":{"documentation":[{"content":["sif_dejavnost_skd&lt;div&gt;konkatenacija kode i naziva&lt;\/div&gt;"]}],"appinfo":[{"propertyName":["skdDejavnost"],"propertyRequired":[false],"propertyHidden":[false],"advancedParameterProperties":[{}]}]},"name":"skdDejavnost","type":"{http:\/\/lombardi.ibm.com\/schema\/}String","otherAttributes":{"{http:\/\/www.ibm.com\/bpmsdk}refid":"12.db884a3c-c533-44b7-bb2d-47bec8ad4022"}},{"annotation":{"documentation":[{}],"appinfo":[{"propertyName":["celotniStroskiProjektaPosla"],"propertyRequired":[false],"propertyHidden":[false],"advancedParameterProperties":[{}]}]},"name":"celotniStroskiProjektaPosla","type":"{http:\/\/lombardi.ibm.com\/schema\/}Decimal","otherAttributes":{"{http:\/\/www.ibm.com\/bpmsdk}refid":"12.536b2aa5-a30f-4eca-87fa-3a28066753ee"}},{"annotation":{"documentation":[{}],"appinfo":[{"propertyName":["upraviceniStroskiProjektaPosla"],"propertyRequired":[false],"propertyHidden":[false],"advancedParameterProperties":[{}]}]},"name":"upraviceniStroskiProjektaPosla","type":"{http:\/\/lombardi.ibm.com\/schema\/}Decimal","otherAttributes":{"{http:\/\/www.ibm.com\/bpmsdk}refid":"12.536b2aa5-a30f-4eca-87fa-3a28066753ee"}},{"annotation":{"documentation":[{}],"appinfo":[{"propertyName":["dejavnostSkd"],"propertyRequired":[false],"propertyHidden":[false],"advancedParameterProperties":[{}]}]},"name":"dejavnostSkd","type":"{http:\/\/UCBUIT}Sifrant_BO","otherAttributes":{"{http:\/\/www.ibm.com\/bpmsdk}refid":"12.e820db8a-5806-4a4b-a6b3-2de31193eb53"}},{"annotation":{"documentation":[{}],"appinfo":[{"propertyName":["podrocjeSkd"],"propertyRequired":[false],"propertyHidden":[false],"advancedParameterProperties":[{}]}]},"name":"podrocjeSkd","type":"{http:\/\/UCBUIT}Sifrant_BO","otherAttributes":{"{http:\/\/www.ibm.com\/bpmsdk}refid":"12.e820db8a-5806-4a4b-a6b3-2de31193eb53"}},{"annotation":{"documentation":[{}],"appinfo":[{"propertyName":["delezCelotniStroskiProjektaPosla"],"propertyRequired":[false],"propertyHidden":[false],"advancedParameterProperties":[{}]}]},"name":"delezCelotniStroskiProjektaPosla","type":"{http:\/\/lombardi.ibm.com\/schema\/}ANY","otherAttributes":{"{http:\/\/www.ibm.com\/bpmsdk}refid":"12.c09c9b6e-aabd-4897-bef2-ed61db106297"}},{"annotation":{"documentation":[{}],"appinfo":[{"propertyName":["delezUpraviceniStroskiProjektaPosla"],"propertyRequired":[false],"propertyHidden":[false],"advancedParameterProperties":[{}]}]},"name":"delezUpraviceniStroskiProjektaPosla","type":"{http:\/\/lombardi.ibm.com\/schema\/}ANY","otherAttributes":{"{http:\/\/www.ibm.com\/bpmsdk}refid":"12.c09c9b6e-aabd-4897-bef2-ed61db106297"}}]},"name":"KreditNamen_BO"}],"id":"_12.607ac39c-f157-4d4d-8da0-928e4d0e2d1e"}</jsonData>
        <dataName isNull="true" />
        <description isNull="true" />
        <guid>7c08fd16-07d6-416c-9ee2-ebe6ca52f9c1</guid>
        <versionId>f26523a2-5192-4963-ae2a-991307588a64</versionId>
        <definition>
            <property>
                <name>nazivProjekta</name>
                <description>&lt;table border="0" cellpadding="0" cellspacing="0" style="border-collapse:
 collapse;width:280pt" width="372"&gt;&lt;tbody&gt;&lt;tr height="19" style="height:14.4pt"&gt;
  &lt;td class="xl66" colspan="2" height="19" style="border-right:.5pt solid black;
  height:14.4pt;width:280pt" width="372"&gt;Naziv projekta/posla&lt;/td&gt;&lt;/tr&gt;&lt;/tbody&gt;&lt;/table&gt;</description>
                <classRef>34b0d65f-7524-4bdf-81fb-fcf6680322a1/12.db884a3c-c533-44b7-bb2d-47bec8ad4022</classRef>
                <arrayProperty>false</arrayProperty>
                <propertyDefault isNull="true" />
                <propertyRequired>false</propertyRequired>
                <propertyHidden>false</propertyHidden>
                <annotation type="com.lombardisoftware.core.xml.XMLFieldAnnotation" version="2.0">
                    <exclude isNull="true" />
                    <nodeType isNull="true" />
                    <name isNull="true" />
                    <namespace isNull="true" />
                    <typeName isNull="true" />
                    <typeNamespace isNull="true" />
                    <minOccurs isNull="true" />
                    <maxOccurs isNull="true" />
                    <nillable isNull="true" />
                    <order isNull="true" />
                    <wrapArray isNull="true" />
                    <arrayTypeName isNull="true" />
                    <arrayTypeAnonymous isNull="true" />
                    <arrayItemName isNull="true" />
                    <arrayItemWildcard isNull="true" />
                    <wildcard isNull="true" />
                    <wildcardVariety isNull="true" />
                    <wildcardMode isNull="true" />
                    <wildcardNamespace isNull="true" />
                    <parentModelGroupCompositor isNull="true" />
                    <timeZone isNull="true" />
                </annotation>
            </property>
            <property>
                <name>primerniNameniKredita</name>
                <description>&lt;table border="0" cellpadding="0" cellspacing="0" style="border-collapse:
 collapse;width:281pt" width="374"&gt;&lt;tbody&gt;&lt;tr style="height:14.4pt"&gt;
  &lt;td class="xl66" style="border-right:.5pt solid black;
  height:14.4pt;width:281pt" width="374"&gt;Primerni nameni kredita&lt;/td&gt;&lt;/tr&gt;&lt;/tbody&gt;&lt;/table&gt;</description>
                <classRef>04c2a412-3a5f-4ab7-bc26-7d70e1f0ff70/12.cf19e10e-3521-440f-9f4a-06a15e00a5c8</classRef>
                <arrayProperty>true</arrayProperty>
                <propertyDefault isNull="true" />
                <propertyRequired>false</propertyRequired>
                <propertyHidden>false</propertyHidden>
                <annotation type="com.lombardisoftware.core.xml.XMLFieldAnnotation" version="2.0">
                    <exclude isNull="true" />
                    <nodeType isNull="true" />
                    <name isNull="true" />
                    <namespace isNull="true" />
                    <typeName isNull="true" />
                    <typeNamespace isNull="true" />
                    <minOccurs isNull="true" />
                    <maxOccurs isNull="true" />
                    <nillable isNull="true" />
                    <order isNull="true" />
                    <wrapArray isNull="true" />
                    <arrayTypeName isNull="true" />
                    <arrayTypeAnonymous isNull="true" />
                    <arrayItemName isNull="true" />
                    <arrayItemWildcard isNull="true" />
                    <wildcard isNull="true" />
                    <wildcardVariety isNull="true" />
                    <wildcardMode isNull="true" />
                    <wildcardNamespace isNull="true" />
                    <parentModelGroupCompositor isNull="true" />
                    <timeZone isNull="true" />
                </annotation>
            </property>
            <property>
                <name>namenFinanciranja</name>
                <description>&lt;table border="0" cellpadding="0" cellspacing="0" style="border-collapse:
 collapse;width:280pt" width="372"&gt;&lt;tbody&gt;&lt;tr height="19" style="height:14.4pt"&gt;
  &lt;td class="xl66" colspan="2" height="19" style="border-right:.5pt solid black;
  height:14.4pt;width:280pt" width="372"&gt;Namen financiranja&lt;/td&gt;&lt;/tr&gt;&lt;/tbody&gt;&lt;/table&gt;</description>
                <classRef>34b0d65f-7524-4bdf-81fb-fcf6680322a1/12.db884a3c-c533-44b7-bb2d-47bec8ad4022</classRef>
                <arrayProperty>false</arrayProperty>
                <propertyDefault isNull="true" />
                <propertyRequired>false</propertyRequired>
                <propertyHidden>false</propertyHidden>
                <annotation type="com.lombardisoftware.core.xml.XMLFieldAnnotation" version="2.0">
                    <exclude isNull="true" />
                    <nodeType isNull="true" />
                    <name isNull="true" />
                    <namespace isNull="true" />
                    <typeName isNull="true" />
                    <typeNamespace isNull="true" />
                    <minOccurs isNull="true" />
                    <maxOccurs isNull="true" />
                    <nillable isNull="true" />
                    <order isNull="true" />
                    <wrapArray isNull="true" />
                    <arrayTypeName isNull="true" />
                    <arrayTypeAnonymous isNull="true" />
                    <arrayItemName isNull="true" />
                    <arrayItemWildcard isNull="true" />
                    <wildcard isNull="true" />
                    <wildcardVariety isNull="true" />
                    <wildcardMode isNull="true" />
                    <wildcardNamespace isNull="true" />
                    <parentModelGroupCompositor isNull="true" />
                    <timeZone isNull="true" />
                </annotation>
            </property>
            <property>
                <name>predvidenDatumZacetkaProjekta</name>
                <description>&lt;table border="0" cellpadding="0" cellspacing="0" style="border-collapse:
 collapse;width:280pt" width="372"&gt;&lt;tbody&gt;&lt;tr height="19" style="height:14.4pt"&gt;
  &lt;td class="xl66" colspan="2" height="19" style="border-right:.5pt solid black;
  height:14.4pt;width:280pt" width="372"&gt;Predviden datum začetka izvedbenih del/datum
  začetka posla&lt;/td&gt;&lt;/tr&gt;&lt;/tbody&gt;&lt;/table&gt;</description>
                <classRef>34b0d65f-7524-4bdf-81fb-fcf6680322a1/12.68474ab0-d56f-47ee-b7e9-510b45a2a8be</classRef>
                <arrayProperty>false</arrayProperty>
                <propertyDefault isNull="true" />
                <propertyRequired>false</propertyRequired>
                <propertyHidden>false</propertyHidden>
                <annotation type="com.lombardisoftware.core.xml.XMLFieldAnnotation" version="2.0">
                    <exclude isNull="true" />
                    <nodeType isNull="true" />
                    <name isNull="true" />
                    <namespace isNull="true" />
                    <typeName isNull="true" />
                    <typeNamespace isNull="true" />
                    <minOccurs isNull="true" />
                    <maxOccurs isNull="true" />
                    <nillable isNull="true" />
                    <order isNull="true" />
                    <wrapArray isNull="true" />
                    <arrayTypeName isNull="true" />
                    <arrayTypeAnonymous isNull="true" />
                    <arrayItemName isNull="true" />
                    <arrayItemWildcard isNull="true" />
                    <wildcard isNull="true" />
                    <wildcardVariety isNull="true" />
                    <wildcardMode isNull="true" />
                    <wildcardNamespace isNull="true" />
                    <parentModelGroupCompositor isNull="true" />
                    <timeZone isNull="true" />
                </annotation>
            </property>
            <property>
                <name>predvidenDatumZakljuckaProjekta</name>
                <description>&lt;table border="0" cellpadding="0" cellspacing="0" style="border-collapse:
 collapse;width:281pt" width="374"&gt;&lt;tbody&gt;&lt;tr height="19" style="height:14.4pt"&gt;
  &lt;td class="xl66" colspan="2" height="19" style="border-right:.5pt solid black;
  height:14.4pt;width:281pt" width="374"&gt;Predviden datum zaključka izvedbenih del/datum
  zaključka posla&lt;/td&gt;&lt;/tr&gt;&lt;/tbody&gt;&lt;/table&gt;</description>
                <classRef>34b0d65f-7524-4bdf-81fb-fcf6680322a1/12.68474ab0-d56f-47ee-b7e9-510b45a2a8be</classRef>
                <arrayProperty>false</arrayProperty>
                <propertyDefault isNull="true" />
                <propertyRequired>false</propertyRequired>
                <propertyHidden>false</propertyHidden>
                <annotation type="com.lombardisoftware.core.xml.XMLFieldAnnotation" version="2.0">
                    <exclude isNull="true" />
                    <nodeType isNull="true" />
                    <name isNull="true" />
                    <namespace isNull="true" />
                    <typeName isNull="true" />
                    <typeNamespace isNull="true" />
                    <minOccurs isNull="true" />
                    <maxOccurs isNull="true" />
                    <nillable isNull="true" />
                    <order isNull="true" />
                    <wrapArray isNull="true" />
                    <arrayTypeName isNull="true" />
                    <arrayTypeAnonymous isNull="true" />
                    <arrayItemName isNull="true" />
                    <arrayItemWildcard isNull="true" />
                    <wildcard isNull="true" />
                    <wildcardVariety isNull="true" />
                    <wildcardMode isNull="true" />
                    <wildcardNamespace isNull="true" />
                    <parentModelGroupCompositor isNull="true" />
                    <timeZone isNull="true" />
                </annotation>
            </property>
            <property>
                <name>strankaUporabljaZig</name>
                <description>&lt;table border="0" cellpadding="0" cellspacing="0" style="border-collapse:
 collapse;width:141pt" width="188"&gt;&lt;tbody&gt;&lt;tr height="19" style="height:14.4pt"&gt;
  &lt;td align="left" class="xl66" height="19" style="height:14.4pt;
  width:141pt" width="188"&gt;Stranka uporablja žig&lt;/td&gt;&lt;/tr&gt;&lt;/tbody&gt;&lt;/table&gt;</description>
                <classRef>34b0d65f-7524-4bdf-81fb-fcf6680322a1/12.db884a3c-c533-44b7-bb2d-47bec8ad4022</classRef>
                <arrayProperty>false</arrayProperty>
                <propertyDefault isNull="true" />
                <propertyRequired>false</propertyRequired>
                <propertyHidden>false</propertyHidden>
                <annotation type="com.lombardisoftware.core.xml.XMLFieldAnnotation" version="2.0">
                    <exclude isNull="true" />
                    <nodeType isNull="true" />
                    <name isNull="true" />
                    <namespace isNull="true" />
                    <typeName isNull="true" />
                    <typeNamespace isNull="true" />
                    <minOccurs isNull="true" />
                    <maxOccurs isNull="true" />
                    <nillable isNull="true" />
                    <order isNull="true" />
                    <wrapArray isNull="true" />
                    <arrayTypeName isNull="true" />
                    <arrayTypeAnonymous isNull="true" />
                    <arrayItemName isNull="true" />
                    <arrayItemWildcard isNull="true" />
                    <wildcard isNull="true" />
                    <wildcardVariety isNull="true" />
                    <wildcardMode isNull="true" />
                    <wildcardNamespace isNull="true" />
                    <parentModelGroupCompositor isNull="true" />
                    <timeZone isNull="true" />
                </annotation>
            </property>
            <property>
                <name>potrdimoStatusMSP</name>
                <description>&lt;table border="0" cellpadding="0" cellspacing="0" style="border-collapse:
 collapse;width:140pt" width="186"&gt;&lt;tbody&gt;&lt;tr height="19" style="height:14.4pt"&gt;
  &lt;td align="left" class="xl66" height="19" style="height:14.4pt;
  width:140pt" width="186"&gt;Želimo uveljavljati status MSP&lt;/td&gt;&lt;/tr&gt;&lt;/tbody&gt;&lt;/table&gt;</description>
                <classRef>34b0d65f-7524-4bdf-81fb-fcf6680322a1/12.db884a3c-c533-44b7-bb2d-47bec8ad4022</classRef>
                <arrayProperty>false</arrayProperty>
                <propertyDefault isNull="true" />
                <propertyRequired>false</propertyRequired>
                <propertyHidden>false</propertyHidden>
                <annotation type="com.lombardisoftware.core.xml.XMLFieldAnnotation" version="2.0">
                    <exclude isNull="true" />
                    <nodeType isNull="true" />
                    <name isNull="true" />
                    <namespace isNull="true" />
                    <typeName isNull="true" />
                    <typeNamespace isNull="true" />
                    <minOccurs isNull="true" />
                    <maxOccurs isNull="true" />
                    <nillable isNull="true" />
                    <order isNull="true" />
                    <wrapArray isNull="true" />
                    <arrayTypeName isNull="true" />
                    <arrayTypeAnonymous isNull="true" />
                    <arrayItemName isNull="true" />
                    <arrayItemWildcard isNull="true" />
                    <wildcard isNull="true" />
                    <wildcardVariety isNull="true" />
                    <wildcardMode isNull="true" />
                    <wildcardNamespace isNull="true" />
                    <parentModelGroupCompositor isNull="true" />
                    <timeZone isNull="true" />
                </annotation>
            </property>
            <property>
                <name>vrstaProjekta</name>
                <description>&lt;table border="0" cellpadding="0" cellspacing="0" style="border-collapse:
 collapse;width:140pt" width="186"&gt;&lt;tbody&gt;&lt;tr height="19" style="height:14.4pt"&gt;
  &lt;td align="left" class="xl66" height="19" style="height:14.4pt;
  width:140pt" width="186"&gt;Vrsta projekta&lt;/td&gt;&lt;/tr&gt;&lt;/tbody&gt;&lt;/table&gt;</description>
                <classRef>04c2a412-3a5f-4ab7-bc26-7d70e1f0ff70/12.e820db8a-5806-4a4b-a6b3-2de31193eb53</classRef>
                <arrayProperty>false</arrayProperty>
                <propertyDefault isNull="true" />
                <propertyRequired>false</propertyRequired>
                <propertyHidden>false</propertyHidden>
                <annotation type="com.lombardisoftware.core.xml.XMLFieldAnnotation" version="2.0">
                    <exclude isNull="true" />
                    <nodeType isNull="true" />
                    <name isNull="true" />
                    <namespace isNull="true" />
                    <typeName isNull="true" />
                    <typeNamespace isNull="true" />
                    <minOccurs isNull="true" />
                    <maxOccurs isNull="true" />
                    <nillable isNull="true" />
                    <order isNull="true" />
                    <wrapArray isNull="true" />
                    <arrayTypeName isNull="true" />
                    <arrayTypeAnonymous isNull="true" />
                    <arrayItemName isNull="true" />
                    <arrayItemWildcard isNull="true" />
                    <wildcard isNull="true" />
                    <wildcardVariety isNull="true" />
                    <wildcardMode isNull="true" />
                    <wildcardNamespace isNull="true" />
                    <parentModelGroupCompositor isNull="true" />
                    <timeZone isNull="true" />
                </annotation>
            </property>
            <property>
                <name>predvidenDatumKoncaFinanciranja</name>
                <description>&lt;table border="0" cellpadding="0" cellspacing="0" style="border-collapse:
 collapse;width:281pt" width="374"&gt;&lt;tbody&gt;&lt;tr height="19" style="height:14.4pt"&gt;
  &lt;td class="xl66" colspan="2" height="19" style="border-right:.5pt solid black;
  height:14.4pt;width:281pt" width="374"&gt;Predviden datum konca izvajanja financiranja
  projekta&lt;/td&gt;&lt;/tr&gt;&lt;/tbody&gt;&lt;/table&gt;</description>
                <classRef>34b0d65f-7524-4bdf-81fb-fcf6680322a1/12.68474ab0-d56f-47ee-b7e9-510b45a2a8be</classRef>
                <arrayProperty>false</arrayProperty>
                <propertyDefault isNull="true" />
                <propertyRequired>false</propertyRequired>
                <propertyHidden>false</propertyHidden>
                <annotation type="com.lombardisoftware.core.xml.XMLFieldAnnotation" version="2.0">
                    <exclude isNull="true" />
                    <nodeType isNull="true" />
                    <name isNull="true" />
                    <namespace isNull="true" />
                    <typeName isNull="true" />
                    <typeNamespace isNull="true" />
                    <minOccurs isNull="true" />
                    <maxOccurs isNull="true" />
                    <nillable isNull="true" />
                    <order isNull="true" />
                    <wrapArray isNull="true" />
                    <arrayTypeName isNull="true" />
                    <arrayTypeAnonymous isNull="true" />
                    <arrayItemName isNull="true" />
                    <arrayItemWildcard isNull="true" />
                    <wildcard isNull="true" />
                    <wildcardVariety isNull="true" />
                    <wildcardMode isNull="true" />
                    <wildcardNamespace isNull="true" />
                    <parentModelGroupCompositor isNull="true" />
                    <timeZone isNull="true" />
                </annotation>
            </property>
            <property>
                <name>vrednostEnotnegaProjekta</name>
                <description>&lt;table border="0" cellpadding="0" cellspacing="0" style="border-collapse:
 collapse;width:280pt" width="372"&gt;&lt;tbody&gt;&lt;tr height="19" style="height:14.4pt"&gt;
  &lt;td class="xl66" colspan="2" height="19" style="border-right:.5pt solid black;
  height:14.4pt;width:280pt" width="372"&gt;Vrednost enotnega naložbenega projekta&lt;/td&gt;&lt;/tr&gt;&lt;/tbody&gt;&lt;/table&gt;</description>
                <classRef>34b0d65f-7524-4bdf-81fb-fcf6680322a1/12.536b2aa5-a30f-4eca-87fa-3a28066753ee</classRef>
                <arrayProperty>false</arrayProperty>
                <propertyDefault isNull="true" />
                <propertyRequired>false</propertyRequired>
                <propertyHidden>false</propertyHidden>
                <annotation type="com.lombardisoftware.core.xml.XMLFieldAnnotation" version="2.0">
                    <exclude isNull="true" />
                    <nodeType isNull="true" />
                    <name isNull="true" />
                    <namespace isNull="true" />
                    <typeName isNull="true" />
                    <typeNamespace isNull="true" />
                    <minOccurs isNull="true" />
                    <maxOccurs isNull="true" />
                    <nillable isNull="true" />
                    <order isNull="true" />
                    <wrapArray isNull="true" />
                    <arrayTypeName isNull="true" />
                    <arrayTypeAnonymous isNull="true" />
                    <arrayItemName isNull="true" />
                    <arrayItemWildcard isNull="true" />
                    <wildcard isNull="true" />
                    <wildcardVariety isNull="true" />
                    <wildcardMode isNull="true" />
                    <wildcardNamespace isNull="true" />
                    <parentModelGroupCompositor isNull="true" />
                    <timeZone isNull="true" />
                </annotation>
            </property>
            <property>
                <name>domenUkrepa</name>
                <description>&lt;table border="0" cellpadding="0" cellspacing="0" style="border-collapse:
 collapse;width:281pt" width="374"&gt;&lt;tbody&gt;&lt;tr height="19" style="height:14.4pt"&gt;
  &lt;td class="xl66" colspan="2" height="19" style="border-right:.5pt solid black;
  height:14.4pt;width:281pt" width="374"&gt;Koda domene ukrepa, v katero se umešča projekt
  skladno s klasifikacijo iz Izvedbene Uredbe Komisije (EU) št. 215/2014&lt;/td&gt;&lt;/tr&gt;&lt;/tbody&gt;&lt;/table&gt;</description>
                <classRef>04c2a412-3a5f-4ab7-bc26-7d70e1f0ff70/12.e820db8a-5806-4a4b-a6b3-2de31193eb53</classRef>
                <arrayProperty>false</arrayProperty>
                <propertyDefault isNull="true" />
                <propertyRequired>false</propertyRequired>
                <propertyHidden>false</propertyHidden>
                <annotation type="com.lombardisoftware.core.xml.XMLFieldAnnotation" version="2.0">
                    <exclude isNull="true" />
                    <nodeType isNull="true" />
                    <name isNull="true" />
                    <namespace isNull="true" />
                    <typeName isNull="true" />
                    <typeNamespace isNull="true" />
                    <minOccurs isNull="true" />
                    <maxOccurs isNull="true" />
                    <nillable isNull="true" />
                    <order isNull="true" />
                    <wrapArray isNull="true" />
                    <arrayTypeName isNull="true" />
                    <arrayTypeAnonymous isNull="true" />
                    <arrayItemName isNull="true" />
                    <arrayItemWildcard isNull="true" />
                    <wildcard isNull="true" />
                    <wildcardVariety isNull="true" />
                    <wildcardMode isNull="true" />
                    <wildcardNamespace isNull="true" />
                    <parentModelGroupCompositor isNull="true" />
                    <timeZone isNull="true" />
                </annotation>
            </property>
            <property>
                <name>prednostnoPodrocje</name>
                <description>&lt;table border="0" cellpadding="0" cellspacing="0" style="border-collapse:
 collapse;width:280pt" width="372"&gt;&lt;tbody&gt;&lt;tr height="40" style="mso-height-source:userset;height:30.0pt"&gt;
  &lt;td class="xl66" colspan="2" height="40" style="border-right:.5pt solid black;
  height:30.0pt;width:280pt" width="372"&gt;Prednostno področje, v katero se umešča projekt
  skladno s klasifikacijo Slovenske strategije pametne specializacije (S4) &lt;/td&gt;&lt;/tr&gt;&lt;/tbody&gt;&lt;/table&gt;</description>
                <classRef>04c2a412-3a5f-4ab7-bc26-7d70e1f0ff70/12.e820db8a-5806-4a4b-a6b3-2de31193eb53</classRef>
                <arrayProperty>false</arrayProperty>
                <propertyDefault isNull="true" />
                <propertyRequired>false</propertyRequired>
                <propertyHidden>false</propertyHidden>
                <annotation type="com.lombardisoftware.core.xml.XMLFieldAnnotation" version="2.0">
                    <exclude isNull="true" />
                    <nodeType isNull="true" />
                    <name isNull="true" />
                    <namespace isNull="true" />
                    <typeName isNull="true" />
                    <typeNamespace isNull="true" />
                    <minOccurs isNull="true" />
                    <maxOccurs isNull="true" />
                    <nillable isNull="true" />
                    <order isNull="true" />
                    <wrapArray isNull="true" />
                    <arrayTypeName isNull="true" />
                    <arrayTypeAnonymous isNull="true" />
                    <arrayItemName isNull="true" />
                    <arrayItemWildcard isNull="true" />
                    <wildcard isNull="true" />
                    <wildcardVariety isNull="true" />
                    <wildcardMode isNull="true" />
                    <wildcardNamespace isNull="true" />
                    <parentModelGroupCompositor isNull="true" />
                    <timeZone isNull="true" />
                </annotation>
            </property>
            <property>
                <name>fokusnoPodrocje</name>
                <description>&lt;table border="0" cellpadding="0" cellspacing="0" style="border-collapse:
 collapse;width:281pt" width="374"&gt;&lt;tbody&gt;&lt;tr height="40" style="mso-height-source:userset;height:30.0pt"&gt;
  &lt;td class="xl66" colspan="2" height="40" style="border-right:.5pt solid black;
  height:30.0pt;width:281pt" width="374"&gt;Fokusno područje&lt;/td&gt;&lt;/tr&gt;&lt;/tbody&gt;&lt;/table&gt;</description>
                <classRef>04c2a412-3a5f-4ab7-bc26-7d70e1f0ff70/12.e820db8a-5806-4a4b-a6b3-2de31193eb53</classRef>
                <arrayProperty>false</arrayProperty>
                <propertyDefault isNull="true" />
                <propertyRequired>false</propertyRequired>
                <propertyHidden>false</propertyHidden>
                <annotation type="com.lombardisoftware.core.xml.XMLFieldAnnotation" version="2.0">
                    <exclude isNull="true" />
                    <nodeType isNull="true" />
                    <name isNull="true" />
                    <namespace isNull="true" />
                    <typeName isNull="true" />
                    <typeNamespace isNull="true" />
                    <minOccurs isNull="true" />
                    <maxOccurs isNull="true" />
                    <nillable isNull="true" />
                    <order isNull="true" />
                    <wrapArray isNull="true" />
                    <arrayTypeName isNull="true" />
                    <arrayTypeAnonymous isNull="true" />
                    <arrayItemName isNull="true" />
                    <arrayItemWildcard isNull="true" />
                    <wildcard isNull="true" />
                    <wildcardVariety isNull="true" />
                    <wildcardMode isNull="true" />
                    <wildcardNamespace isNull="true" />
                    <parentModelGroupCompositor isNull="true" />
                    <timeZone isNull="true" />
                </annotation>
            </property>
            <property>
                <name>kohezijskaRegija</name>
                <description>Kohezijska regija</description>
                <classRef>04c2a412-3a5f-4ab7-bc26-7d70e1f0ff70/12.e820db8a-5806-4a4b-a6b3-2de31193eb53</classRef>
                <arrayProperty>false</arrayProperty>
                <propertyDefault isNull="true" />
                <propertyRequired>false</propertyRequired>
                <propertyHidden>false</propertyHidden>
                <annotation type="com.lombardisoftware.core.xml.XMLFieldAnnotation" version="2.0">
                    <exclude isNull="true" />
                    <nodeType isNull="true" />
                    <name isNull="true" />
                    <namespace isNull="true" />
                    <typeName isNull="true" />
                    <typeNamespace isNull="true" />
                    <minOccurs isNull="true" />
                    <maxOccurs isNull="true" />
                    <nillable isNull="true" />
                    <order isNull="true" />
                    <wrapArray isNull="true" />
                    <arrayTypeName isNull="true" />
                    <arrayTypeAnonymous isNull="true" />
                    <arrayItemName isNull="true" />
                    <arrayItemWildcard isNull="true" />
                    <wildcard isNull="true" />
                    <wildcardVariety isNull="true" />
                    <wildcardMode isNull="true" />
                    <wildcardNamespace isNull="true" />
                    <parentModelGroupCompositor isNull="true" />
                    <timeZone isNull="true" />
                </annotation>
            </property>
            <property>
                <name>naslovLokacijeProjekta</name>
                <description>Lokacija projekta - naslov</description>
                <classRef>34b0d65f-7524-4bdf-81fb-fcf6680322a1/12.db884a3c-c533-44b7-bb2d-47bec8ad4022</classRef>
                <arrayProperty>false</arrayProperty>
                <propertyDefault isNull="true" />
                <propertyRequired>false</propertyRequired>
                <propertyHidden>false</propertyHidden>
                <annotation type="com.lombardisoftware.core.xml.XMLFieldAnnotation" version="2.0">
                    <exclude isNull="true" />
                    <nodeType isNull="true" />
                    <name isNull="true" />
                    <namespace isNull="true" />
                    <typeName isNull="true" />
                    <typeNamespace isNull="true" />
                    <minOccurs isNull="true" />
                    <maxOccurs isNull="true" />
                    <nillable isNull="true" />
                    <order isNull="true" />
                    <wrapArray isNull="true" />
                    <arrayTypeName isNull="true" />
                    <arrayTypeAnonymous isNull="true" />
                    <arrayItemName isNull="true" />
                    <arrayItemWildcard isNull="true" />
                    <wildcard isNull="true" />
                    <wildcardVariety isNull="true" />
                    <wildcardMode isNull="true" />
                    <wildcardNamespace isNull="true" />
                    <parentModelGroupCompositor isNull="true" />
                    <timeZone isNull="true" />
                </annotation>
            </property>
            <property>
                <name>postaLokacijeProjekta</name>
                <description>&lt;table border="0" cellpadding="0" cellspacing="0" style="border-collapse:
 collapse;width:281pt" width="374"&gt;&lt;tbody&gt;&lt;tr height="36" style="mso-height-source:userset;height:27.0pt"&gt;
  &lt;td class="xl66" colspan="2" height="36" style="height:27.0pt;width:281pt" width="374"&gt;Lokacija
  projekta - poštna številka&lt;/td&gt;&lt;/tr&gt;&lt;/tbody&gt;&lt;/table&gt;</description>
                <classRef>34b0d65f-7524-4bdf-81fb-fcf6680322a1/12.db884a3c-c533-44b7-bb2d-47bec8ad4022</classRef>
                <arrayProperty>false</arrayProperty>
                <propertyDefault isNull="true" />
                <propertyRequired>false</propertyRequired>
                <propertyHidden>false</propertyHidden>
                <annotation type="com.lombardisoftware.core.xml.XMLFieldAnnotation" version="2.0">
                    <exclude isNull="true" />
                    <nodeType isNull="true" />
                    <name isNull="true" />
                    <namespace isNull="true" />
                    <typeName isNull="true" />
                    <typeNamespace isNull="true" />
                    <minOccurs isNull="true" />
                    <maxOccurs isNull="true" />
                    <nillable isNull="true" />
                    <order isNull="true" />
                    <wrapArray isNull="true" />
                    <arrayTypeName isNull="true" />
                    <arrayTypeAnonymous isNull="true" />
                    <arrayItemName isNull="true" />
                    <arrayItemWildcard isNull="true" />
                    <wildcard isNull="true" />
                    <wildcardVariety isNull="true" />
                    <wildcardMode isNull="true" />
                    <wildcardNamespace isNull="true" />
                    <parentModelGroupCompositor isNull="true" />
                    <timeZone isNull="true" />
                </annotation>
            </property>
            <property>
                <name>obcinaProjekta</name>
                <description>Občina projekta/posla</description>
                <classRef>04c2a412-3a5f-4ab7-bc26-7d70e1f0ff70/12.e820db8a-5806-4a4b-a6b3-2de31193eb53</classRef>
                <arrayProperty>false</arrayProperty>
                <propertyDefault isNull="true" />
                <propertyRequired>false</propertyRequired>
                <propertyHidden>false</propertyHidden>
                <annotation type="com.lombardisoftware.core.xml.XMLFieldAnnotation" version="2.0">
                    <exclude isNull="true" />
                    <nodeType isNull="true" />
                    <name isNull="true" />
                    <namespace isNull="true" />
                    <typeName isNull="true" />
                    <typeNamespace isNull="true" />
                    <minOccurs isNull="true" />
                    <maxOccurs isNull="true" />
                    <nillable isNull="true" />
                    <order isNull="true" />
                    <wrapArray isNull="true" />
                    <arrayTypeName isNull="true" />
                    <arrayTypeAnonymous isNull="true" />
                    <arrayItemName isNull="true" />
                    <arrayItemWildcard isNull="true" />
                    <wildcard isNull="true" />
                    <wildcardVariety isNull="true" />
                    <wildcardMode isNull="true" />
                    <wildcardNamespace isNull="true" />
                    <parentModelGroupCompositor isNull="true" />
                    <timeZone isNull="true" />
                </annotation>
            </property>
            <property>
                <name>krajProjekta</name>
                <description>Kraj projekta/posla</description>
                <classRef>04c2a412-3a5f-4ab7-bc26-7d70e1f0ff70/12.e820db8a-5806-4a4b-a6b3-2de31193eb53</classRef>
                <arrayProperty>false</arrayProperty>
                <propertyDefault isNull="true" />
                <propertyRequired>false</propertyRequired>
                <propertyHidden>false</propertyHidden>
                <annotation type="com.lombardisoftware.core.xml.XMLFieldAnnotation" version="2.0">
                    <exclude isNull="true" />
                    <nodeType isNull="true" />
                    <name isNull="true" />
                    <namespace isNull="true" />
                    <typeName isNull="true" />
                    <typeNamespace isNull="true" />
                    <minOccurs isNull="true" />
                    <maxOccurs isNull="true" />
                    <nillable isNull="true" />
                    <order isNull="true" />
                    <wrapArray isNull="true" />
                    <arrayTypeName isNull="true" />
                    <arrayTypeAnonymous isNull="true" />
                    <arrayItemName isNull="true" />
                    <arrayItemWildcard isNull="true" />
                    <wildcard isNull="true" />
                    <wildcardVariety isNull="true" />
                    <wildcardMode isNull="true" />
                    <wildcardNamespace isNull="true" />
                    <parentModelGroupCompositor isNull="true" />
                    <timeZone isNull="true" />
                </annotation>
            </property>
            <property>
                <name>statisticnaRegijaProjekta</name>
                <description>Statistična regija projekta/posla</description>
                <classRef>04c2a412-3a5f-4ab7-bc26-7d70e1f0ff70/12.e820db8a-5806-4a4b-a6b3-2de31193eb53</classRef>
                <arrayProperty>false</arrayProperty>
                <propertyDefault isNull="true" />
                <propertyRequired>false</propertyRequired>
                <propertyHidden>false</propertyHidden>
                <annotation type="com.lombardisoftware.core.xml.XMLFieldAnnotation" version="2.0">
                    <exclude isNull="true" />
                    <nodeType isNull="true" />
                    <name isNull="true" />
                    <namespace isNull="true" />
                    <typeName isNull="true" />
                    <typeNamespace isNull="true" />
                    <minOccurs isNull="true" />
                    <maxOccurs isNull="true" />
                    <nillable isNull="true" />
                    <order isNull="true" />
                    <wrapArray isNull="true" />
                    <arrayTypeName isNull="true" />
                    <arrayTypeAnonymous isNull="true" />
                    <arrayItemName isNull="true" />
                    <arrayItemWildcard isNull="true" />
                    <wildcard isNull="true" />
                    <wildcardVariety isNull="true" />
                    <wildcardMode isNull="true" />
                    <wildcardNamespace isNull="true" />
                    <parentModelGroupCompositor isNull="true" />
                    <timeZone isNull="true" />
                </annotation>
            </property>
            <property>
                <name>strankaPrejelaPozOdlocbo</name>
                <description>&lt;table border="0" cellpadding="0" cellspacing="0" style="border-collapse:
 collapse;width:280pt" width="372"&gt;&lt;tbody&gt;&lt;tr height="38" style="mso-height-source:userset;height:28.8pt"&gt;
  &lt;td class="xl66" colspan="2" height="38" style="height:28.8pt;width:280pt" width="372"&gt;Stranka
  je prejela pozitivno odločbo pristojnega ministrstva o odobritvi
  sofinanciranega projekta z nepovratnimi sredstvi&lt;/td&gt;&lt;/tr&gt;&lt;/tbody&gt;&lt;/table&gt;</description>
                <classRef>34b0d65f-7524-4bdf-81fb-fcf6680322a1/12.db884a3c-c533-44b7-bb2d-47bec8ad4022</classRef>
                <arrayProperty>false</arrayProperty>
                <propertyDefault isNull="true" />
                <propertyRequired>false</propertyRequired>
                <propertyHidden>false</propertyHidden>
                <annotation type="com.lombardisoftware.core.xml.XMLFieldAnnotation" version="2.0">
                    <exclude isNull="true" />
                    <nodeType isNull="true" />
                    <name isNull="true" />
                    <namespace isNull="true" />
                    <typeName isNull="true" />
                    <typeNamespace isNull="true" />
                    <minOccurs isNull="true" />
                    <maxOccurs isNull="true" />
                    <nillable isNull="true" />
                    <order isNull="true" />
                    <wrapArray isNull="true" />
                    <arrayTypeName isNull="true" />
                    <arrayTypeAnonymous isNull="true" />
                    <arrayItemName isNull="true" />
                    <arrayItemWildcard isNull="true" />
                    <wildcard isNull="true" />
                    <wildcardVariety isNull="true" />
                    <wildcardMode isNull="true" />
                    <wildcardNamespace isNull="true" />
                    <parentModelGroupCompositor isNull="true" />
                    <timeZone isNull="true" />
                </annotation>
            </property>
            <property>
                <name>steviloOdlocbe</name>
                <description>Številka in datum odločbe</description>
                <classRef>34b0d65f-7524-4bdf-81fb-fcf6680322a1/12.db884a3c-c533-44b7-bb2d-47bec8ad4022</classRef>
                <arrayProperty>false</arrayProperty>
                <propertyDefault isNull="true" />
                <propertyRequired>false</propertyRequired>
                <propertyHidden>false</propertyHidden>
                <annotation type="com.lombardisoftware.core.xml.XMLFieldAnnotation" version="2.0">
                    <exclude isNull="true" />
                    <nodeType isNull="true" />
                    <name isNull="true" />
                    <namespace isNull="true" />
                    <typeName isNull="true" />
                    <typeNamespace isNull="true" />
                    <minOccurs isNull="true" />
                    <maxOccurs isNull="true" />
                    <nillable isNull="true" />
                    <order isNull="true" />
                    <wrapArray isNull="true" />
                    <arrayTypeName isNull="true" />
                    <arrayTypeAnonymous isNull="true" />
                    <arrayItemName isNull="true" />
                    <arrayItemWildcard isNull="true" />
                    <wildcard isNull="true" />
                    <wildcardVariety isNull="true" />
                    <wildcardMode isNull="true" />
                    <wildcardNamespace isNull="true" />
                    <parentModelGroupCompositor isNull="true" />
                    <timeZone isNull="true" />
                </annotation>
            </property>
            <property>
                <name>datumPravnomocnostiOdlocbe</name>
                <description>Datum pravnomočnosti odločbe</description>
                <classRef>34b0d65f-7524-4bdf-81fb-fcf6680322a1/12.68474ab0-d56f-47ee-b7e9-510b45a2a8be</classRef>
                <arrayProperty>false</arrayProperty>
                <propertyDefault isNull="true" />
                <propertyRequired>false</propertyRequired>
                <propertyHidden>false</propertyHidden>
                <annotation type="com.lombardisoftware.core.xml.XMLFieldAnnotation" version="2.0">
                    <exclude isNull="true" />
                    <nodeType isNull="true" />
                    <name isNull="true" />
                    <namespace isNull="true" />
                    <typeName isNull="true" />
                    <typeNamespace isNull="true" />
                    <minOccurs isNull="true" />
                    <maxOccurs isNull="true" />
                    <nillable isNull="true" />
                    <order isNull="true" />
                    <wrapArray isNull="true" />
                    <arrayTypeName isNull="true" />
                    <arrayTypeAnonymous isNull="true" />
                    <arrayItemName isNull="true" />
                    <arrayItemWildcard isNull="true" />
                    <wildcard isNull="true" />
                    <wildcardVariety isNull="true" />
                    <wildcardMode isNull="true" />
                    <wildcardNamespace isNull="true" />
                    <parentModelGroupCompositor isNull="true" />
                    <timeZone isNull="true" />
                </annotation>
            </property>
            <property>
                <name>intenzivnostSofinUpravStrosk</name>
                <description>Intenzivnost sofinanciranja upravičenih stroškov  (v %)</description>
                <classRef>34b0d65f-7524-4bdf-81fb-fcf6680322a1/12.536b2aa5-a30f-4eca-87fa-3a28066753ee</classRef>
                <arrayProperty>false</arrayProperty>
                <propertyDefault isNull="true" />
                <propertyRequired>false</propertyRequired>
                <propertyHidden>false</propertyHidden>
                <annotation type="com.lombardisoftware.core.xml.XMLFieldAnnotation" version="2.0">
                    <exclude isNull="true" />
                    <nodeType isNull="true" />
                    <name isNull="true" />
                    <namespace isNull="true" />
                    <typeName isNull="true" />
                    <typeNamespace isNull="true" />
                    <minOccurs isNull="true" />
                    <maxOccurs isNull="true" />
                    <nillable isNull="true" />
                    <order isNull="true" />
                    <wrapArray isNull="true" />
                    <arrayTypeName isNull="true" />
                    <arrayTypeAnonymous isNull="true" />
                    <arrayItemName isNull="true" />
                    <arrayItemWildcard isNull="true" />
                    <wildcard isNull="true" />
                    <wildcardVariety isNull="true" />
                    <wildcardMode isNull="true" />
                    <wildcardNamespace isNull="true" />
                    <parentModelGroupCompositor isNull="true" />
                    <timeZone isNull="true" />
                </annotation>
            </property>
            <property>
                <name>soglasjeFinMinistrstva</name>
                <description>Soglasje Ministrstva za finance k zadolžitvi občine</description>
                <classRef>34b0d65f-7524-4bdf-81fb-fcf6680322a1/12.db884a3c-c533-44b7-bb2d-47bec8ad4022</classRef>
                <arrayProperty>false</arrayProperty>
                <propertyDefault isNull="true" />
                <propertyRequired>false</propertyRequired>
                <propertyHidden>false</propertyHidden>
                <annotation type="com.lombardisoftware.core.xml.XMLFieldAnnotation" version="2.0">
                    <exclude isNull="true" />
                    <nodeType isNull="true" />
                    <name isNull="true" />
                    <namespace isNull="true" />
                    <typeName isNull="true" />
                    <typeNamespace isNull="true" />
                    <minOccurs isNull="true" />
                    <maxOccurs isNull="true" />
                    <nillable isNull="true" />
                    <order isNull="true" />
                    <wrapArray isNull="true" />
                    <arrayTypeName isNull="true" />
                    <arrayTypeAnonymous isNull="true" />
                    <arrayItemName isNull="true" />
                    <arrayItemWildcard isNull="true" />
                    <wildcard isNull="true" />
                    <wildcardVariety isNull="true" />
                    <wildcardMode isNull="true" />
                    <wildcardNamespace isNull="true" />
                    <parentModelGroupCompositor isNull="true" />
                    <timeZone isNull="true" />
                </annotation>
            </property>
            <property>
                <name>namenKredita</name>
                <description isNull="true" />
                <classRef>04c2a412-3a5f-4ab7-bc26-7d70e1f0ff70/12.e820db8a-5806-4a4b-a6b3-2de31193eb53</classRef>
                <arrayProperty>false</arrayProperty>
                <propertyDefault isNull="true" />
                <propertyRequired>false</propertyRequired>
                <propertyHidden>false</propertyHidden>
                <annotation type="com.lombardisoftware.core.xml.XMLFieldAnnotation" version="2.0">
                    <exclude isNull="true" />
                    <nodeType isNull="true" />
                    <name isNull="true" />
                    <namespace isNull="true" />
                    <typeName isNull="true" />
                    <typeNamespace isNull="true" />
                    <minOccurs isNull="true" />
                    <maxOccurs isNull="true" />
                    <nillable isNull="true" />
                    <order isNull="true" />
                    <wrapArray isNull="true" />
                    <arrayTypeName isNull="true" />
                    <arrayTypeAnonymous isNull="true" />
                    <arrayItemName isNull="true" />
                    <arrayItemWildcard isNull="true" />
                    <wildcard isNull="true" />
                    <wildcardVariety isNull="true" />
                    <wildcardMode isNull="true" />
                    <wildcardNamespace isNull="true" />
                    <parentModelGroupCompositor isNull="true" />
                    <timeZone isNull="true" />
                </annotation>
            </property>
            <property>
                <name>javneStavbeVProjektu</name>
                <description>Osnovni podatki o javnih stavbah v projektu celovite energetske prenove</description>
                <classRef>/12.d6c01994-aa2b-44ef-9896-15c052f8f81d</classRef>
                <arrayProperty>true</arrayProperty>
                <propertyDefault isNull="true" />
                <propertyRequired>false</propertyRequired>
                <propertyHidden>false</propertyHidden>
                <annotation type="com.lombardisoftware.core.xml.XMLFieldAnnotation" version="2.0">
                    <exclude isNull="true" />
                    <nodeType isNull="true" />
                    <name isNull="true" />
                    <namespace isNull="true" />
                    <typeName isNull="true" />
                    <typeNamespace isNull="true" />
                    <minOccurs isNull="true" />
                    <maxOccurs isNull="true" />
                    <nillable isNull="true" />
                    <order isNull="true" />
                    <wrapArray isNull="true" />
                    <arrayTypeName isNull="true" />
                    <arrayTypeAnonymous isNull="true" />
                    <arrayItemName isNull="true" />
                    <arrayItemWildcard isNull="true" />
                    <wildcard isNull="true" />
                    <wildcardVariety isNull="true" />
                    <wildcardMode isNull="true" />
                    <wildcardNamespace isNull="true" />
                    <parentModelGroupCompositor isNull="true" />
                    <timeZone isNull="true" />
                </annotation>
            </property>
            <property>
                <name>potrebnoGeneriranjeDokumentaKO</name>
                <description isNull="true" />
                <classRef>34b0d65f-7524-4bdf-81fb-fcf6680322a1/12.db884a3c-c533-44b7-bb2d-47bec8ad4022</classRef>
                <arrayProperty>false</arrayProperty>
                <propertyDefault isNull="true" />
                <propertyRequired>false</propertyRequired>
                <propertyHidden>false</propertyHidden>
                <annotation type="com.lombardisoftware.core.xml.XMLFieldAnnotation" version="2.0">
                    <exclude isNull="true" />
                    <nodeType isNull="true" />
                    <name isNull="true" />
                    <namespace isNull="true" />
                    <typeName isNull="true" />
                    <typeNamespace isNull="true" />
                    <minOccurs isNull="true" />
                    <maxOccurs isNull="true" />
                    <nillable isNull="true" />
                    <order isNull="true" />
                    <wrapArray isNull="true" />
                    <arrayTypeName isNull="true" />
                    <arrayTypeAnonymous isNull="true" />
                    <arrayItemName isNull="true" />
                    <arrayItemWildcard isNull="true" />
                    <wildcard isNull="true" />
                    <wildcardVariety isNull="true" />
                    <wildcardMode isNull="true" />
                    <wildcardNamespace isNull="true" />
                    <parentModelGroupCompositor isNull="true" />
                    <timeZone isNull="true" />
                </annotation>
            </property>
            <property>
                <name>idKreditNamenSOR</name>
                <description isNull="true" />
                <classRef>34b0d65f-7524-4bdf-81fb-fcf6680322a1/12.3fa0d7a0-828a-4d60-99cc-db5ed143fc2d</classRef>
                <arrayProperty>false</arrayProperty>
                <propertyDefault isNull="true" />
                <propertyRequired>false</propertyRequired>
                <propertyHidden>false</propertyHidden>
                <annotation type="com.lombardisoftware.core.xml.XMLFieldAnnotation" version="2.0">
                    <exclude isNull="true" />
                    <nodeType isNull="true" />
                    <name isNull="true" />
                    <namespace isNull="true" />
                    <typeName isNull="true" />
                    <typeNamespace isNull="true" />
                    <minOccurs isNull="true" />
                    <maxOccurs isNull="true" />
                    <nillable isNull="true" />
                    <order isNull="true" />
                    <wrapArray isNull="true" />
                    <arrayTypeName isNull="true" />
                    <arrayTypeAnonymous isNull="true" />
                    <arrayItemName isNull="true" />
                    <arrayItemWildcard isNull="true" />
                    <wildcard isNull="true" />
                    <wildcardVariety isNull="true" />
                    <wildcardMode isNull="true" />
                    <wildcardNamespace isNull="true" />
                    <parentModelGroupCompositor isNull="true" />
                    <timeZone isNull="true" />
                </annotation>
            </property>
            <property>
                <name>skdPodrocje</name>
                <description>sif_skd_podrocje_projekta  (SifarnikTipId = 233)&lt;div&gt;konkatenacija koda - naziv&lt;/div&gt;</description>
                <classRef>34b0d65f-7524-4bdf-81fb-fcf6680322a1/12.db884a3c-c533-44b7-bb2d-47bec8ad4022</classRef>
                <arrayProperty>false</arrayProperty>
                <propertyDefault isNull="true" />
                <propertyRequired>false</propertyRequired>
                <propertyHidden>false</propertyHidden>
                <annotation type="com.lombardisoftware.core.xml.XMLFieldAnnotation" version="2.0">
                    <exclude isNull="true" />
                    <nodeType isNull="true" />
                    <name isNull="true" />
                    <namespace isNull="true" />
                    <typeName isNull="true" />
                    <typeNamespace isNull="true" />
                    <minOccurs isNull="true" />
                    <maxOccurs isNull="true" />
                    <nillable isNull="true" />
                    <order isNull="true" />
                    <wrapArray isNull="true" />
                    <arrayTypeName isNull="true" />
                    <arrayTypeAnonymous isNull="true" />
                    <arrayItemName isNull="true" />
                    <arrayItemWildcard isNull="true" />
                    <wildcard isNull="true" />
                    <wildcardVariety isNull="true" />
                    <wildcardMode isNull="true" />
                    <wildcardNamespace isNull="true" />
                    <parentModelGroupCompositor isNull="true" />
                    <timeZone isNull="true" />
                </annotation>
            </property>
            <property>
                <name>skdDejavnost</name>
                <description>sif_dejavnost_skd&lt;div&gt;konkatenacija kode i naziva&lt;/div&gt;</description>
                <classRef>34b0d65f-7524-4bdf-81fb-fcf6680322a1/12.db884a3c-c533-44b7-bb2d-47bec8ad4022</classRef>
                <arrayProperty>false</arrayProperty>
                <propertyDefault isNull="true" />
                <propertyRequired>false</propertyRequired>
                <propertyHidden>false</propertyHidden>
                <annotation type="com.lombardisoftware.core.xml.XMLFieldAnnotation" version="2.0">
                    <exclude isNull="true" />
                    <nodeType isNull="true" />
                    <name isNull="true" />
                    <namespace isNull="true" />
                    <typeName isNull="true" />
                    <typeNamespace isNull="true" />
                    <minOccurs isNull="true" />
                    <maxOccurs isNull="true" />
                    <nillable isNull="true" />
                    <order isNull="true" />
                    <wrapArray isNull="true" />
                    <arrayTypeName isNull="true" />
                    <arrayTypeAnonymous isNull="true" />
                    <arrayItemName isNull="true" />
                    <arrayItemWildcard isNull="true" />
                    <wildcard isNull="true" />
                    <wildcardVariety isNull="true" />
                    <wildcardMode isNull="true" />
                    <wildcardNamespace isNull="true" />
                    <parentModelGroupCompositor isNull="true" />
                    <timeZone isNull="true" />
                </annotation>
            </property>
            <property>
                <name>celotniStroskiProjektaPosla</name>
                <description isNull="true" />
                <classRef>34b0d65f-7524-4bdf-81fb-fcf6680322a1/12.536b2aa5-a30f-4eca-87fa-3a28066753ee</classRef>
                <arrayProperty>false</arrayProperty>
                <propertyDefault isNull="true" />
                <propertyRequired>false</propertyRequired>
                <propertyHidden>false</propertyHidden>
                <annotation type="com.lombardisoftware.core.xml.XMLFieldAnnotation" version="2.0">
                    <exclude isNull="true" />
                    <nodeType isNull="true" />
                    <name isNull="true" />
                    <namespace isNull="true" />
                    <typeName isNull="true" />
                    <typeNamespace isNull="true" />
                    <minOccurs isNull="true" />
                    <maxOccurs isNull="true" />
                    <nillable isNull="true" />
                    <order isNull="true" />
                    <wrapArray isNull="true" />
                    <arrayTypeName isNull="true" />
                    <arrayTypeAnonymous isNull="true" />
                    <arrayItemName isNull="true" />
                    <arrayItemWildcard isNull="true" />
                    <wildcard isNull="true" />
                    <wildcardVariety isNull="true" />
                    <wildcardMode isNull="true" />
                    <wildcardNamespace isNull="true" />
                    <parentModelGroupCompositor isNull="true" />
                    <timeZone isNull="true" />
                </annotation>
            </property>
            <property>
                <name>upraviceniStroskiProjektaPosla</name>
                <description isNull="true" />
                <classRef>34b0d65f-7524-4bdf-81fb-fcf6680322a1/12.536b2aa5-a30f-4eca-87fa-3a28066753ee</classRef>
                <arrayProperty>false</arrayProperty>
                <propertyDefault isNull="true" />
                <propertyRequired>false</propertyRequired>
                <propertyHidden>false</propertyHidden>
                <annotation type="com.lombardisoftware.core.xml.XMLFieldAnnotation" version="2.0">
                    <exclude isNull="true" />
                    <nodeType isNull="true" />
                    <name isNull="true" />
                    <namespace isNull="true" />
                    <typeName isNull="true" />
                    <typeNamespace isNull="true" />
                    <minOccurs isNull="true" />
                    <maxOccurs isNull="true" />
                    <nillable isNull="true" />
                    <order isNull="true" />
                    <wrapArray isNull="true" />
                    <arrayTypeName isNull="true" />
                    <arrayTypeAnonymous isNull="true" />
                    <arrayItemName isNull="true" />
                    <arrayItemWildcard isNull="true" />
                    <wildcard isNull="true" />
                    <wildcardVariety isNull="true" />
                    <wildcardMode isNull="true" />
                    <wildcardNamespace isNull="true" />
                    <parentModelGroupCompositor isNull="true" />
                    <timeZone isNull="true" />
                </annotation>
            </property>
            <property>
                <name>dejavnostSkd</name>
                <description isNull="true" />
                <classRef>04c2a412-3a5f-4ab7-bc26-7d70e1f0ff70/12.e820db8a-5806-4a4b-a6b3-2de31193eb53</classRef>
                <arrayProperty>false</arrayProperty>
                <propertyDefault isNull="true" />
                <propertyRequired>false</propertyRequired>
                <propertyHidden>false</propertyHidden>
                <annotation type="com.lombardisoftware.core.xml.XMLFieldAnnotation" version="2.0">
                    <exclude isNull="true" />
                    <nodeType isNull="true" />
                    <name isNull="true" />
                    <namespace isNull="true" />
                    <typeName isNull="true" />
                    <typeNamespace isNull="true" />
                    <minOccurs isNull="true" />
                    <maxOccurs isNull="true" />
                    <nillable isNull="true" />
                    <order isNull="true" />
                    <wrapArray isNull="true" />
                    <arrayTypeName isNull="true" />
                    <arrayTypeAnonymous isNull="true" />
                    <arrayItemName isNull="true" />
                    <arrayItemWildcard isNull="true" />
                    <wildcard isNull="true" />
                    <wildcardVariety isNull="true" />
                    <wildcardMode isNull="true" />
                    <wildcardNamespace isNull="true" />
                    <parentModelGroupCompositor isNull="true" />
                    <timeZone isNull="true" />
                </annotation>
            </property>
            <property>
                <name>podrocjeSkd</name>
                <description isNull="true" />
                <classRef>04c2a412-3a5f-4ab7-bc26-7d70e1f0ff70/12.e820db8a-5806-4a4b-a6b3-2de31193eb53</classRef>
                <arrayProperty>false</arrayProperty>
                <propertyDefault isNull="true" />
                <propertyRequired>false</propertyRequired>
                <propertyHidden>false</propertyHidden>
                <annotation type="com.lombardisoftware.core.xml.XMLFieldAnnotation" version="2.0">
                    <exclude isNull="true" />
                    <nodeType isNull="true" />
                    <name isNull="true" />
                    <namespace isNull="true" />
                    <typeName isNull="true" />
                    <typeNamespace isNull="true" />
                    <minOccurs isNull="true" />
                    <maxOccurs isNull="true" />
                    <nillable isNull="true" />
                    <order isNull="true" />
                    <wrapArray isNull="true" />
                    <arrayTypeName isNull="true" />
                    <arrayTypeAnonymous isNull="true" />
                    <arrayItemName isNull="true" />
                    <arrayItemWildcard isNull="true" />
                    <wildcard isNull="true" />
                    <wildcardVariety isNull="true" />
                    <wildcardMode isNull="true" />
                    <wildcardNamespace isNull="true" />
                    <parentModelGroupCompositor isNull="true" />
                    <timeZone isNull="true" />
                </annotation>
            </property>
            <property>
                <name>delezCelotniStroskiProjektaPosla</name>
                <description isNull="true" />
                <classRef>34b0d65f-7524-4bdf-81fb-fcf6680322a1/12.c09c9b6e-aabd-4897-bef2-ed61db106297</classRef>
                <arrayProperty>false</arrayProperty>
                <propertyDefault isNull="true" />
                <propertyRequired>false</propertyRequired>
                <propertyHidden>false</propertyHidden>
                <annotation type="com.lombardisoftware.core.xml.XMLFieldAnnotation" version="2.0">
                    <exclude isNull="true" />
                    <nodeType isNull="true" />
                    <name isNull="true" />
                    <namespace isNull="true" />
                    <typeName isNull="true" />
                    <typeNamespace isNull="true" />
                    <minOccurs isNull="true" />
                    <maxOccurs isNull="true" />
                    <nillable isNull="true" />
                    <order isNull="true" />
                    <wrapArray isNull="true" />
                    <arrayTypeName isNull="true" />
                    <arrayTypeAnonymous isNull="true" />
                    <arrayItemName isNull="true" />
                    <arrayItemWildcard isNull="true" />
                    <wildcard isNull="true" />
                    <wildcardVariety isNull="true" />
                    <wildcardMode isNull="true" />
                    <wildcardNamespace isNull="true" />
                    <parentModelGroupCompositor isNull="true" />
                    <timeZone isNull="true" />
                </annotation>
            </property>
            <property>
                <name>delezUpraviceniStroskiProjektaPosla</name>
                <description isNull="true" />
                <classRef>34b0d65f-7524-4bdf-81fb-fcf6680322a1/12.c09c9b6e-aabd-4897-bef2-ed61db106297</classRef>
                <arrayProperty>false</arrayProperty>
                <propertyDefault isNull="true" />
                <propertyRequired>false</propertyRequired>
                <propertyHidden>false</propertyHidden>
                <annotation type="com.lombardisoftware.core.xml.XMLFieldAnnotation" version="2.0">
                    <exclude isNull="true" />
                    <nodeType isNull="true" />
                    <name isNull="true" />
                    <namespace isNull="true" />
                    <typeName isNull="true" />
                    <typeNamespace isNull="true" />
                    <minOccurs isNull="true" />
                    <maxOccurs isNull="true" />
                    <nillable isNull="true" />
                    <order isNull="true" />
                    <wrapArray isNull="true" />
                    <arrayTypeName isNull="true" />
                    <arrayTypeAnonymous isNull="true" />
                    <arrayItemName isNull="true" />
                    <arrayItemWildcard isNull="true" />
                    <wildcard isNull="true" />
                    <wildcardVariety isNull="true" />
                    <wildcardMode isNull="true" />
                    <wildcardNamespace isNull="true" />
                    <parentModelGroupCompositor isNull="true" />
                    <timeZone isNull="true" />
                </annotation>
            </property>
            <validator>
                <className isNull="true" />
                <errorMessage isNull="true" />
                <webWidgetJavaClass isNull="true" />
                <externalType isNull="true" />
                <configData>
                    <schema>
                        <simpleType name="KreditNamen_BO">
                            <restriction base="String" />
                        </simpleType>
                    </schema>
                </configData>
            </validator>
            <annotation type="com.lombardisoftware.core.xml.XMLTypeAnnotation" version="2.0">
                <exclude isNull="true" />
                <anonymous isNull="true" />
                <local isNull="true" />
                <name isNull="true" />
                <namespace isNull="true" />
                <elementName isNull="true" />
                <elementNamespace isNull="true" />
                <protoTypeName isNull="true" />
                <baseTypeName isNull="true" />
                <specialType isNull="true" />
                <contentTypeVariety isNull="true" />
                <xscRef isNull="true" />
            </annotation>
        </definition>
    </twClass>
</teamworks>

