<?xml version="1.0" encoding="UTF-8"?>
<teamworks>
    <twClass id="12.87d20603-a943-4de0-867c-08cb73da3bef" name="PoslovnaPravilaVhodniPodatki_BO">
        <lastModified>1716385137503</lastModified>
        <lastModifiedBy>bmihajlovic</lastModifiedBy>
        <tenantId isNull="true" />
        <classId>12.87d20603-a943-4de0-867c-08cb73da3bef</classId>
        <type>1</type>
        <isSystem>false</isSystem>
        <shared>false</shared>
        <isShadow>false</isShadow>
        <globalLifetime>false</globalLifetime>
        <internalName isNull="true" />
        <extensionType isNull="true" />
        <saveServiceRef isNull="true" />
        <bpmn2Data isNull="true" />
        <externalId>itm.12.87d20603-a943-4de0-867c-08cb73da3bef</externalId>
        <dependencySummary isNull="true" />
        <jsonData>{"attributeFormDefault":"unqualified","elementFormDefault":"unqualified","targetNamespace":"http:\/\/NKANF","complexType":[{"annotation":{"documentation":[{}],"appinfo":[{"shared":[false],"advancedProperties":[{}],"shadow":[false]}]},"sequence":{"element":[{"annotation":{"documentation":[{}],"appinfo":[{"propertyName":["zaproseniKredit"],"propertyRequired":[false],"propertyHidden":[false],"advancedParameterProperties":[{}]}]},"name":"zaproseniKredit","type":"{http:\/\/NKANF}ZaproseniKredit_SM","otherAttributes":{"{http:\/\/www.ibm.com\/bpmsdk}refid":"12.2ff7c835-ba97-43b9-a0e1-6a3a9d3b96e2"}},{"annotation":{"documentation":[{}],"appinfo":[{"propertyName":["kreditNamen"],"propertyRequired":[false],"propertyHidden":[false],"advancedParameterProperties":[{}]}]},"name":"kreditNamen","type":"{http:\/\/NKANF}KreditNamen_SM","otherAttributes":{"{http:\/\/www.ibm.com\/bpmsdk}refid":"12.aa0dfe49-1d8c-4f8b-a8b4-5583f6b9d297"}},{"annotation":{"documentation":[{}],"appinfo":[{"propertyName":["davcnaStevilka"],"propertyRequired":[false],"propertyHidden":[false],"advancedParameterProperties":[{}]}]},"name":"davcnaStevilka","type":"{http:\/\/lombardi.ibm.com\/schema\/}String","otherAttributes":{"{http:\/\/www.ibm.com\/bpmsdk}refid":"12.db884a3c-c533-44b7-bb2d-47bec8ad4022"}},{"annotation":{"documentation":[{}],"appinfo":[{"propertyName":["maticnaStevilka"],"propertyRequired":[false],"propertyHidden":[false],"advancedParameterProperties":[{}]}]},"name":"maticnaStevilka","type":"{http:\/\/lombardi.ibm.com\/schema\/}String","otherAttributes":{"{http:\/\/www.ibm.com\/bpmsdk}refid":"12.db884a3c-c533-44b7-bb2d-47bec8ad4022"}},{"annotation":{"documentation":[{}],"appinfo":[{"propertyName":["idDrzaveSedeza"],"propertyRequired":[false],"propertyHidden":[false],"advancedParameterProperties":[{}]}]},"name":"idDrzaveSedeza","type":"{http:\/\/lombardi.ibm.com\/schema\/}Integer","otherAttributes":{"{http:\/\/www.ibm.com\/bpmsdk}refid":"12.3fa0d7a0-828a-4d60-99cc-db5ed143fc2d"}},{"annotation":{"documentation":[{}],"appinfo":[{"propertyName":["stroskiInViriFinanciranja"],"propertyRequired":[false],"propertyHidden":[false],"advancedParameterProperties":[{}]}]},"name":"stroskiInViriFinanciranja","maxOccurs":"unbounded","type":"{http:\/\/VIST}VIrStrosekMatrika","otherAttributes":{"{http:\/\/www.ibm.com\/bpmsdk}refid":"12.f86ad698-0cba-4506-baf6-d5865660efe7"}}]},"name":"PoslovnaPravilaVhodniPodatki_BO"}],"id":"_12.87d20603-a943-4de0-867c-08cb73da3bef"}</jsonData>
        <dataName isNull="true" />
        <description isNull="true" />
        <guid>guid:aaf3129043ce6455:-69c6818c:182d88ba414:-69e8</guid>
        <versionId>05cbb8b4-b0d9-4559-9fc6-dc9ab54c1624</versionId>
        <definition>
            <property>
                <name>zaproseniKredit</name>
                <description isNull="true" />
                <classRef>/12.2ff7c835-ba97-43b9-a0e1-6a3a9d3b96e2</classRef>
                <arrayProperty>false</arrayProperty>
                <propertyDefault isNull="true" />
                <propertyRequired>false</propertyRequired>
                <propertyHidden>false</propertyHidden>
                <annotation type="com.lombardisoftware.core.xml.XMLFieldAnnotation" version="2.0">
                    <exclude isNull="true" />
                    <nodeType isNull="true" />
                    <name isNull="true" />
                    <namespace isNull="true" />
                    <typeName isNull="true" />
                    <typeNamespace isNull="true" />
                    <minOccurs isNull="true" />
                    <maxOccurs isNull="true" />
                    <nillable isNull="true" />
                    <order isNull="true" />
                    <wrapArray isNull="true" />
                    <arrayTypeName isNull="true" />
                    <arrayTypeAnonymous isNull="true" />
                    <arrayItemName isNull="true" />
                    <arrayItemWildcard isNull="true" />
                    <wildcard isNull="true" />
                    <wildcardVariety isNull="true" />
                    <wildcardMode isNull="true" />
                    <wildcardNamespace isNull="true" />
                    <parentModelGroupCompositor isNull="true" />
                    <timeZone isNull="true" />
                </annotation>
            </property>
            <property>
                <name>kreditNamen</name>
                <description isNull="true" />
                <classRef>/12.aa0dfe49-1d8c-4f8b-a8b4-5583f6b9d297</classRef>
                <arrayProperty>false</arrayProperty>
                <propertyDefault isNull="true" />
                <propertyRequired>false</propertyRequired>
                <propertyHidden>false</propertyHidden>
                <annotation type="com.lombardisoftware.core.xml.XMLFieldAnnotation" version="2.0">
                    <exclude isNull="true" />
                    <nodeType isNull="true" />
                    <name isNull="true" />
                    <namespace isNull="true" />
                    <typeName isNull="true" />
                    <typeNamespace isNull="true" />
                    <minOccurs isNull="true" />
                    <maxOccurs isNull="true" />
                    <nillable isNull="true" />
                    <order isNull="true" />
                    <wrapArray isNull="true" />
                    <arrayTypeName isNull="true" />
                    <arrayTypeAnonymous isNull="true" />
                    <arrayItemName isNull="true" />
                    <arrayItemWildcard isNull="true" />
                    <wildcard isNull="true" />
                    <wildcardVariety isNull="true" />
                    <wildcardMode isNull="true" />
                    <wildcardNamespace isNull="true" />
                    <parentModelGroupCompositor isNull="true" />
                    <timeZone isNull="true" />
                </annotation>
            </property>
            <property>
                <name>davcnaStevilka</name>
                <description isNull="true" />
                <classRef>34b0d65f-7524-4bdf-81fb-fcf6680322a1/12.db884a3c-c533-44b7-bb2d-47bec8ad4022</classRef>
                <arrayProperty>false</arrayProperty>
                <propertyDefault isNull="true" />
                <propertyRequired>false</propertyRequired>
                <propertyHidden>false</propertyHidden>
                <annotation type="com.lombardisoftware.core.xml.XMLFieldAnnotation" version="2.0">
                    <exclude isNull="true" />
                    <nodeType isNull="true" />
                    <name isNull="true" />
                    <namespace isNull="true" />
                    <typeName isNull="true" />
                    <typeNamespace isNull="true" />
                    <minOccurs isNull="true" />
                    <maxOccurs isNull="true" />
                    <nillable isNull="true" />
                    <order isNull="true" />
                    <wrapArray isNull="true" />
                    <arrayTypeName isNull="true" />
                    <arrayTypeAnonymous isNull="true" />
                    <arrayItemName isNull="true" />
                    <arrayItemWildcard isNull="true" />
                    <wildcard isNull="true" />
                    <wildcardVariety isNull="true" />
                    <wildcardMode isNull="true" />
                    <wildcardNamespace isNull="true" />
                    <parentModelGroupCompositor isNull="true" />
                    <timeZone isNull="true" />
                </annotation>
            </property>
            <property>
                <name>maticnaStevilka</name>
                <description isNull="true" />
                <classRef>34b0d65f-7524-4bdf-81fb-fcf6680322a1/12.db884a3c-c533-44b7-bb2d-47bec8ad4022</classRef>
                <arrayProperty>false</arrayProperty>
                <propertyDefault isNull="true" />
                <propertyRequired>false</propertyRequired>
                <propertyHidden>false</propertyHidden>
                <annotation type="com.lombardisoftware.core.xml.XMLFieldAnnotation" version="2.0">
                    <exclude isNull="true" />
                    <nodeType isNull="true" />
                    <name isNull="true" />
                    <namespace isNull="true" />
                    <typeName isNull="true" />
                    <typeNamespace isNull="true" />
                    <minOccurs isNull="true" />
                    <maxOccurs isNull="true" />
                    <nillable isNull="true" />
                    <order isNull="true" />
                    <wrapArray isNull="true" />
                    <arrayTypeName isNull="true" />
                    <arrayTypeAnonymous isNull="true" />
                    <arrayItemName isNull="true" />
                    <arrayItemWildcard isNull="true" />
                    <wildcard isNull="true" />
                    <wildcardVariety isNull="true" />
                    <wildcardMode isNull="true" />
                    <wildcardNamespace isNull="true" />
                    <parentModelGroupCompositor isNull="true" />
                    <timeZone isNull="true" />
                </annotation>
            </property>
            <property>
                <name>idDrzaveSedeza</name>
                <description isNull="true" />
                <classRef>34b0d65f-7524-4bdf-81fb-fcf6680322a1/12.3fa0d7a0-828a-4d60-99cc-db5ed143fc2d</classRef>
                <arrayProperty>false</arrayProperty>
                <propertyDefault isNull="true" />
                <propertyRequired>false</propertyRequired>
                <propertyHidden>false</propertyHidden>
                <annotation type="com.lombardisoftware.core.xml.XMLFieldAnnotation" version="2.0">
                    <exclude isNull="true" />
                    <nodeType isNull="true" />
                    <name isNull="true" />
                    <namespace isNull="true" />
                    <typeName isNull="true" />
                    <typeNamespace isNull="true" />
                    <minOccurs isNull="true" />
                    <maxOccurs isNull="true" />
                    <nillable isNull="true" />
                    <order isNull="true" />
                    <wrapArray isNull="true" />
                    <arrayTypeName isNull="true" />
                    <arrayTypeAnonymous isNull="true" />
                    <arrayItemName isNull="true" />
                    <arrayItemWildcard isNull="true" />
                    <wildcard isNull="true" />
                    <wildcardVariety isNull="true" />
                    <wildcardMode isNull="true" />
                    <wildcardNamespace isNull="true" />
                    <parentModelGroupCompositor isNull="true" />
                    <timeZone isNull="true" />
                </annotation>
            </property>
            <property>
                <name>stroskiInViriFinanciranja</name>
                <description isNull="true" />
                <classRef>cc997084-30ff-48b7-b8cc-ffd1edb395ff/12.f86ad698-0cba-4506-baf6-d5865660efe7</classRef>
                <arrayProperty>true</arrayProperty>
                <propertyDefault isNull="true" />
                <propertyRequired>false</propertyRequired>
                <propertyHidden>false</propertyHidden>
                <annotation type="com.lombardisoftware.core.xml.XMLFieldAnnotation" version="2.0">
                    <exclude isNull="true" />
                    <nodeType isNull="true" />
                    <name isNull="true" />
                    <namespace isNull="true" />
                    <typeName isNull="true" />
                    <typeNamespace isNull="true" />
                    <minOccurs isNull="true" />
                    <maxOccurs isNull="true" />
                    <nillable isNull="true" />
                    <order isNull="true" />
                    <wrapArray isNull="true" />
                    <arrayTypeName isNull="true" />
                    <arrayTypeAnonymous isNull="true" />
                    <arrayItemName isNull="true" />
                    <arrayItemWildcard isNull="true" />
                    <wildcard isNull="true" />
                    <wildcardVariety isNull="true" />
                    <wildcardMode isNull="true" />
                    <wildcardNamespace isNull="true" />
                    <parentModelGroupCompositor isNull="true" />
                    <timeZone isNull="true" />
                </annotation>
            </property>
            <validator>
                <className isNull="true" />
                <errorMessage isNull="true" />
                <webWidgetJavaClass isNull="true" />
                <externalType isNull="true" />
                <configData>
                    <schema>
                        <simpleType name="PoslovnaPravilaVhodniPodatki_BO">
                            <restriction base="String" />
                        </simpleType>
                    </schema>
                </configData>
            </validator>
            <annotation type="com.lombardisoftware.core.xml.XMLTypeAnnotation" version="2.0">
                <exclude isNull="true" />
                <anonymous isNull="true" />
                <local isNull="true" />
                <name isNull="true" />
                <namespace isNull="true" />
                <elementName isNull="true" />
                <elementNamespace isNull="true" />
                <protoTypeName isNull="true" />
                <baseTypeName isNull="true" />
                <specialType isNull="true" />
                <contentTypeVariety isNull="true" />
                <xscRef isNull="true" />
            </annotation>
        </definition>
    </twClass>
</teamworks>

