<?xml version="1.0" encoding="UTF-8"?>
<teamworks>
    <twClass id="12.ad0eac55-80ea-400d-b199-c032ba32bc25" name="PogodbenaPovezava_SM">
        <lastModified>1651064856546</lastModified>
        <lastModifiedBy>bmihajlovic</lastModifiedBy>
        <tenantId isNull="true" />
        <classId>12.ad0eac55-80ea-400d-b199-c032ba32bc25</classId>
        <type>1</type>
        <isSystem>false</isSystem>
        <shared>false</shared>
        <isShadow>false</isShadow>
        <globalLifetime>false</globalLifetime>
        <internalName isNull="true" />
        <extensionType isNull="true" />
        <saveServiceRef isNull="true" />
        <bpmn2Data isNull="true" />
        <externalId>itm.12.ad0eac55-80ea-400d-b199-c032ba32bc25</externalId>
        <dependencySummary isNull="true" />
        <jsonData>{"attributeFormDefault":"unqualified","elementFormDefault":"unqualified","targetNamespace":"http:\/\/NKANF","complexType":[{"annotation":{"documentation":[{}],"appinfo":[{"shared":[false],"advancedProperties":[{}],"shadow":[false]}]},"sequence":{"element":[{"annotation":{"documentation":[{}],"appinfo":[{"propertyName":["idOsebe"],"propertyRequired":[false],"propertyHidden":[false],"advancedParameterProperties":[{}]}]},"name":"idOsebe","type":"{http:\/\/lombardi.ibm.com\/schema\/}String","otherAttributes":{"{http:\/\/www.ibm.com\/bpmsdk}refid":"12.db884a3c-c533-44b7-bb2d-47bec8ad4022"}},{"annotation":{"documentation":[{}],"appinfo":[{"propertyName":["idVrstaPovezave"],"propertyRequired":[false],"propertyHidden":[false],"advancedParameterProperties":[{}]}]},"name":"idVrstaPovezave","type":"{http:\/\/lombardi.ibm.com\/schema\/}Integer","otherAttributes":{"{http:\/\/www.ibm.com\/bpmsdk}refid":"12.3fa0d7a0-828a-4d60-99cc-db5ed143fc2d"}},{"annotation":{"documentation":[{}],"appinfo":[{"propertyName":["koncnaNadrejenaPravnaOseba"],"propertyRequired":[false],"propertyHidden":[false],"advancedParameterProperties":[{}]}]},"name":"koncnaNadrejenaPravnaOseba","type":"{http:\/\/lombardi.ibm.com\/schema\/}Integer","otherAttributes":{"{http:\/\/www.ibm.com\/bpmsdk}refid":"12.3fa0d7a0-828a-4d60-99cc-db5ed143fc2d"}}]},"name":"PogodbenaPovezava_SM"}],"id":"_12.ad0eac55-80ea-400d-b199-c032ba32bc25"}</jsonData>
        <dataName isNull="true" />
        <description isNull="true" />
        <guid>6e641ccc-7218-4b36-9eff-9e538f767db5</guid>
        <versionId>03b19f43-fc33-4116-8578-7698cf0044e1</versionId>
        <definition>
            <property>
                <name>idOsebe</name>
                <description isNull="true" />
                <classRef>34b0d65f-7524-4bdf-81fb-fcf6680322a1/12.db884a3c-c533-44b7-bb2d-47bec8ad4022</classRef>
                <arrayProperty>false</arrayProperty>
                <propertyDefault isNull="true" />
                <propertyRequired>false</propertyRequired>
                <propertyHidden>false</propertyHidden>
                <annotation type="com.lombardisoftware.core.xml.XMLFieldAnnotation" version="2.0">
                    <exclude isNull="true" />
                    <nodeType isNull="true" />
                    <name isNull="true" />
                    <namespace isNull="true" />
                    <typeName isNull="true" />
                    <typeNamespace isNull="true" />
                    <minOccurs isNull="true" />
                    <maxOccurs isNull="true" />
                    <nillable isNull="true" />
                    <order isNull="true" />
                    <wrapArray isNull="true" />
                    <arrayTypeName isNull="true" />
                    <arrayTypeAnonymous isNull="true" />
                    <arrayItemName isNull="true" />
                    <arrayItemWildcard isNull="true" />
                    <wildcard isNull="true" />
                    <wildcardVariety isNull="true" />
                    <wildcardMode isNull="true" />
                    <wildcardNamespace isNull="true" />
                    <parentModelGroupCompositor isNull="true" />
                    <timeZone isNull="true" />
                </annotation>
            </property>
            <property>
                <name>idVrstaPovezave</name>
                <description isNull="true" />
                <classRef>34b0d65f-7524-4bdf-81fb-fcf6680322a1/12.3fa0d7a0-828a-4d60-99cc-db5ed143fc2d</classRef>
                <arrayProperty>false</arrayProperty>
                <propertyDefault isNull="true" />
                <propertyRequired>false</propertyRequired>
                <propertyHidden>false</propertyHidden>
                <annotation type="com.lombardisoftware.core.xml.XMLFieldAnnotation" version="2.0">
                    <exclude isNull="true" />
                    <nodeType isNull="true" />
                    <name isNull="true" />
                    <namespace isNull="true" />
                    <typeName isNull="true" />
                    <typeNamespace isNull="true" />
                    <minOccurs isNull="true" />
                    <maxOccurs isNull="true" />
                    <nillable isNull="true" />
                    <order isNull="true" />
                    <wrapArray isNull="true" />
                    <arrayTypeName isNull="true" />
                    <arrayTypeAnonymous isNull="true" />
                    <arrayItemName isNull="true" />
                    <arrayItemWildcard isNull="true" />
                    <wildcard isNull="true" />
                    <wildcardVariety isNull="true" />
                    <wildcardMode isNull="true" />
                    <wildcardNamespace isNull="true" />
                    <parentModelGroupCompositor isNull="true" />
                    <timeZone isNull="true" />
                </annotation>
            </property>
            <property>
                <name>koncnaNadrejenaPravnaOseba</name>
                <description isNull="true" />
                <classRef>34b0d65f-7524-4bdf-81fb-fcf6680322a1/12.3fa0d7a0-828a-4d60-99cc-db5ed143fc2d</classRef>
                <arrayProperty>false</arrayProperty>
                <propertyDefault isNull="true" />
                <propertyRequired>false</propertyRequired>
                <propertyHidden>false</propertyHidden>
                <annotation type="com.lombardisoftware.core.xml.XMLFieldAnnotation" version="2.0">
                    <exclude isNull="true" />
                    <nodeType isNull="true" />
                    <name isNull="true" />
                    <namespace isNull="true" />
                    <typeName isNull="true" />
                    <typeNamespace isNull="true" />
                    <minOccurs isNull="true" />
                    <maxOccurs isNull="true" />
                    <nillable isNull="true" />
                    <order isNull="true" />
                    <wrapArray isNull="true" />
                    <arrayTypeName isNull="true" />
                    <arrayTypeAnonymous isNull="true" />
                    <arrayItemName isNull="true" />
                    <arrayItemWildcard isNull="true" />
                    <wildcard isNull="true" />
                    <wildcardVariety isNull="true" />
                    <wildcardMode isNull="true" />
                    <wildcardNamespace isNull="true" />
                    <parentModelGroupCompositor isNull="true" />
                    <timeZone isNull="true" />
                </annotation>
            </property>
            <validator>
                <className isNull="true" />
                <errorMessage isNull="true" />
                <webWidgetJavaClass isNull="true" />
                <externalType isNull="true" />
                <configData>
                    <schema>
                        <simpleType name="PogodbenaPovezava_SM">
                            <restriction base="String" />
                        </simpleType>
                    </schema>
                </configData>
            </validator>
            <annotation type="com.lombardisoftware.core.xml.XMLTypeAnnotation" version="2.0">
                <exclude isNull="true" />
                <anonymous isNull="true" />
                <local isNull="true" />
                <name isNull="true" />
                <namespace isNull="true" />
                <elementName isNull="true" />
                <elementNamespace isNull="true" />
                <protoTypeName isNull="true" />
                <baseTypeName isNull="true" />
                <specialType isNull="true" />
                <contentTypeVariety isNull="true" />
                <xscRef isNull="true" />
            </annotation>
        </definition>
    </twClass>
</teamworks>

