<?xml version="1.0" encoding="UTF-8"?>
<teamworks>
    <twClass id="12.b95c41ba-9bc6-4c00-8293-18832ee8d950" name="ItmDef_2136598613_b95c41ba_9bc6_4c00_8293_18832ee8d950">
        <lastModified>1736780106160</lastModified>
        <lastModifiedBy>bmihajlovic</lastModifiedBy>
        <tenantId isNull="true" />
        <classId>12.b95c41ba-9bc6-4c00-8293-18832ee8d950</classId>
        <type>1</type>
        <isSystem>false</isSystem>
        <shared>false</shared>
        <isShadow>false</isShadow>
        <globalLifetime>false</globalLifetime>
        <internalName isNull="true" />
        <extensionType>3</extensionType>
        <saveServiceRef isNull="true" />
        <bpmn2Data isNull="true" />
        <externalId>itm.12.b95c41ba-9bc6-4c00-8293-18832ee8d950</externalId>
        <dependencySummary>&lt;dependencySummary id="bpdid:15a62ef9377e491f:4e08e6d0:1944b4fac42:-2725"&gt;
  &lt;artifactReference id="bpdid:15a62ef9377e491f:4e08e6d0:1944b4fac42:-2724"&gt;
    &lt;refId&gt;/6023.7c9d7e83-30f8-4819-92d2-aaee2cd37d67&lt;/refId&gt;
    &lt;refType&gt;1&lt;/refType&gt;
    &lt;nameValuePair id="bpdid:15a62ef9377e491f:4e08e6d0:1944b4fac42:-2723"&gt;
      &lt;name&gt;externalId&lt;/name&gt;
      &lt;value&gt;http://www.ibm.com/xmlns/prod/bpm/bpmn/ext/externalservice/swagger/xsd/7673e481-a671-44c2-a6a0-ec0260ab1ee0.xsd&lt;/value&gt;
    &lt;/nameValuePair&gt;
    &lt;nameValuePair id="bpdid:15a62ef9377e491f:4e08e6d0:1944b4fac42:-2722"&gt;
      &lt;name&gt;mimeType&lt;/name&gt;
      &lt;value&gt;xsd&lt;/value&gt;
    &lt;/nameValuePair&gt;
  &lt;/artifactReference&gt;
&lt;/dependencySummary&gt;</dependencySummary>
        <jsonData>{"attributeFormDefault":"unqualified","elementFormDefault":"unqualified","targetNamespace":"http:\/\/www.ibm.com\/xmlns\/prod\/bpm\/bpmn\/ext\/externalservice\/swagger\/xsd\/7673e481-a671-44c2-a6a0-ec0260ab1ee0.xsd","complexType":[{"annotation":{"documentation":[{}],"appinfo":[{"shared":[false],"advancedProperties":[{"namespace":"http:\/\/www.ibm.com\/xmlns\/prod\/bpm\/bpmn\/ext\/externalservice\/swagger\/xsd\/7673e481-a671-44c2-a6a0-ec0260ab1ee0.xsd","typeName":"_api_Porocila_VnesiPorocilo_PUTResponse"}],"shadow":[false]}]},"sequence":{"element":[{"annotation":{"documentation":[{"content":["Success"]}],"appinfo":[{"propertyName":["_api_Porocila_VnesiPorocilo_PUT"],"propertyRequired":[false],"propertyHidden":[false],"advancedParameterProperties":[{"typeNamespace":"http:\/\/www.ibm.com\/xmlns\/prod\/bpm\/bpmn\/ext\/externalservice\/swagger\/xsd\/7673e481-a671-44c2-a6a0-ec0260ab1ee0.xsd","_minOccurs":0,"typeName":"GenericResponse","_nillable":false,"nodeType":1,"_maxOccurs":1,"order":1}]}]},"name":"_api_Porocila_VnesiPorocilo_PUT","type":"{http:\/\/NKANF}BrokenReference","otherAttributes":{"{http:\/\/www.ibm.com\/bpmsdk}refid":"12.1a427c8f-b090-45c3-a66a-27436f06af1e"}}]},"name":"ItmDef_2136598613_b95c41ba_9bc6_4c00_8293_18832ee8d950"}],"id":"_12.b95c41ba-9bc6-4c00-8293-18832ee8d950"}</jsonData>
        <dataName isNull="true" />
        <description isNull="true" />
        <guid>guid:15a62ef9377e491f:4e08e6d0:1944b4fac42:-2768</guid>
        <versionId>52c1ffe1-c975-47e1-a5c9-c2910a5cb5b9</versionId>
        <definition>
            <property>
                <name>_api_Porocila_VnesiPorocilo_PUT</name>
                <description>Success</description>
                <classRef>/12.1a427c8f-b090-45c3-a66a-27436f06af1e</classRef>
                <arrayProperty>false</arrayProperty>
                <propertyDefault isNull="true" />
                <propertyRequired>false</propertyRequired>
                <propertyHidden>false</propertyHidden>
                <annotation type="com.lombardisoftware.core.xml.XMLFieldAnnotation" version="2.0">
                    <exclude isNull="true" />
                    <nodeType>1</nodeType>
                    <name isNull="true" />
                    <namespace isNull="true" />
                    <typeName>GenericResponse</typeName>
                    <typeNamespace>http://www.ibm.com/xmlns/prod/bpm/bpmn/ext/externalservice/swagger/xsd/7673e481-a671-44c2-a6a0-ec0260ab1ee0.xsd</typeNamespace>
                    <minOccurs>0</minOccurs>
                    <maxOccurs>1</maxOccurs>
                    <nillable>false</nillable>
                    <order>1</order>
                    <wrapArray isNull="true" />
                    <arrayTypeName isNull="true" />
                    <arrayTypeAnonymous isNull="true" />
                    <arrayItemName isNull="true" />
                    <arrayItemWildcard isNull="true" />
                    <wildcard isNull="true" />
                    <wildcardVariety isNull="true" />
                    <wildcardMode isNull="true" />
                    <wildcardNamespace isNull="true" />
                    <parentModelGroupCompositor isNull="true" />
                    <timeZone isNull="true" />
                </annotation>
            </property>
            <annotation type="com.lombardisoftware.core.xml.XMLTypeAnnotation" version="2.0">
                <exclude isNull="true" />
                <anonymous isNull="true" />
                <local isNull="true" />
                <name>_api_Porocila_VnesiPorocilo_PUTResponse</name>
                <namespace>http://www.ibm.com/xmlns/prod/bpm/bpmn/ext/externalservice/swagger/xsd/7673e481-a671-44c2-a6a0-ec0260ab1ee0.xsd</namespace>
                <elementName isNull="true" />
                <elementNamespace isNull="true" />
                <protoTypeName isNull="true" />
                <baseTypeName isNull="true" />
                <specialType isNull="true" />
                <contentTypeVariety isNull="true" />
                <xscRef isNull="true" />
            </annotation>
        </definition>
    </twClass>
</teamworks>

